country,contents
코타키나발루,"코타키나발루 여행 정말 좋았습니다:3박 5일 여행 일정 내내 날씨도 쾌청했고, 무엇보다 친절하고 열정적인 킹콩 가이드님을 만나
안전하고 재미있게 관광을 마칠 수 있게 되어 고맙게 생각합니다. 
당당한 체구에서 품어져 나오는 우렁찬 목소리가 좋았고,
우리를 챙기느라 식사도 제대로 못하시고 동분서주 하시는 모습에서
프로의 기운을 느낄 수 있었습니다.
다음에 아이들까지 데리고 한번 더 다녀오고 싶습니다.  "
코타키나발루,"코타키나발루 김재훈 가이드님 감사합니다. (1):극성수기라 비싼 가격에 망설였던 가족여행인데 끝내주는 풍경과 날씨, 멋진 리조트와 알찬 선택관광으로 모두 행복한 시간을 보냈습니다. 특히 김재훈 가이드님의 친절한 설명한 꼼꼼한 일정운영 및 멋진 사진들을 찍어주시는 세심함에 더욱 즐거운 여행이 되었습니다. 여러 가족과 팀별 일정을 챙겨주시고 아이들과 시어머니께 의미있는 투어를  추천해주셔서 더 좋았습니다. 가이드님! 항상 건강하시고 저희 가족들의 추억 속에 가이드님이 오래 계실 것 같아요. 항상 건강하시고 행복하세요."
코타키나발루,"David(김재훈) 가이드님과 함께한 즐거운 코타키나발루 여행★:(가이드님이 찍어주신 베스트 컷 beatiful sunset in Kotakinablu)
일정:
첫째날: 툰구압둘라만 해양공원(스노쿨링 및 씨워킹(선택관광)->반딧불 투어
 - 가이드님을 따라 안전하게 이동하여 아무사고 없이 재미있게 스노쿨링과 해수욕을 할 수 있었습니다.
 - 반딧불 투어는 가장 인상적인 투어였습니다. 배를 타고 맹그로브 숲을 지나가며 가이드님이 비춰주신 불빛을 따라 너무나도 이쁜 반딧불들이 마치 동화속에 온듯 황홀한 광경을 볼 수 있었습니다.
둘째날: 키나발루산 국립공원(선택관광)->나이트 투어(선택관광)
 - 바다에서 실컷 놀고 키나발루산 국립공원에서는 맑은 공기를 마시며 아름다운 경치를 볼 수 있었습니다.  가이드님이 사주셨던 파인애플도 너무 달콤하고 맛있었습니다. 이 뿐만 아니라 공원안에 있는 유황온천에서 잠깐 휴식을 취하며 족욕을 했을때 피로도 풀 수 있어서 너무 좋았습니다.
 - 세계에서 가장 아름다운 코타키나 발루의 sunset에서 멋진 사진들을 남길 수 있었습니다. 또한 멋진 공연과 함께한 저녁식사, 가이드님께서 서비스로 사주신 새우 회 까지, 잊을수 없는 밤이였습니다. 숙소를 들리기전에 필리피노 마켓에서 맛있는 coconut milk 한잔은 서비스..
셋째날: 시내관광->쇼핑센터방문
 - 사비주 청사를 들르면서 코타키나발루에 이렇게 멋진 건물이 있는지는 생각을 하지 못했던 순간이였습니다. 자연관광뿐만아니라 도시적인 모습도 보여주는 아름다운 섬이라고 생각이 들었습니다. 
 - 쇼핑센터 방문에 좋은 인식을 갖지 않았었지만, 이번 기회를 통해 처음으로 쇼핑을 잘 했다고 생각이 들었습니다. 가이드님께서는 절대 강요는 없으셨고, 해당 제품의 간략한 설명과 소개를 통해 제품의 이해를 도와주셨고, 제가 필요한 물건을 살 수 있어서 너무나 좋은 시간이였습니다.
  호텔 및 식사
퍼시픽 마젤란
 - 시내쪽에서 약간 들어간곳에 위치하여, 굉장히 조용하고 아름다운 풍경을 갖고있습니다. 호텔 룸도 너무 고급스러웠고 주변 수영장 시설도 좋았습니다.
호텔 식사
 - 모두 친절한 호텔 직원들 덕분에 항상 기분좋은 아침으로 시작할 수 있었습니다. 한식만큼 완벽한 식사는 아니였지만, 종류가 다양했고, 정성들인 식사라는 느낌이 들 정도로 괜찮았었습니다. "
코타키나발루,"최고의 코타키나발루 여행~ (1):세계 3대 석양이라는 코타키나발루에 꼭 가고 싶었었는데
노랑풍선을 통해서 즐겁게 다녀왔어요
호핑투어, 반딧불투어, 시티투어까지! 일정도 너무너무 좋았습니다 ^^
특히 스카이가이드님! 관광객이 많아서 힘드셨을텐데 끝까지 열정적인 모습 정말 보기 좋았습니다.
또한 이동하면서 들려주신 이야기들도 살아가면서 피가되고 살이될거같아요
말레이시아에 대한 관심도 많이 생기게 되었어요 다음은 쿠알라룸푸르로 도전을 해보겠습니다!
아무래도 패키지다 보니 가족단위가 많은데,, 두명의 20대 여성을 잘 챙겨주셔서 둘다 감동하고 갑니다,,ㅠ^ㅠ
좋은 친구와, 좋은 가이드님이 함께여서 제일 즐겁고 기억에 많이 남는 여행이였던거 같아요
다음에 패키지를 이용한다면 꼭 노랑풍선을 이용하겠습니다! 귀국하고 해피콜이 온것도 정말 감동받았어요~
그리고! 가이드님 사진도 너무 잘찍어주셔서 감사합니다!
행복한 한해 보내세요 2020년의 출발을 행복하게 만들어주셔서 감사합니다! 

   "
코타키나발루,"코타키나발루 이윤재 가이드님 감사합니다~^^ (1):3박 5일 일정으로 코타키나발루 다녀왔습니다~ 엄마&세자매 이렇게 4명이서 처음으로 여행을 떠났습니다.
이윤재 (Henry) 가이드님이 일정 진행해주셨어요~~
가장 기억에 남는것은, 아무래도 코타키나발루가 썬셋으로 유명하다보니까~ 이쁜 썬셋 배경에서 사진 찍는것을 굉장히 기대하고 갔는데요!! 가이드님이 꽃이랑 풀같은 것도 다 손수 준비해오셔서 소품으로 들고 포즈, 구도 이런것두 다 짚어주시면서 이쁘게 여러장 아주 많이 사진을 예쁘게 찍어주셨어요ㅋㅋㅋㅋㅋㅋㅋ 정말 좋았아요~~ 사진 전문가시더라구요~ 저희 뿐만 아니라 저희 팀의 다른 모든 분들도 신경써서 다 찍어주셨어요 정말 대단하세요~~
그리구 반딧불 투어!! 이것두 가이드님이 반딧불이를 저희 곁으로 직접 불러내는거더라구요. 팔 아프실텐데 투어하는 한시간 내내 팔을 휘저으시며 열심히 불러주셨습니다. 저희는 덕분에 반딧불 투어 너무 잘했어용 ㅠㅠ 깜깜한 밤에 반딧불이의 불빛이 정말 예뻤어요~~  
저희는 노쇼핑으로 자유일정이 포함되어 있었는데요~ 유명한 곳, 쇼핑하기 좋은 곳 등등 가보면 좋은 곳을 직접 추천해주셨고, 한국어로 명소가 표시된 지도도 보내주셔서 자유일정도 아주 알차게 보냈습니당! 저희는 마사지도 받고 싶었는데, 코타키나발루가 특히 호객행위가 심하더라구요.. 근데 가이드님한테 부탁드렸더니 검증되고 좋은곳으로 예약해 주셔서 아주 만족스럽게 잘 받고 왔어요~!!
가이드님이 특별히 신경을 많이 써주셨고, 이것저것 잘 챙겨주셔서 좋았습니다. 버스 이동할 때나 시티투어할 때 아주 쉴새없이 재밌는 얘기와 설명을 열심히 해주셨어요. 입담이 장난 아니십니다~~ 아주 빵빵터져욧ㅋㅋㅋㅋㅋㅋ 덕분에 더 재밌는 여행이 되었습니다~!!!! 넘 감사드려용~^0^"
코타키나발루,"잊지못할 코타키나발루:첫 말레시아여행
세라가이드님 덕분에 편안하고 즐건 시간이었습니다
설명도 재미나고 즐겁게 스케줄도 프리하게 넘 편하게 보냈습니다
우기로 유명한 선셋을 못봐 아쉽지만 곧 보러 가야겠습니다
유쾌상쾌통쾌 세라가이드님 감사합니다"
코타키나발루,David(김재훈)가이드님 덕분에 넘 행복한 코타키나발루 여행이었습니다!:코타키나발루로 힐링을 하러 여행 계획을 세웠는데 처음가는거라 패키지를 했습니다 근데 데이빗 가이드님이 배정되서 정말 넘넘 다행이라고 생각해요 혼자 여행와서 좀 위축?된 느낌이 있었는데 아침에 픽업하러 와주실때는 밥은 잘 먹었는지 잠은 잘 잤는지 물어도 봐주시고 정말 감사했습니당 이동할때 마다 재치있게 설명해주시고 다양한 지식도 알려주셨어요!! 그리고 일정 소화하시는 능력이 짱짱! 편하게 일정 소화할 수 있었습니당 역사 선생님 하시면 짱일거 같아요ㅎㅎ 저의 첫 패키지 여행이 데이빗 가이드님이라 행복했습니당 !!!!!!!!!!!!
코타키나발루,"코타키나발루 너무 좋았어요~ (다니엘 가이드님):코타키나발루는 뭔가 환상속의 섬같은 느낌이었는데 호핑투어한 섬 자체가 정말 좋았어요 바다색이며 하늘색 아주 멋졌어요
마무틱 섬으로 갔었는데 얕은데도 물고기가 엄청 많고 갑자기 물고기 떼가 나타나기도 하고 바닥에서 곰치인가.... 비슷한 알 수 없는 물고기도 봤어요
스쿠버다이빙도 했는데 처음이고 수영 못한다고 했더니 스쿠버 알려주시는 분이 친절하게 설명도 여러번 해주셨어요 덕분에 안전하고 재미있게 바닷속도 보고 왔습니다~
비가와서 반딧불들이 움직임이 적었지만 다니엘 가이드님이 반딧불들을 유혹하느라 쉬지않고 내내 계속 움직이시더라구여 대단했어요 저희는 편하게 앉아서 감상만 했어요
날씨운이 따라주지 않아 그림과 같은 선셋을 볼 수는 없었지만 마지막날 다니엘 가이드님이 사진 끝장나게 찍어주셨어요 ㅋㅋㅋㅋ
내가 본 선셋은 이게 아니었는데 사진으로는 이야~~ 화보 찍어주신다더니 진짜 화보 찍어주심ㅋㅋㅋㅋ
아재개그는 어쩔 수 없었지만ㅋㅋㅋ 심리테스트랑 이동과정에서 쉬지도 않으시고 앞에서 계속 심심하지 않게 이런저런 얘기해주셨어요
패키지는 가이드 운이 따라줘야 한다던데 전 이번에 운이 있었나 봅니다
강다니엘 아니죠~ 다니엘은 장다니엘!! 가이드님 수고 많으셨습니다!!
지인도 1월에 코타키나발루 가겠다며 난리가 났습니다~
 "
코타키나발루,"코타키나발루 여행 조아!!:이번 코타키나발루여행 시작부터 좋았어요.
비행기표를 운좋게 비상구좌석으로 편하게 출발했네요.
넥서스리조트 첫날밤 방에 침대가 투배드라 첫날은 그냥 자고,
다음날 바꿔달라 햇더니 2층으로 옮겼는데 더 깨끗하고 좋더라구요.
시설이 오래되긴 했지만 직원들도 친절하고
조식도 맛이 괜찮았어요.
리조트 수영장, 주변경관, 바닷가에서 수영도 하고 즐겁게 보냈어요
이틋날 산호섬 구경도 잘했고 해산물 바베큐도 맛있게 잘 먹었어요.
선택관광(ATBT와 맹그로브) 은 가성비는 별루였어요. 제공하는 식사도 비빔밥,한식부폐 별로였어요.
반딧불체험은 오랫만에 어린시절로 돌아간 기분
이번여행 그래도 전반적으로  즐겁게 잘 다녀 왔습니다.
감사해요 노랑풍선."
코타키나발루,"코타키나발루 가족여행은 안전하고 행복합니다.(with Simon 가이드님):저는 아들셋과 코타키나발루 여행을 (전체 5명 성인2명 아들 3명 ^^)
10월 13일부터 17일(3박5일간)까지 다녀왔습니다.
  징검다리 휴일이 다 지난후 가게된 여행이라 크게 붐 빔 없이 잘 다녀 왔구요
  1일차 10월13일(일) 출발-> 밍가든 호텔 도착
1일차는 가는 날이어서 비행기 타고 목적지인 코타키나발루 밍가든 호텔 도착
인천공항에서 들뜬 가족과 함께, 밥도 든단하게 먹고 비행기 타고 코타키나발루 고고씽~~~
  2일차 10월14일(월) 호핑투어 시작 / 오후 자유시간
섬에는 배타고 이동해서 들어가기전 섬위치와 각 섬들의 특색 및 각종 설명
그리고 안전하게 호핑할 수 있도록 사이먼 가이드님과 현지가이드께서
저희들 자리를 지켜주셔서 물건등 분실 없이 편하게 물고기를 만났습니다. ㅋㅋ
그리고 이번에는 해양 액티비티로 씨워킹을 했는데요
우려와 달리 안전하고 재미있게 체험했습니다.(아이들의 자랑거리 1개 추가요)
특히, 막내는 몸이 작아서 수중헬멧이 몸을 덮네요 ㅋㅋ, 현지 스쿠버다이버들이 안전하게
1인씩 붙어 있어서리 즐겁게 체험할 수 있었습니다.
물도 많고 물고기도 많고 니모도 바글바글한게 아이들에게는 정말 좋은 체험인거 같네요
  2일차 오후 자유시간(이마고몰 탐방) / 3일차 오전 자유시간 (시내 이펑라작 고고씽)
2일차 오후에는 GRAB 택시를 타고(저희는 인원이 5명이라 6seat 선택) 이마고 쇼핑몰가서
민속 공연도 보고 저녁으로 소울드아웃이라는 식당에서 거하게 식사를 했습니다.
쇼핑몰 걷다가 다리아파서 쉬엄쉬엄 돌아다닌게 얼마만인지 엄청 큰 쇼핑몰입니다.
(그랩택시는 밍가든에서 9링깃 약 2700원이면 할증 없이 안전하게 이동할 수 있어 좋았었습니다.)
  3일차 10월15일(화) 오전 시내투어/ 오후 선셋 앤 반딧불이 투어
시내투어도 Grab 택시 불러 고고씽 (역시 가격은 9링깃) 유명한 국수집 이펑라작 찾았으나 헐~~
쉬는날인지 사정이 있는건지 암튼 문 닫아서 그 옆옆 맛집으로 고고씽
맛있는거 추천받고 주문했는데
가운데 보이는것이 3인분인데 점원들이 추가로 더 시키지 말라는 말을 무시하고
우리 가족은 2가지 더 시켰네요
다 못먹고 남겼습니다. (양이 어마무시합니다._먹방 찍어도 될듯 ㅋㅋㅋ)
너무너무 맛있었습니다.
  3일차 오후 선셋 앤 반딧불이 투어 시작
선셋 투어는 배타고 이동합니다. ^^
모두모두 구명조끼는 필수이죠
석양 포인트 찾아가서 인생샷 엄청 찍었네요(모두모두 직접 찍은 사진입니다.)
대포 사진기 가져오신분이 부러울 정도로 눈으로 보기에도 아름다운 장소 였네요
게다가 운이 좋아서 우기임에도 날씨가 기가막히게 화창해서 좋았습니다.
반딧불이는 사진촬영이 금지되어 있어서 반짝반짝 반딧불이는 눈과 마음속에 저장했습니다.
  4일차 시내투어(중국사원/ 구청사등)/ 야시장 구경
마지막날 우기랑 만났네요 비가 갑자기 많이 와서 모스크사원은 가장가까이 가서 차안에서 보고
중국사원으로 가서 설명들으며 화교가 말레이시아에서의 영향력이 얼마만큼인지 설명을
듣게되었습니다.
비가 오든 말든 아이들은 신났네요 (우기여도 비는 길어봐야 1시간안으로 끝나네요)
야시장에서 사이먼 가이드님이 제공해주신 얼음망고 주스를 마시며 야시장 투어시작
그리고 와이프는 맛사지 받으러 가고
저는 큰아들과 이제 한국가면 공부 더 잘하자 하며 석양을 보며 맘을 다 잡았습니다.^^
  항상 이동할때 사이먼 가이드님의 안전을 강조하는 꼼꼼한 모습이 참 좋았구요
함께한 일행분들도 모두모두 좋으신 분들이어서 안전하며 행복한 여행이 되었던것 같습니다.
  그리고 말레이시아는 태형제도가 있어 아이납치나, 음식가지고 장난치다 걸리면
아주 큰 벌을 받는 제도가 있어 ㅋㅋㅋ(우리나라에도 필요함) 더더 안전하게 다닌것 같습니다.
  특히, 사이먼 가이드님 공항가서 스타벅스/ 맥도날드등에 가서 무조건 자리잡고 쉬시다 들어가야하는다는 명언
명불허전이네요 코타키나발루 공항 내에 출입국 통과하면 쉴 곳이 없는 단점이 있으니, 최대한 밖에서 쉬시다
들어가셔야 합니다.
  다음에는 이 루트 뿐만 아니라 새로운 루트로 도전해보고 싶네요
가족여행으로는 최고의 선택이라고 생각합니다.
감사합니다. ^^
세번째 노랑풍선 가족여행을 기다리며, 수원사는 삼형제 아빠가^^"
코타키나발루,"코타키나발루 여행 '봄' 가이드님 덕분에 너무 즐거웠습니다.:'봄' 가이드님 덕분에 너무 즐거운 4박6일 일정이 되었습니다.
다음헤도 코타키나발루 여행 시 '봄'기이드님이 진행해주시면 좋겠브니다."
코타키나발루,"코타키나발루 넥서스 리조트 (1):날씨운이 좋아서 밤에만 비온덕에 아름다운 석양...  캬~~~~~~~~~   죽여줍디다....
다녀봤던 동남아중 동남아 냄새도 덜나고 영어도 통해서 아주 편하게 놀다 왔어요...
약간의 관광과 하루종일의 자유시간... 패키지지만 자유롭게 놀수 있는 시간이 있어... 수영장 해변 물놀이에 완전 만족스런 여행이었습니다.
넥서스 리조트는 기대를 않하고 간터라 다른이들의 글에 비해 화장실 물도 잘내려가고 깔끔한 정도는 되었어요...요것도 뽑기운이 좋았는지 모릅니다...
다만, 가이드님은 딱히 우리에게 해준게 없네요...버스태워준거 외엔...
다행히 제가 기본 여행영어정도는 되어서 직접 알아보고 찾아보고 고쳐가며놀다 왔네요....
가이드님의 징징거리는 투덜거림은 참 별로였어요.... 쇼핑강요는 없어서 그나마 다행이었어요...
그외엔 아주 만족한 여행이었습니다...
매년 노랑풍선 패키지로 여행다니는데, 매번 만족스러워요......내년엔 어디로 가볼까나?????? ㅎㅎㅎㅎㅎ"
코타키나발루,"코타키나발루 정말 최고의 여행이었어요~! 세라 가이드님두용~~!:패키지 이지만 자유일정이 같이 있는 세미 패키지 여행으로 다녀왔어요.
밤 비행기로 도착해서 피곤하였는데, 밝은 기운의 가이드님을 만나 편하게 호텔로 이동하였습니다.
3박 5일 여행일정 내내 세라 가이드님 덕분에 몰랐던 지식도 알게되고, 너무 즐거운 여행이었어요~
특히나, 가이드님 스스로 즐기시면서 밝게 가이드해주시는 모습이 인상 깊었습니다.
엄마와 처음 하는 해외여행이었는데, 패키지일정으로 편하게 여행하고, 자유일정때는 맛집도 가보고 쇼핑도하고
너무너무 좋은 여행이었어요~! 엄마가 200% 만족하십니다!ㅎㅎ
가이드님 덕분에 좋은 추억 만들다 가요~ 감사합니다! 늘 건강하세요 세라가이드님!ㅎㅎ"
코타키나발루,"코타키나발루 여행 (1):늦은새벽 도착한 코타키나발루에서 마주친 DAIVD가이드님 덕분에 근 3박 5일간 즐거운 여행이 되었습니다.
이것저것 궁금한것 부터 시시콜콜한 설명까지 덧붙혀 주시면서 이야기속의 새로운 즐거움을 알 수 있었습니다.
  출발전부터 말레이시아 날씨 때문에 걱정이 많았으나 지나고 보니 날씨정보와는 다르게 좋은날씨인건 여행하시는분들 및 이를 인솔해주시는
가이드분들의 노고에 답을 주는것만 같았습니다.
  근 3박 5일간 DAVID가이드님과 함께한 여행 즐거웠습니다. 감사합니다!"
코타키나발루,"데이빗 가이드님과 함께한 코타키나발루 첫여행 (1):설렘반 두려움반으로 시작한 첫여행은 패키지로 선택하였는데, 패키지는 가이드를 잘만나야 한다는 말을 들어서 걱정이 많이 됬는데 데이빗가이드님의 설명도  좋으시구 유쾌하시고 잘챙겨주셔가지구 너무 기억에 남을 것 같아요~ 저한테는 가이드님 중 넘버원인듯 합니다!
휴양지 같은 경우에는 패키지로 다녀오셔도 자유일정도 중간에 주어지고, 선택관광으로 하고싶은 일정은 가이드님을 통해 추가해서 시간맞춰 가시면 되니까 편리하고 좋은것같아요
호텔은 밍가든 호텔에서 3박일정이였습니다. 솔직히 처음에는 코타키나발루의 냄새가 베여있는듯해서 뭐지? 싶었는데 계속 있다보니 정들었네요 수영장도 있고 잠깐 외출하고오면 호텔이 깔끔히 청소되있어서 몇번 놀랐습니닼ㅋㅋ 개인금고 사용말고 캐리어에 귀중품보관하세용
2일째 산호섬갈때 보트 너무 재밌어요 저 모자 날라갔어요 모자랑 선글라스 가방에 넣어두세요ㅜ!!
또 저랑 친구는 선택관광으로는 마사지랑 반딧불투어를 하였는데 마사지는 오일로 쎄기를 조절해서 할 수 있어요 너무 시원해서 팁도 드렸답니다
그리고 무엇보다 한국말 잘하세요 마사지는 전신으로 받으시길~
반딧불투어는 개인적으로 매우 기대하고 갔는데 중간에 선셋 볼 시간 주시는데 진짜 여러분 꼭 보셔야해요. 전 다시가도 볼꺼예요
반딧불투어때 배타고 너무 깊게 들어가는것같아서 좀 무서웠는데 여러 반딧불이를 보니 새삼 아름다웠어요 근데 아쉬운건 제손으로 안왔다는점.
자유일정때 워터프론트에서 노을과 해변을 보며 맥주를 마시고 마지막으로 쌍천 씨푸드 가서 먹었는데 행복했습니다.
블루모스크는 사진찍는게 돈주고 찍거나 해야한다고해서 버스에서 보는시간이 있는데 버스에 밀착해서 찍으면 사진잘나와요 가이드님이 웃기게 설명해주셔서 저도 사진찍었네요ㅎㅎ
패키지 음식 중에는 개인적으로 마지막 된장찌개 맛있었네요 한국생각나구ㅋㅋㅋ현지식은 저랑은 안맞는듯 해요^ㅡ^
저랑 친구에게 중간중간 꿀팁도 알려주시고 정보도 많이 알려준 데이빗 가이드님 너무 감사해용
덕분에 코타키 나발루에서 잊지못할 추억을 남기고 다시 일상으로 돌아가야한다니ㅠ 첫여행이라 더 뜻깊고 기억에 가장남을것같아요"
코타키나발루,"데이빗 가이드님과 함께한 코타키나발루 3박5일 (1):이번에 친구들과 함께
처음으로 패키지 여행을 코타키나발루에 다녀왔는데요 ~ 처음이라서 너무 일정이 빠듯하진 않을까 ..걱정도 됬고궁금하기도 했었는데 우선 안내해주시는 데이비드 가이드님이 이곳에 역사부터 장소설명을 상당히 재치있고 재밌게 해주셔서
이동하는내내 지루할틈이 없었어요 !
그동안 잘 모르고 지내온 말레이시아에 대한 정보와 지식도 쌓이고 즐거운 여행이었습니다 ~~~ 어떤 여행사 후기글을 보면 몇몇 가이드분들이 기념품 강매에 대한 글도 많이봐서.. 사실 편견도 적지않게 있었는데 이분은 글쌔 저희에게 부담을 1도 안주셔서 ...
정말 덕분에 이번휴가는 성공했다는 생각이 들었어요 ! 가이드님 감사해요
노랑풍선 데이비드
강추드립니당!!!"
코타키나발루,"데이빗 가이드님과 재밌었던 코타키나발루 : D (1):친구들과 함께 떠난 첫 커플여행!ㅎㅎ
다 직장인들이라 시간 맞추기 힘들었던만큼 기대 많이많이하고 갔어요ㅎㅎ
사실 패키지랑 자유중에 고민 많이했는데 이번여행은 패키지 하기 잘한거같아요!
가이드님이 넘나 좋았음!
사실 첫인상은뇨.. ㅎㅎㅎㅎ 조금 무서웠는데
알고보면 쿨내진동하면서도 츤데레이신 데이빗 가이드님덕에 5일동안 넘 잘놀다왔어요 ㅎㅎ
평소에 역사에 관심이1도없는 저희인데 말도 재밌게 잘해주시고 귀에 쏙쏙박히는 설명에
말레이시아에 대해서, 그리고 코타키나발루에 대해서 지식을 쌓고온거같아 알찬기분이 드네용 
코타키나발루 선셋이 유명하다해서
많이 기대하고 갔는데
날이 흐려서 선셋을 못볼수도 있단말에 속상했는데
너무 예쁜섯셋과 함께 데이빗가이드님이 인생샷까지 남겨주셨어요ㅎㅎㅎㅎ
사진을 정말 잘찍어주셔서 같이 간 친구들 모두 만족!  : )
궁금한거 있으면 잘 해소되도록 대답해주시고,
귀국할때 꿀팁까지 전수해주셔서,
조금 많이 피곤할수도 있었던 귀국길도 좀 더 편하게 올수 있었어요 :D
경력이 많으신 만큼 아는것도 많으셔서 인솔받는 여행객들은 좀더편하게 여행할수 있을거란 생각이 드네요!
 5일내내 해가 쨍쨍한 날이 별로 없어서 아쉬웠지만,
행복했던 여행이었어요ㅎ_ㅎ
   "
코타키나발루,"David 가이드님 덕분에 환상적인 코타키나발루 여행 잘 다녀왔습니다.:친구들과의 자유여행은 몇번 가봤지만 엄마를 모시고 가는 해외여행은 처음인지라 패키지 여행을 선택할 때 많이 고민했습니다.
여행 전 포털사이트들을 보면서 여러 패키지관광에 대한 불만글들을 보며 걱정 아닌 걱정을 많이 했었는데 그 걱정들은 기우에 지나지 않을 정도로 데이빗 가이드님 덕분에 환상적인 코타키나발루 여행 잘 마치고 왔습니다. 자유시간 틈틈히 숙소에 있을때마다 엄마랑 아 이번 가이드 정말 잘 만났다 좋은분이다 라고 입이 마르게 칭찬했던 기억이 납니다. ^^ 엄마가 선셋포인트에서 찍어주신 사진을 정말 좋아하세요. 가이드님이 찍어주신 선셋포인트 사진을 저희집 거실에 액자로 걸어두려고요 :)
버스 이동시간 틈틈히 말레이시아 이야기, 이런저런 이야기도 많이 해주시고 가이드님 유머러스한 입담 덕분에 여행 내내 유쾌하게 보냈습니다. 혹시 궁금한거 더 없는지도 물어봐주시고..ㅎㅎ 여행 전엔 코타키나발루가 말레이시아에 있는지도 모를정도로 말레이시아, 코타키나발루에 대해 지식이 전무했었는데 가이드님 덕분에 많이 알아갑니다. 말레이 뿐만 아니라 다른 여행지엔 어딜 가는게 좋은지 추천도 많이 해주셔서 다음 여행을 갈때 참고하려고요.
엄마와의 첫 해외여행에 행복한 추억을 선물해주셔서 정말로 감사드립니다. 다시 한번 코타키나발루에 갈 기회가 생긴다면, 혹은 제 지인이 코타키나발루 패키지 여행을 가게된다면 데이빗 가이드님과 꼭 함께했으면 좋겠습니다.
흔히들 해외여행을 다녀오면 그 기억으로 살아간다고 하는데 이번 여행으로 엄마와 저에게도 일생을 살아갈 또 하나의 환상적인 추억이 생긴것 같아 굉장히 행복합니다. 언제나 가슴속에 이 행복한 추억을 간직하고 있을게요. 감사합니다 ^^"
코타키나발루,"크리스 가이드님과 함께하는 코타키나발루 (2):대학교에 들어가고 여름방학이 시작되었을 때 친구와 한번쯤 해외여행을 가고싶어 코타키나발루에 다녀왔습니다.
항상 가족끼리 해외여행을 다니다가 친구랑 처음 가보는 해외여행을 코타키나발루로 정했을 때 제가 꼭 가보고싶은 나라에 포함되기도 했고 선셋이 그렇게 유명하다고 해서 한번 보고싶기도 해서 너무 기대가 되었습니다.
정말 한달전부터 가서 무엇을 입고 자유시간에 어디를 가서 뭘 할지 엄청 고민했었어요 그러다가 떠나기 하루 전날 코타키나발루 날씨를 검색해보니 전부 낙뢰 낙뢰 낙뢰.. 거기다가 대구 날씨는 비온다고 되어있어 진짜 못가면 어떡하지 라는 생각에 우울해하고 있었는데 다행히 오후에는 대구에는 비가 그치더라구요
그렇게 비행기를 타고 코타키나발루로 떠났습니다! 
코타키나발루 공항에 딱 도착을 했는데 사람이 너어어어무 많았어요
진짜 저희 짐찾고 나오는데 2시간정도 걸린걸로 기억해요ㅠㅠ
그렇게 피곤한 상태로 공항에서 나와서 저희 호텔인 수트라하버퍼시픽에 도착을 해서 정신없이 잠들었습니다
다음날 아침 피곤하지만 눈을 떠서 창밖으로 뷰를 봤는데 너무 예뻤어요 지금까지의 호텔중에 제일 예뻤던 뷰..? 그만큼 예뻤어요!
  일정 중에 툰구 압둘라만 해양공원으로 갔는데 바다가 너무 맑고 예뻤어요! 막 찍어도 사진이 엄청 잘나오더라구요ㅜㅜ
또 반딧불투어도 했는데 손으로도 잡아보고 느낄 수 있어 너무 좋았어요 반딧불 반짝반짝 너무 예뻐요
일정은 자유시간이 있어서 힘들지 않았고 여기저기 둘러볼수있는 시간을 마음껏 가질 수 있어서 너무 좋았습니당
저희는 자유시간에 그랩을 이용해 이마고몰도 가보고 필리피노 마켓 등 여러곳을 가봤습니다
필리피노 마켓에서 망고스틴을 사먹었는데 진짜 가격도 싸고 맛도 엄청 달달하고 진짜 최고였어요ㅠㅠㅠㅠ 망고스틴 먹으러 다시 코타키나발루 갈 수도 있을것같아요ㅠㅠㅠㅠ 망고스틴 최공
그리고 제가 제일 보고싶었던 선셋!!
다른 말 필요없습니다 그냥 코타키나발루 가세요 여긴 진짜 최곱니다. 말문이 막힐정도로 예뻐요
왜 세계 3대 선셋으로 유명한지 알 것 같아요 매일 보고싶습니다ㅜㅜ
그리고 크리스 가이드님! 진짜 너무 좋았습니다ㅜㅜ
버스타고 이동하는 시간에 가이드님도 힘드실텐데 정말 쉬지않고 재미있는 이야기도 해주시고 코타키나발루에 관한 이야기도 해주셔서 너무 감사했어요
덕분에 버스에서도 지루하지 않았고 많은 지식도 얻어갈 수 있었습니당!!!
그리고 시장에서 저희한테 망고주스도 사주셨어요! 첫날 가서 먹다가 시장에 있는 아기한테 망고주스 뺏겨서 조금 우울했는데 마지막 날에도 사주셨어요 가이드님 진짜 센스 최고
또 제일 좋았던건 가이드님 사진 엄청 잘찍어주셔요..... 진짜 사진보고 완전 반했어요
가이드님 덕분에 인생사진 여러장 건져가요! 지금까지 패키지로 갔던 여행 중에서 크리스 가이드님이 제일 재미있고 많은 이야기도 해주시고 사진도 제일 잘찍어주셨어요
크리스 가이드님 최공 감사합니다
다음에 또 코타키나발루 갈 일이 있다면 또 크리스 가이드님께 가이드 받고싶어요!
진짜 너무너무 수고하셨고 감사했습니다
다들 힐링하러 코타키나발루 가세요><"
코타키나발루,"너무 만족스러웠던 여행 코타키나발루 BOM 가이드님 감사합니다.:  3박 5일 여정으로 친구와 급하게 코타키나발루로 여름 휴가를 다녀왔습니다.
말도 안되는 상황으로 인해 3일 전에서야 노랑풍선을 통해 부랴부랴 예약하고 떠나게 된 여행!
출발 전부터 급하게 정한 여행이라 친구와 둘이서 많이 불안불안해 했답니다.
그런데 웬걸!!  코타키나발루에서 있었던 3박 5일은 정말 꿈만 같았어요~
코타키나발루는 자주 비가 내린다고 들어서 걱정했지만! 날씨도 정말 화창했고~
비는 잠깐 내리고 금방 그쳐서 여행하는데 아무런 문제가 되지 않았아요~
그리고 운이좋게도 노랑풍선에서 기존에 에약했던 리조트도 무료 업그레이드도 시켜주셔서 정말정말 숙소도 마음에 들었답니다!!
그리고 무엇보다도!! BOM 가이드님을 만나서 행운이었어요~!!
여행을 떠나기 전부터 여행 후기 글들을 많이 읽어봤었는데 어떤 가이드를 만나느냐에 따라 여행이 달라진다는 후기들이 많았어요.
그런데 정말 그 말이 맞는거 같아요!!
BOM 가이드님 너무나 밝고 유쾌하셨고~ 여성 가이드셔서 그런지 정말 세심하시고 꼼꼼하게 챙겨주셨어요.
현지에 대해서 정말 모르는게 없으셔서 정보도 많이 알려주시고~ 무엇보다 저희들하고 소통을 많이 해주셔서 좋았어요!!
저희는 BOM 가이드님하고 너무 잘 맞아서 이야기도 많이 나누고 정말 여행 친구를 만난 기분으로 함께 다녔어요~
혹시 코타키나발루로 여행하시는 분들이 있다면 BOM 가이드님을 적극 추천드립니다!!
BOM 가이드님 덕분에 코타키나발루에서 좋은 추억 많이 쌓고, 다치지 않고 안전하게 잘 다녀올 수 있었던거 같아요.
코타키나발루에 꼭 다시 가고 싶은데 그때도 꼭 BOM 가이드님과 함께 할 수 있었으면 좋겠어요.
코타키나발루에서의 반딧불 투어, 맹그로브 숲에서 봤던 야생 악어, 압둘라만 해양 공원에서 했던 씨워킹과 제트스키~
모든 체험들이 완벽했고 너무 재밌었어요~!!  특히 개인적으로 직접 몰아보는 제트스키 정말 강추입니다!!
코타키나발루 정말 한여름 밤의 꿈같은 여행이었습니다.
     "
코타키나발루,"데이비드(김재훈) 가이드님 덕분에 즐거운 코타키나발루 여행이었습니다!!!:안녕하세요 7/15~7/19 3박5일동안 코타키나발루 여행 다녀왔습니다~
모녀끼리 하는 첫 해외여행이었는데 친절하신 데이비드 가이드님 덕분에 정말 알차게 손해보는 것 없이 잘 다녀온 것 같아요!!!!
4일동안 궁금한 것들 꼼꼼히 대답해주시고 힘드실텐데 짜증 한 번 내는 모습 없이 잘 이끌어주셨습니다ㅠㅠ
유머감각도 있으시고, 역사 이야기나 모든 방면에 대해서 재밌는 설명 덕분에 이동 중에도 지루하지 않았어요!
특히 반딧불이 투어하실 때 빛 비추시는 현란한 손놀림 덕분에 원 없이 이쁜 반딧불이들도 많이 봤어요^^
시간도 유동적으로 잘 조절하시고 특히 사진 찍는 기술이 짱짱이세요!!!
덕분에 인생샷 몇장 건졌씁니다 감사합니다 >_<
엄마와 일정 마치고 호텔 돌아가서 쉴때마다, 데이비드 가이드님이 배정되어서 정말 다행인 것 같다고 여러번 서로 얘기나누기도 했었어요 ㅎㅎ
덕분에 즐거운 여행이 되었고 잊지 못할 추억들도 많이 생겼어요
감사합니다!"
코타키나발루,"코타키나발루 권우재 가이드님 감사합니다. (1):  친구들과 함께한 코타키나발루 여행~
패키지의 꽃은 얼마나 좋은 가이드를 만나느냐에 달려있는것 같아요
은근 눈치보게 되는 선택관광과 가이드의 개별적인 여행지식, 매너 등등이 여행의 재미를 가감시킨다는 생각을 갖고 있습니다.
공항에서 제일 큰 목소리로 우리 일행을 알아보던 권우재(션) 가이드님의 첫인상은 맑고 밝았습니다.^^
여행내내 소신있는 가이드님의 말과 행동이 우리를 평안한 여행으로 이끌기에 충분했고
안전하고 재미있고 눈치안보며 휴양지에서의 행복을 만끽하게~ 물심양면 도와주셔서 행복했습니다.
고맙습니다. 다시 만나뵙기를 기도하며 건강하세요~
가이드님이 찍어주신 사진입니다...예술이죠?"
코타키나발루,"코타키나발루 권우재 가이드님 칭찬합니다. (1):6월 26일에 떠난 코타키나발루 호캉스 여행이었습니다.
자유일정이 포함되어 있어서 그시간에 무엇을 해야하나 걱정을 했는데
하루 꽉찬 추천일정으로 보람찬 시간을 보냈습니다.
 사람을 재미있게 해주는 가이드님의 매력에 푹빠져 시간가는줄 모르게 여행을 즐겼습니다.
마음을 편하게 배려해주시고 즐겁게 즐길수 있도록 도와주신 권우재 가이드님 최고입니다.
가이드님을 또다시 만날수 있다면 기꺼이 또 여행을 가고싶네요. 감사합니다."
코타키나발루,"첸가이드님 덕분에 좋은 기억으로 남는 코타키나발루 여행이었습니다:13명 대가족이 이동하느라 패키지 여행을 선택했습니다.
더운 기후라고 각오하고 갔는데 무덥지도 않고 아주 화창하고 좋은 날들이었습니다.
비가 와도 금방 개고, 마지말 날은 늦게까지 비가 와서 일정대로 다 하지는 못했지만요.
패키지 여행은 어떤 가이드를 만나느냐에 따라 만족도가 달라지는데
코타키나발루 첸 가이드님은 고객입장에서 많이 배려해주는게 느겨졌습니다.
친절하고 융통성 있는 업무처리에 역시 프로는 다르구나 싶네요.
일정에는 없는 호텔 석식도 제공해주시고, 마지막 날 망고주스와 코코넛주스도 감사했습니다.
 "
코타키나발루,"코타키나발루~ (1):코타키나발루 여행은 패키지지만 반은 자유같은 느낌으로 다녀올수 있는 곳이라 세번째 방문을 했습니다 .이벤트기간이라 비용도 너무저렴했고 에어서울비행역시 넓은좌석과 친절함으로 첫출발부터 기분이 좋았습니다. 공항에 도착하여 만난 세라가이드님께서 호텔까지 빠르게 안내해주셨고 밍가든호텔도 만족스러웠습니다.
다음날 호핑투어시 보트탑승과 스노클링 시간도 충분하였고 출출할때 점심식사가 준비되어 따로 신경쓸일이 없었고, 호핑후 부터는 자유시간이라 호텔내 수영장이용  가까운곳에 이마고몰이 있어서 저녁식사거리 준비나 쇼핑도 만족스러웠습니다.
다은날은 완전자유 시내구경과 반딧불이체험  야시장 .. 마사지거리까지 모두가 만족스러웠고 다시 또 방문하고 싶은 곳입니다.
노랑풍선께 감사드립니다. 
 "
코타키나발루,"직원 후기 2019.05.22.~2019.05.26. 코타키나발루 여행기:5/22~5/26 에어부산 코타키나발루가 첫 취항하게 되어 코타키나발루 출장을 다녀오게 되었습니다.
  ■ 1일차
-김해공항 개별수속 후 비행기 탑승
BX761 / 19:00 비행기로 탑승하였고, 첫 취항이다보니, 게이트 입구에 피켓이 걸려있고,
에어부산 직원들이 나와 기념 촬영 및가시는 고객을 환대하였다.
5/22 비행기 기종은 A321로  총 195석으로 되어있고, 좌석 배열은 3-3 배열로 되어 있습니다.
2019년 4월부터 에어부산 동남아노선 기내식이 무상제공이 되지않고, 물은 서비스로 제공합니다.
저비용 항공사임에도 불구하고 좌석은 꽤나 넓은 편 이였습니다.
  -코타키나발루 국제공항 도착 후 가이드 미팅 및 숙소 이동 후 휴식
  코타키나발루 공항은 특이하게 입국시,출국시 모두 면세점을 이용이 가능합니다.
도착 이정표를 따라 길을 이동하면 쉽게 입국심사장에 도착 할 수 있습니다.
    [차량은 잘보이기위에 낮에 촬영한 사진을 사용 했습니다]
  총 같이 여행을 한 인원은 15명이었고 차량은 45인승으로 나왔습니다.
말레이시아는 우리나라랑 다르게 운전방향이 달라 오른쪽에 운전석이 있습니다.
가이드 브라이언님과 미팅하여 호텔에 도착하였고 휴식을 취하며 1일차 일정이 마무리 되었습니다.
  ■ 2일차
호텔 방문
-그랜드 보르네오, 샹그릴라 탄중아루, 수트라하버리조트
  그랜드 보르네오 (★★★★)
공항-그랜드 보르네오 약40분 소요 / 그랜드보르네오 - 시내 약 30분 소요 [차량이동기준]
저렴한 실속 호텔을 원하시거나 특급호텔 혹은 리조트 숙박 전 , 늦은 공항에 도착했을때 숙박하시기에 저렴하고 좋은 호텔입니다.
바로 옆에 쇼핑복합시설 및 볼링장,노래방이 주변 부대시설로 있습니다.
  샹그릴라 탄중아루 리조트 (★★★★★)
공항-탄중아루 약20분 소요 / 탄중아루 - 시내 약 15분 소요 [차량이동기준]
코타키나발루에 가시면 한국분들에게 인지도가 있고, 선호 하는 리조트 중 하나 인 샹그릴라 탄중아루 리조트 입니다.
시내와도 인접하기에 위치와 만족도 두마리 토끼를 잡을 수 있는 리조트입니다.
시내관광과 고급리조트에서의 휴양을 즐기실분들에게 추천 드리는 곳 입니다.
    수트라하버 퍼시픽 & 마젤란 리조트 (★★★★★)
공항-수트라하버 약20분 소요 / 수트라하버 - 시내 약 15분 소요 [차량이동기준]
탄중아루 리조트와 마찬가지로  공항과 시내 모두 인접하여  인기 많은 리조트 수트라하버입니다.
쉽게 퍼시픽은 구관 ,마젤란은 신관이라 보시면되며, 마젤란에는 모든 방에 발코니가 있습니다.
깔끔한 시설과 부대시설을 희망하시면 마젤란 리조트를 추천드리며,
특급리조트 중에서도 가격을 고려하시고, 조용한분위기를 희망하시면 퍼시픽을 추천드립니다.
  ■ 중식 후 호텔 방문
-밍가든 , 하얏트 , 넥서스 호텔
      밍가든 호텔 (★★★★)
공항-밍가든 약20분 소요 [차량이동기준]/ 밍가든 - 시내 약 10분 소요 [도보이동기준]
실속과 시내와 근접한 호텔로 한국분들이 선호를 많이 하는 밍가든 호텔입니다.
시내까지 큰 도로 건너면 됩니다.관광위주의 고객님들께 추천 드립니다.
      하얏트 리젠시(★★★★★)
공항-하얏트 약20분 소요 [차량이동기준] / 하얏트 - 시내 약 10분 소요 [도보이동기준]
하얏트 명성에 맞게 내부에 들어가는 순간 모든게 고급스러운 느낌이 듭니다.
수영장은 규모가 작아 아쉽지만, 조식당이라던지,방 안 가구들은 전 세계 하얏트의 느낌을 받아 볼 수있고,
수영장에서는 바로 바다를 볼 수 있습니다.
  넥서스 리조트(★★★★★)
공항-넥서스리조트 약1시간 소요 / 넥서스 - 시내 약 40분 소요 [차량이동기준]
오션파노라마 , 가든뷰 2가지 타입이 있는 리조트 입니다.
공항과 시내는 거리가 멀지만, 자연친화적인 리조트의 모습, 바로 앞 해변가가 위치하기에
리조트 내부에서도 너무나도 아름다운 선셋을 볼 수 있습니다.
여기에는 물왕도마뱀도 같이 살고있어 보시면 깜짝 놀라실 수 있습니다.
  ■ 석식 후 리조트 투숙
  저녁은 숙소인 샹그릴라 라사리아 리조트 야외 뷔페식으로 먹었습니다.
다양한 음식과 코타키나발루의 노을을 감상하며 식사를 했습니다.
  ■3일차
라사리아 리조트 부대시설체험 [트래킹코스,골프장,리조트]
    아침 5시30분에 기상하여 라사리아 트래킹을 체험 했습니다.
너무 피곤했지만 선셋과 반대인 일출을 보니 아침 일찍 일어 날때 피곤함이 눈 녹듯이 사라졌습니다.
트래킹을 하다보면,다양한 동식물들을 볼 수 있고, 그중에 뱀,전갈,원숭이를 목격했습니다.
안전은 안전요원들이 같이 동행하기때문에 걱정안하셔도 됩니다.
정상에 도착하여 빵,과일로 음식을 드시고 내려오면 트래킹코스와 살고있는 동식물들을 전시관에서 볼 수 있습니다.
    트래킹 후 리조트 조식으로 아침을 먹었습니다.
라사리아에는 가든윙과 씨뷰윙 2가지가 있는데, 씨뷰윙에 이탈리안 레스토랑에서 조식도 뷔페로 먹을 수 있습니다.
한적한 분위기에 주문해서 먹는 아이스아메리카노는 정말 맛있습니다.
    샹그릴라 라사리아 리조트
공항-라사리아리조트 약1시간 소요 / 라사리아 - 시내 약 40분 소요 [차량이동기준]
넥서스와 마찬가지로 자연친화적인 대표적인 리조트 라사리아 입니다.
아직 한국인관광객은 많이없고 서양 관광객들이 주로 많이 투숙합니다.
아이들을 위한 놀이시설,승마,자전거,VR 등 다양한 부대시설이 있고, 해변가가에서 선셋을 보는것도 정말 아름답습니다
  ■3일차
중식 후 라군 파크 시설 체험, 선셋 보트투어, 반딧불이 투어 진행 후 석식, 호텔 투숙
  중식은 라사리아 리조트 이탈리안 레스토랑에서 먹었습니다.
아직 테스트 단계인 고기샐러트,깍두기, 파전과 파스타, 후식까지 모두 맛이 좋았습니다.
한국요리는 특히 맛이 너무 좋아 물어보니,한국인쉐프가 있고, 반응이 좋아 차후에 판매 계획도 있다고 합니다.
      중식을 먹고 액티비티를 할 생각이 설레임이 가득 하여 도착하였습니다.
도착해서 미술에 소질이 없는 저도 쉽게 할 수있는 바틱체험을 했습니다. 촛농으로 테두리가 있어 물감이 번지지않고
색칠만하시면 이쁜 그림이 완성이 됩니다.
이후 수영복으로 옷을 갈아 입고 브롭점프, 바이퍼 ATV카 3가지를 체험 할 수 있습니다.
한국에서는 대기 줄도 많고, 금액도 상당히 높은 편이지만 여기선 무제한으로 즐길 수 있습니다.
하실때 구명조끼 필수착용하고, 안전에 꼭 주의해야합니다.
    액티비티 활동을 마치고 샤워실에서 간단한 샤워 후 코타키나발루에 가면 꼭 봐야할 선셋을 구경하러 갑니다.
스피드보트를 타고 약 15분정도 탑승하여 이동하면 선셋을 볼 수 있습니다.
사진으로 꼭 담아야하며, 눈으로 담으면 더욱 더 아름답습니다.
  선셋 후 반딧불이투어를 갔고, 반딧불를 보기위해서는 휴대폰을 꺼내면 안되기에 안타깝게도 촬영은 하지못했으나
너무나도 신기하고 아름다웠기때문에 코타키나발루에가면 강력 추천드립니다.
다녀온 후 저녁은 라군파크에서 뷔페식으로 먹었고, 한식으로 제공되며 특히 여기선 제 입맛엔 마파두부가 제일 맛있었습니다.
  ■ 4일차
오전 자유시간 후 시내관광 , 쇼핑센터 방문, 석식 후 공항이동
  시내관광은
사바 주청사 - 이슬람사원(차창관광) - 제셀론포인트-불교사원 순으로 관광했습니다.
  사바 주청사는 독특한 건축물 구조로 사진찍는 명소로 자주 들린다고해요.
보는시각에따라서 건물이 피사의사탑 처럼 휘어져 보인다고합니다.
  제셀론포인트는 최초로 영국인들이 상륙했던 선착장이며, 호핑투어할때 이곳에서 보트를 타고 호핑포인트로 이동한다고합니다.
  불교사원은 이슬람국가임에도 불교하고 종교의 자유가 있어 특별한 곳이기에 꼭 한번씩 들린다고 합니다.
      필리피노 마켓
동남아시아에 가면 그 나라의 시장을 꼭 가는게 여행의 묘미 입니다.
여기선 과일,먹거리,기념품 등 다양하게 판매하고 있고, 숙소 가기전 과일 사러 들리면 딱 좋은 관광지 같습니다.
단,동남아시아는 환태평양조산대에 위치하기때문에 일반적으로 시장에서 음식을 드시게되면 석회물질이 들어 가 있어
우리나라분들 몸에는 잘 맞지않아 배탈이 날 수 있으니 조심해야합니다.
      마지막날 저녁은 중국식 씨푸드 레스토랑에서 식사를 하였습니다.
중국식 생선요리,찜새우,닭튀김 등 육해공을 다 즐길 수 있는 요리들 이였습니다.
특유의 중국 향신료의 맛이 느껴졌지만 다양한 음식을 드실 수 있다면 좋은 음식들인거 같습니다.
    공항에 도착하여 B게이트에서 수속을 빠르게 마치고 간단한 입국심사를 마치고 안으로 들어가니,
처음에 봤던 입국했을때 가게들이 그대로 있어서 ,정말 신기했습니다 . 혹여나 기념품을 구매 못 했으면,
면세점 안에도 일반가게들과 기념품가게들이 있으니 구매하면 좋을 것 같습니다.
    이번에 에어부산 첫 취항 기념 코타키나발루를 보면서 느낀점은
 여러 동남아시아를 관광을 다녔지만 이렇게 노을이 이쁜 곳은 처음이고, 아직까지도 기억에 남습니다.
사진조차도 그냥 휴대폰카메라로 버튼만 눌렀음에도 불구하고 이쁜사진이 즐비합니다.
거기다가 바쁜일상 속에 살아가는 한국분들이 가까운 동남아 고급 리조트에 가서 , 휴양과 자유시간을 즐기다가
오후에는 액티비티 활동에 , 시내관광까지 인접, 거기다 석양과 밤이 아름다운 곳, 코타키나발루에 꼭 놀러 가셨으면 좋겠습니다.
가족,친구,연인 모두가 가기 좋은 코타키나발루 꼭 추천합니다
   "
코타키나발루,"코타키나발루 여행 후기 (1):그동안 자유여행만 다녀서 기대반 우려반이였습니다.
결과는 남녀노소 7명이 한꺼번에 움직이려니 패키지가 정답이였습니다.
레온(?)가이드님에 맛깔스런 현지해설과 사진 찍어주기 강매하지 않는 쇼핑까지 모두 만족했습니다.
적당한 자유시간과 티켓팅 및 쾌적한 현지버스 이동은 여행이 질이 틀려지더군요..
날씨가 너무 좋아서 호핑투어,선셋투어,반딧불이투어,시내 투어 모두 만족합니다.
호텔 룸 컨디션이 좀 안좋았던건 아쉽지만 그래도 나머지가 커버됩니다.
장모님도 만족해하는 코타키나발루 잊지 못할 추억이 될꺼같습니다^^"
코타키나발루,"션 가이드님과 함께한 코타키나발루 가족여행 (1):코타키나발루로 처음 가족 여행을 가면서 사실 큰 기대 안하고, 쉬고, 체험하고 ,안전하게 다녀오기만 생각하고 출발했어요 ~
저희 담당가이드 """"션 """" 가이드님께 너무 너무 감사해요~~ 하나부터 열까지 안전과 힐링이 되는 여행을 너무 잘 챙겨 주셨어요~
3박5일이 너무 짧았다는 느낌을 저희 가족 모두 느꼈습니다~**
울 아들은 ""쎤"" 가이드 삼촌이랑 ""코타키나발루""에서  살고 싶다고 하고~ 내년에도 이곳에 오자고 난리입니다~^^
패키지라 ~ 힘들줄 알았는데 정말 정말 부담 안가게, 편하게 여행을 진행해 주셔서 감사해요
역사, 종교,시민의식, 아이들에게  교육적면과, 체험학습면 너무너무 좋았습니다~
가까운 시일내~ 또 뵙고 싶네요~~^^
즐거웠고, 많은걸 보고, 느끼고, 생각하게 해주신 """"션"""" 가이드님 너무 감사합니다~!!!^^
사진도 너무 감사해요~~^^"
코타키나발루,"코타키나발루_알리가이드 감사해요 (1):휴양목적으로 갔던 코타키나발루 여행
(아이가 어려서 패키지 선택)
알리가이드님의 코타키나발루 관련 역사, 문화 등 여러가지 이야기를 해주셔서
이동간에도 많은 정보를 얻을수 있어서 좋았습니다.
(물론 졸기도 많이 졸았지만요)
휴양목적이였지만 액티비티도 있어서 아이가 더 즐거워했어요
또한 가이드님이 추천해주신 마사지는 그동안 쌓인 피로를 풀어주기에 충분했어요
휴양+액티비티 두가지를 다 경험하게 해주신 가이드님 감사하고
코타키나발루 다시 갈때 또 뵈면 좋겠습니다.
감사합니다."
코타키나발루,"인경은 담당자님 정말 감사합니다!/ 코타키나발루 알리가이드님 감사합니다!:안녕하세요.
저는 얼마전에 아버지와 함께 코타키나발루로 여행을 다녀온 여행자입니다.
당시 아버지가 여권을 놓고 오시는 바람에 여행을 못가게 될수도 있는 상황이었습니다.
다행이 노랑풍선 미팅부스에 직원분이 담당자님과 항공사쪽에 양해를 미리 구해놓으라고 하여
담당자인 인경은님께 연락을 드리게되었습니다.
진짜 정말 감사하게도 인경은 담당자님이 당황한 저를 다독여주시며 침착하게 알려주신덕분에
긴급여권으로 아버지와 여행을 즐겁고 재밌게 다녀올수있었습니다.
만약 인경은 담당자님을 만나지 못했더라면, 인경은 담당자님이 침착하게 알려주시지 않았더라면
최악의 여행, 기억하고싶지않은 여행이 될뻔했는데
인경은 담당자님이 잘 알려주시고 안내해주신 덕분에 아버지 긴급여권 사고는 웃으면서 말할수있는 이야기가 되었습니다.
내일처럼 이리저리 알아보고 알려주시고 챙겨주신 인경은 담당자님 정말 고맙습니다.
인경은 담당자님 덕분에 노랑풍선에 대한 인식이 달라졌습니다.
여행 다녀온뒤로 노랑풍선을 주변에 추천하고 권하게 되었습니다.
인경은 담당자님 정말 글로나마 다시한번 감사인사드립니다.!
정말 감사합니다. 
  ---------------------------------------------------------------------------------------------
코타키나발루 알리(어경선) 가이드님!
아버지랑 여행했던 여행자입니다^^
밤늦게 도착한 저희 기다려주셔서 감사합니다~
여행하는 내내 친절히 안내해주시고 알려주시고
가족단위 손님이 많았는데 아이부터 어르신까지 친절히 상냥히 유머러스하게 대해주시는 모습이 정말 인상깊었습니다.
설명도 재밌게 해주시고 호핑투어도, 반딧불이투어도 시내투어도 정말 재밌었습니다.
아버지도 재밌었다고 너무 즐거웠다고 하셨습니다.
알리 가이드님이 즐겁고 행복한 여행으로 이끌어주셔서 너무나 감사합니다.
다음번엔 다른가족들도 같이! 알리가이드님이 안내해주시고 인솔해주시는 코타키나발루로 또 가고싶습니다.
주변에 코타키나발루 꼭가보라고, 알리 가이드님과 함께하라고 추천하고 다닙니다^^
노랑풍선은 인경은 담당자님, 알리가이드님 같은 훌륭한 분들이 계셔서 더 번창하리라 믿습니다.
두분 정말 고맙고 감사드립니다!
몸건강하시구 항상 행복하세요! 
 "
코타키나발루,"모녀여행으로 떠난 코타키나발루~ 박병민(로빈)가이드님 최고!!!:선셋과 반딧불로 유명한 코타키나발루~^^
엄청 저렴하고 즐겁게 놀다왔어요~
  몽땅드림 상품이라 호핑이며 반딧불 시내투어 모든게 다들어있는데도 가격이 너무 저렴해서 원없이 즐기다 왔습니다~
저렴하다고 퀄리티가 떨어지는거 전혀 없구요!!
  노랑풍선은 담당 상담원님도 가이드님도 너무나 다 친절하세요~~!
여행도 즐거웠지만 박병민 가이드님이 즐겁게 이끌어주셔서 너무나 더 즐거웠습니다. !!
  이번 여행은 모녀여행인데 엄마의 첫 해외여행이라 신경쓰이는 것도 많고 엄마가 재밋게 지내실지 걱정이 많았는데요.
저희의 일정동안 함께 해주셨던 박병민(로빈)가이드님
패키지인원이 20명이상의 많은 인원이라 제대로 여행을 못하지 않을까  걱정이 되었었는데
박병민가이드님의 리더쉽으로 엄청 편하고  즐거운 여행할 수 있었습니다.
이동시간내내 재밋는 이야기, 역사이야기 등등 엄청 유쾌한 입담으로 즐겁게 해주셔서
여행내내 웃으면서 다녔습니다!
지루하지않게 퀴즈 게임으로 먹거리도 사주시고 엄청 고객들을 잘챙겨주시는 가이드님이셨습니다.
특히 코타키나발루하면 선셋인데.. 선셋사진 엄청 잘찍어주시고,
바닷물에 옷이 다 젖고있는데도 고객들을 위해 사진을 정성스럽게 찍어주시는 모습에 정말인지 너무 감동적이였습니다.
박병민 가이드님을 만나서 정말 코타키나발루에서 좋은 추억을 쌓고 왔습니다~^^
호핑투어 때 바다의 모습...정말 코타키나발루 물고기 정~말 많아요~^^
씨워킹했었는데 강력 추천! 엄청난 물고기를 볼 수 있었어요...
      제설턴포인트~~
너무 이뻐요 ^^ 바다와 멋진 건물들, 그리고 요트들이 잘어우려져서 한폭의 그림같아요 
    대망의 선셋~~시시때때로 계속 변하는 모습이 정~말아름다워요
선셋은 3일내내 꼭 매일봐야해요~ ㅎㅎㅎ
    코타키나발루 저도 엄마도 모두 만족한 최고의 여행이였습니다 !!
강력추천해요~~^^
     "
코타키나발루,"코타키나발루 3박5일 여행:1일차  너무 늦게 도착해서 조금 힘들었습니다.
2일차 호핑투어 음식은 그냥그냥 했고 선셋은날씨가 안좋아서 별로였습니다.
반딧불은 예쁘긴했으나 비가와서 조금 그랬습니다.
3일차 용미만투어 하루종일 먹었습니다. 너무먹었습니다.
아침 조식먹고 ,점심 삼겹살.. (별로),저녁 칠리게,코코넛빵 등 (맛있음),이것저것 게속먹었습니다.
4일차 시티투어 이거는너무시간이아까웠습니다. 크게 살만한 상품도없었지만 해외와서 이런데 돌아다니는게 별로였습니다.
먼가 4일차는 하루 날리는기분이였습니다.
  가이드는 SKY 가이드 
여행사로 여행 한건처음인데 가이드가 잘했다못했다는 판단을못하겠습니다.
하지만 여행하는동안에 즐겁게 잘해주시고 사진도 잘찍어주시고 
이것저것 고맙고 손님들에게 친절하게 가깝게 다가가서 
그냥 괜찮았던것 같습니다.
  ※상품 가격이 너무비싸게 느껴졌습니다.. 조금더가격이 저렴했으면 하는생각이 많이 들었습니다.
  전반적으로 돈도많이쓰고 재밋게놀다왔습니다.
가이드도 잘해주고 이것저것 팁 도알려주고 추후 자유여행으로 한번더 방문해도 
괜찮을거 같다는 생각이 들게된 여행 이였습니다.
 "
코타키나발루,"코타키나발루 여행 덕분에 잘 하고 왔습니다!:처음에 한국에서 노랑풍선 미팅 후에 자유롭게 공항으로 들어가서 코타까지 가고, 코타 공항 앞에서 가이드분이 
바로 안내해 주셔서 너무 좋았습니다! 입국하시고 유심을 사서 끼우실 분들은 빨리 오셔야 할 것 같아요 ㅎㅎ 저희도 빨리 나온다고 나왔는데 저희가 제일 늦어서 진짜 허겁지겁 유심을 산 것 같아요 그때까지도 기다려 주셔서 너무 감사했습니다!
호텔까지 안전하게 대려다 주시고, 호핑투어도 재미있게 다녀왔어요 생각보다 씨워킹같은 선택관광을 하시는 분들이 적더라구요 저는 씨워킹 했는데 진짜 너무너무 추천해요! 처음에 조금 무섭긴 했는데 들어가니까 재미있더라구요 현지분들이 안내도 잘 해주시고 무엇보다 대부분 장난끼 많으시고 친절하신 거 같아요 ㅎㅎ 그리고 중간에 없는 일정도 권유해 주시더라구요 자유일정이 많은 패키지인지라 가이드 분께서 돌아다닐때만 다니면 할게 없다고 하시면서 설명을 정말 잘 해주셨어요 덕분에 라쿤 파크에 가서 재미있게 놀았어요 여기는 샤워시설은 잘 안되어 있어요,, 바로 강이나 바다로 흘러가는 거라서 물로만 씻으라고 하더라구요 그리고 에릭 가이드분!!!! 진짜 너무너무 친절하시고 덕분에 자유일정때도 맛있는 맛집을 찾아다니면서 잘 다녔어요!!! 빅 추천!!!! 코타 한번은 꼭 가봐도 좋을 것 같아요 덕분에 즐겁게 행복하게 여행하다 왔어요! 수트라로 묶으실 예정이시라면 마젤란으로 가세용 ! "
코타키나발루,"코타키나발루 여행기:지루하고 피곤할 것만 같던 패키지 여행이였으나 처음보는 엄청난 뷰와 가이드님의 엄청난 콜라보레이션으로 인해 너무 즐겁게 여행을 다녀왔습니다.
사진을 찍으면 항상 굳어 있기만해서 사진찍는 것을 그닥 좋아하지는 않았으나 션가이드님은 손잡고 같이 걸어가는 모습 대화하고 있는 모습등 뒤에서
찍어주셔서 개인 카톡으로 보내주시고 안보이는 곳에서도 고객님의 만족도를 높여주기 위해서 애쓰는 모습이 진짜 멋있었습니다.
일에대한 열정 또한 대단하시고
첫 패키지 여행이라 중요하다 생각했는데 정말 잘 리드해주시고 안전교육또한 잘해주셔서 같이간 곧 결혼하는 사랑하는 약혼자와 여행가신분들이 안전하고
알차게 여행하고 온것같습니다.^^ 한국 오시면 아니면 코타키나발루에 재방분하게되면 다시한번 뵙고 싶습니다. ^^"
코타키나발루,"코타키나발루 얼마나 재밌게요?^^ with HANA 가이드:코타키나발루, 얼마나 재밌게요?^^
  고등학교 시절 한 기숙사에서 동고동락했던 친구들이 서로 다른 대학을 가자 만날 기회가 적어졌습니다. 학년이 높아지면 각자 더 바빠질 게 뻔했기에 알바와 다른 약속들을 제쳐두고 이번 겨울방학에 어디든 같이 떠나기로 했습니다. 추운 겨울, 따뜻한 나라를 찾다 선셋이 가장 아름답다는 코타키나발루를 가기로 했습니다. 친구들과 해외로 떠나는 여행은 처음이었기에 설레면서도 각자 일상에 치여 여행일이 다가오는지도 모르고 D-day를 맞았습니다. 5시간 반을 날아 착륙을 하자 스멀스멀 후덥지근한 기운이 느껴졌습니다. 가이드님을 만나 통성명을 하고 호텔로 향했습니다. 가이드님 이름이 HANA였는데 아무 생각 없이 친구들에게 “하나님하고는 내일 다시 보는 거지?” “하나님 톡방에 초대했어?” 라고 할 때마다 친구들이 웃었는데 영문을 모르다 다음 날 ‘하나님’이란 말 때문에 그랬다는 것을 알아챘습니다.ㅋㅋ
  Day 2
도착한 날은 숙소에 도착하자마자 피곤해서 잠들고 다음날 아침은 호핑투어를 하러 툰구압둘라만 해양공원으로 향했습니다. 선착장에서 가이드님이 사진을 찍어주셨는데 그 때 찍힌 사진을 보고 사진은 걱정 안해도 되겠구나 싶었습니다:)
선착장 앞에서★(사진이 돌아나오네요 ㅜㅜ)
  원래는 스쿠버다이빙을 하려고 했는데 가이드님의 설명에 홀려 페러세일링과 씨워킹을 하기로 했습니다. 평소에도 페러글라이딩이나 스카이다이빙을 하고 싶었던지라 기대했는데 시원한 바람을 느끼며 진짜 하늘을 나는 기분이었습니다. 마지막쯤엔 바닷물에 퐁당퐁당 질질질 끌려가며 한국보다 3배나 높은 바닷물도 맛봤습니다. 배 기사님들이 예쁜 사진도 많이 찍어주셔서 너무나 만족스러웠습니다. 씨워킹은 처음 보는 것이었는데 스폰지밥에 나오는 다람이 캐릭터가 쓰는 어항같은 것을 머리에 뒤집어쓰고 4m 아래로 내려가는데 안쪽에는 물이 하나도 들어오지 않아 참 신기했습니다. 눈 앞에서 수십 수 백마리의 물고기들이 보이는데 너무나 진풍경이라 입이 떡 벌어졌습니다. 흰동가리와 사진도 찍고 말미잘도 만져봤는데 촉수에 깜짝 놀라기도 했습니다ㅋㅋ 이 모든 장면들을 영상과 사진으로 남겨 CD로 전달받아 집에 돌아와 가족들에게 보여줄 수 있는 점도 너무 좋았습니다.
인스타용으로 딱 좋은 사진:)                                                                              ♥니모와 찰칵♥
해양 액티비티를 모두 마치고는 점심식사 후 액션캠을 들고 스노우쿨링을 했습니다. 분명 여행오기 전 목욕재계를 마치고 왔음에도 불구하고 분홍 물고기 한 마리가 제 다리를 집요하게 공격하는 바람에 여행 중 모기, 벌레 한 번 안물린 제가 물고기에 의해 8방을 물리게 되었습니다ㅋㅋ 숙소에 돌아오는 길에 가이드님이 비싸거나 언제 만들었는지 모르는 마트보다는 가성비도 좋고 깔끔한 잡화점에서 여러 기념품들을 살 시간을 마련해 주셔서 유명하다는 카야잼과 사바티, 떼놈커피 등 여러 가지를 구매했습니다. 무엇이 맛없고 맛있는 지도 다 가려서 추천해주셔서 쉽게 고를 수 있었던 것 같습니다.
  숙소에 돌아와 씻은 후 지친 몸을 풀어주기 위해 마사지를 받기로 했습니다. 한인이 운영하는 샵이라 더욱 안심되고 마사지샵까지도 데려다주셨기에 더 편하게 다녀올 수 있었습니다. 마사지도 시원했는데 간지럼을 많이 타는 편이라 오일마사지는 좀 간지러웠습니다ㅎ
마사지샵이 워터프론트 쪽이라 그 근처에서 저녁을 먹었는데 시간이 너무 늦은 바람에 선셋은 보지 못하고 밥만 먹게 되었습니다. 가이드님께 어디서 밥을 먹을지 추천받아 이곳저곳 돌아다니다 찾은 식당에서 배터지게 먹었는데 가격도 나름 괜찮고 식당 분위기도 너무 좋아서 다음날 저녁도 그 가게에서 먹었습니다.
밥을 다 먹고 주변을 구경하는 데 아주 큰 야시장이 있기에 구경해보니 각양각색의 과일을 한국에서는 상상도 할 수 없는 저렴한 가격에 팔고 있었습니다. 마지막 날에 가는 야시장과 동일한 곳이었는데 그 때 당시에는 저희가 알아서 발견한 줄 알고 매우 신나했습니다ㅋㅋ
람부탄, 망고, 망고스틴 등을 사가지고 숙소에 돌아와 손질 후 맛있게 먹었습니다.
  Day 3
3일 째 일정은 자유일정이었기에 아침에 호텔수영장에서 수영도 하고 근처 탄중아루 해변에서 놀며 선셋도 보고 돌아다녔습니다. 가이드님께서 추천해주신 호텔 옆에 있는 가게에서 카야 토스트와 여러 음식을 먹어보았는데 평소 코코넛이 조금 느끼하다고 생각했던 마음이 완전히 바뀌었습니다. 버터와 합쳐져 완전히 단짠 단짠의 신세계였습니다. 점심에도 사먹고 그 다음날 아침에도 사먹고 한국에 돌아와서도 해먹을 정도로 푹 빠져버렸습니다.
  호텔도 깔끔하고 방음도 잘돼서 좋았습니다. 이 때 사람도 없어서 신나게 놀았어요!
  Day 4
마지막 날은 사바주청사, 블루모스크 앞에서 사진을 찍고 워터프론트 근처에서 자유시간을 가진 뒤 한국으로 돌아오는 비행기를 타는 일정이었습니다. 각 장소에 관련해서 설명도 듣고 포토타임도 가졌습니다. 블루모스크는 더 안쪽으로 들어가서 사진을 찍고 싶었는데 앞에서 찍어도, 안으로 들어가도, 히잡도 모두 돈을 받는다기에 멀리서만 찍은 것이 좀 아쉬웠습니다.. 워터프론트 근처에서 자유시간을 가질 때는 이틀 전에 저녁을 다른 식당에서 먹고오는 바람에 과일만 사가서 타이거새우가 발목을 잡았던 기억에 다시 야시장으로 가 타이거 새우와 랍스타, 형형색색의 물고기를 먹었습니다. 한국에서는 잘 맛보지 못한 것들을 저렴한 가격에 배터지게 먹을 수 있어 좋았습니다.
이 여행이 좋았던 것은 우선 자주 보지 못하는 친구들과 며칠이라도 하루 종일 붙어있을 수 있다는 점, 경험하지 못한 것들을 하고 한국에서 먹지 못하는 것들을 저렴하게 많이 먹을 수 있다는 점이었습니다. 처음에는 자유여행을 생각했다가 부모님의 반대로 패키지를 선택하고도 조금은 걱정했지만 자유일정도 적절히 섞여있었고 무엇보다 가이드 ‘HANA’분이 각 관광코스마다 자세한 설명을 해주시고 무엇을 사갈지, 먹을지에 대한 추천도 잘 해주시고 강매도 없어서 너무나 좋았습니다. 단체 카톡방을 만들어서 궁금한 것들을 바로바로 물을 수도 있었고 공항에 도착해서도 바로 헤어짐이 아닌 같은 패키지 사람들과 친해질 수 있는 시간까지 마련해주신 가이드언니가 플러스 알파역할을 톡톡히 해주셨습니다.
행복했어요! 코타키나발루♥"
코타키나발루,"코타키나발루 안젤라가이드님과 행복한여행후기입니다:이번 여행은 안젤라 가이드님과 함꼐여서 정말 행복한 여행이였습니다 ,
사실 아이들이 있어서 패키지가게 되면 옵션도 많이 못하게되고 뭐이리저리 눈치볼때가 많았고 실은티 팍팍내시는 가이드님도 아주 많아서 슬쩍 걱정했는데 정말이지 그 많은 여행을 하면서 안젤라 가이드님이 정말 최고였어요 . 가이드가 아닌 인간적으로 저희를 포함 모든 여행객들에게 정말최선을 다하셨고 ..날씨가 그렇게 더워도 인상쓰시는거 한번 못봤어요 ㅜㅜ 저희가 시간을 조금 늦게 도착했는데도 오히려 저희 아이들 다칠까 걱정해주시고 ㅡㅡ 정말 저렇게 마음 착하신 가이드님 처음봤어요 , 사실 코타는 볼게 많이 없었던 여행지지만 가이드님 덕분에 저희 정말 행복하고 지루할틈없이 지내고 왔습니다 . 애들때문에 맛사지는 거의 포기하고 있었는데 가이드님이 한시간반씩 두번이나 애들 다 봐주시고 애들 눈높이에 맞춰 뛰어놀아 주시고 ㅜㅜ 저희 애들도 선생님 손잡고 집에올때까지 헤어지기 싫어했어요 ... 그냥 하나부터 열까지 정말 정성으로 저희와 함께 해주셨어요 ... 가식이 아닌 그분의 진심 ,, 아마 저희와 함께 한 모든 일행들이 같은 마음일꺼라고 생각해요 .. 지금은 다른 여행객들을위해 열심히 뛰어디니실꺼 생각하니까 정말 그분들도 가이드님 잘 만나서 행복하겠다 싶은 생각이 들어여 ... 정말 감사했습니다 ^^"
코타키나발루,"코타키나발루 여행후기 및 Tip!!!무조건 데이빗이랑 가세요. 후회 안하십니다.:  마젤란 리조트 가든뷰★★★★★
  - 사진은 블로그 참조
시설 청결하고 쾌적합니다.
- 와이파이 : 카톡, 인터넷 서핑, 대용량 다운로드 불가.
220V 바로 사용가능, 한국채널 방송.
내 마트 물품 가격 : 햇반(7,000원) 컵라면(5,000-6000원) 아쿠아슈즈(35,000)
6:30~7:20 사이에 가셔야 좋은 뷰에서 식사할 수 있습니다.
메뉴 샌드위치 버거는 12,000원선입니다.
수심 90M~180M
구명조끼 및 비치타올 무료대여 (룸넘버만 기입하시면 됩니다)
에어컨 자동시스템 : 발코니 문을 여시면 이 자동 정지합니다.
리조트내에 비어펍 있습니다 (가격은 한국과 비슷, 라이브 공연있음)
작은 해변가가 있습니다. 해변모래놀이, 바다수영 가능
  이스타항공★★★★
  -일반좌석이 좁습니다. 비상구 좌석은 유료(25,000~35,000추가하셔야 됩니다)
-기내식이 없으므로 신청은 72시간 이내 전화로 신청해주세요. 여행사 상품은 발권번호가 홈페이지상에서 조회가 안 될 수 있으므로 꼭 전화로 신청하셔야 합니다.
-출발 시 저녁을 안 먹었을 경우, 면세점내의 아워홈에서 한식 먹은 후, 샌드위치 포장 가능합니다.
샌드위치는 서브웨이와 비슷(6~7,000원선)합니다.
-기내에서 닭강정은 예약안해도 바로 구입 가능합니다. 그 외 컵라면(4-5,000원), 미역국밥 황태국밥(컵밥형태 6,000원) 콜라 2,000원선에 판매됩니다.
-위탁수하물 1인당 15kg, 가족합산가능, 액체류 2리터 미만, 개별용기 500ML이하.
  코타키나발루 한인교회(마젤란리조트에서 차로 10분거리)
주일오전 예배 10시, 홈페이지 검색하셔서 목사님께 카톡 연락 드리면 오고 가는 차량을 보내주십니다.
  ★여행일정
1일차 산호섬 호핑투어
2일차 마리마리민속마을, 반딧불투어
3일차 시내관광, 쇼핑, 스파
  여행상품페이지 상에는 1일차 산호섬+반딧불, 2일차 자유여행이었으나 체력상 변경했습니다.
  1일차
  산호섬호핑투어(선택관광추가: 씨워킹, 페러세일링)★★★★★
  수심이 깊진 않으나 물고기보고 수영하는 정도로는 좋습니다. 샤워시설, 화장실은 역시 깨끗합니다.
다만, 다큐멘터리에서 나오는 장면을 상상하셨다면 실망하실 수도 있습니다.
주의할점 : 아쿠아슈즈 꼭 챙겨가세요 (산호에 베이면 생각보다 아픔)
중식은 해산물 뷔페로 나옵니다. 장소 이동 없이 바로 테이블 앞에서 식사할 수 있습니다.
연합상품이라 이동인원이 2-30명이 될 수도 있으나 테이블이 가이드별로 구분되어 있어서
불편한 점은 없었습니다.
중요한 짐은 데이빗이 다 챙겨주므로 걱정하지 않으셔도 됩니다.
현지 링깃이 없으신 경우에는 데이빗이 환전해줍니다.
  <선택관광추천>★★★★★
  씨워킹: 물속에 있는 모습이 담긴 동영상 CD를 한사람당 하나씩 모두 증정합니다. 화질이 좋습니다. 물고기에게 직접 먹이 줄 수 있습니다. 귀가 먹먹할 수 있으나 비행기 이륙시의 강도이므로 괜찮습니다. 잊지 못할 경험이 될 것 같습니다.
패러세일링: 사진은 배에 타고 있는 현지인이 직접 촬영해 주었는데 이 사진이 꽤 멋있습니다. 현지 가이드 동행이라도 괜찮습니다. 기본적인 한국말은 다 한다고 생각하시면 되겠습니다.
  2일차
  마리마리 민속마을 (현지 가이드 ‘예예’님 감사합니다)
  개인적으로★★★★★★★★★★강력추천. (선택관광추가)
  TMI 예예님이 한국말을 너무 잘해서 물어봤더니 드라마 보고 배웠다고 합니다.
내용: 민속음식 및 차 맛보기, 과녁에 화살쏘기, 타투, 불 피우기, 부족 투어, 바투, 공연 등.
사실 재미없을까봐 걱정했는데 너무 신나는 시간이었습니다. 투어 중 그 부족의 특징, 역사와 같은 부분들도 예예가 한국어로 설명해 줍니다. 특히 공연은 45분간 진행되는데 굉장히 드라마틱하고 액티브합니다. 직접 무대에 올라 참여하실 수 있습니다. 역사를 좋아하신다면, 특히 음악하시는 분들은 공연 꼭 보세요.
중식은 뷔페로 제공됩니다. 신선한 과일을 마음껏 드실 수 있어요. 맛 괜찮습니다.
혹시 예예가 볼지 모르겠지만, 너무 고맙고 재밌었고 헤어지기 아쉬웠어요. 또 만날 수 있었으면 좋겠어요. 고마워요!!!
  반딧불투어
  반딧불투어하기 전 액티비티 모두 무료!!!!!!!!
땅콩보트, 점핑플라이, 카약, 물 위 징검다리, 바투(천에 천연물감으로 그리는 것) 등.
샤워실, 탈의실 모두 구비되어있습니다.
가이드별로 테이블 따로 제공. 예쁜 고양이가 많습니다.
석식 역시 뷔페로 제공되며 (한식부페) 테이블 앞에서 바로 세팅됩니다.
우비는 줍니다. 비와도 반딧불 많이 보실 수 있습니다.
데이빗과 함께라면 역시 대기시간 없이, 반딧불 투어도 1등으로 출발 1등으로 귀가합니다.
  반딧불 투어 후 마트에 들르시면 멸치 스낵 많이 사오시길 추천드립니다. 적게 사서 후회중이에요. 너무 맛있습니다. 멸치 스낵은 3일차에는 사실 수가 없습니다.
  3일차 시내관광
  일반 시내관광이지만 데이빗의 센스로 모스크 사원 앞에서 사진도 찍었습니다. 간혹 버스에서 찍었다는 분들도 계신데, 가이드의 센스만 있다면 사실 얼마든지 가능한 부분입니다.
이동하면서 데이빗의 재미있는 이야기를 들으실 수 있습니다. 특히 이슬람 문화와 말레이시아 역사에 관해서는 책에서도 읽을 수 없는 따끈따끈한 정보들이 있으니 꼭 들어보셨으면 좋겠습니다.
석식 : 스팀봇(샤브샤브입니다) 담백하고 맛있습니다.
석식 후 스파 꼭 하고 오세요. 가격도 저렴하지만 무엇보다 밤비행기라 피곤하십니다.
  혹시 쇼핑 일정있는 다른 분들이 계셔서 쇼핑하게 되시면 (원래는 노쇼핑입니다만)
초콜릿 마켓은 가격도 저렴하고 맛이 꽤 좋아서 지인들에게 하나씩 부담없이 나눠드릴 수 있습니다. 설명 듣는 부분이 있었는데, 데이빗은 설명 듣지 말고 바로 시식하러 가게 도와줍니다. 기다리면 줄 선다고.
혹시 라텍스샵에 가시게 된다면 라텍스 온수매트와 U자 베개 강추합니다. 상품은 정말 좋습니다. 라텍스 매트의 경우에는 택배로 받으실 경우에는 10~15일 소요됩니다.
3. 통캇 알리 커피 꼭 사오세요. (데이빗이 설명해주겠지만)
데이빗은 쇼핑이나 선택관광 강요하지 않습니다. 좋은 것, 나쁜 것 설명해주시는 정도입니다.
  마지막으로 데이빗. 친정부모님과 아이 데리고 갔던, 기억하실지 모르겠지만 너무 고마웠어요. 가족들과 함께 한 여행에서 불편하고 힘든 것 없이 잘 다녀올 수 있었던 것이 데이빗 덕분입니다. 좋은 추억 만들어줘서 고맙습니다. 작은 것 하나까지도 배려하시던 모습 잘 기억하고 있을게요.
-"
코타키나발루,"코타키나발루 여행은 HANA가이드님과 함께!!^^:12월20일경 급하게 일정을 잡느라 어쩔 수 없이 패키지로 예약을 했습니다.
패키지는 가이드분에 따라 여행만족도가 많이 달라져 예약 후 걱정을 많이 했는데
운 좋게 쿨한 듯 세심한 HANA가이드님을 만나 즐겁고 안전한 여행하고 돌아왔습니다.
  준비없이 급하게 떠난 여행이라 아무것도 알아보지 않은 체 패키지라는 특성 하나 믿고 여권과 돈만 달랑 챙겨갔던 상황에서
쇼핑목록부터 깨알같이 알려주시구 달러만 준비해간 저희들에게 전재산을 들고 다닌다며.. 링깃 필요하면 언제든지 빌려 쓰라고 ㅋㅋㅋ
말씀해주셔서 처음으로 가이드분께 무이자로 돈까지 빌려가며 신나게 놀았네요~ㅋㅋㅋ
  일정이 끝난 후 카톡으로 귀찮게 질문해도 친절하게 바로바로 대답해주셔서 좋았구요.
일정 중 포토포인트에가면 사진 찍어서 인스타에 올리라고 각팀들 사진도 많이 찍어주시구~ 본인 아이폰으로 찍어서 카톡으로도 보내주시구
길어 보일 수 있도록 최대한 땅에 붙어서ㅋㅋㅋ 땀까지 흘리며 열정적으로 사진 찍어주시는 모습은 인상적이었어요!!(지금까지 가이드 분 중 땀
흘리며 땅에 붙어서 사진 찍어주시는분은 처음 봄..) 정말 3박5일간 열일하셨어요!!
그 덕에 저희는 인생샷 많이 남겨왔네요!! 감사합니다!^^
  섬투어에서는 익사이팅한걸 좋아하는 저희가 놀기엔 그닥... 물창구 몇번치고 사진 몇장찍으면 끝!!
그래서 추천해주신 패러세일링 신청해서 탔는데(강요는 전혀 없었음!! 차라리 강요해서라도 타는게 낫다고 개인적으로 생각함!! ㅎㅎ)
예전 태국이나 사이판에서 탔을 때 보다 훨씬 오래타고 우리 핸드폰을 주면 사진도 알아서 많이 찍어줘요.
가이드분이 타기 전 '퐁당퐁당 많이'라고 얘기하면 많이 해준대서 ""퐁당퐁당 많이많이""라고 외쳤는데 이게 왠걸!!
어마어마하게 담금질 당하고 ㅋㅋㅋㅋ이거 안탔으면 어쩔뻔했냐며!! 같이간 동생과저는 패러세링일 만족도 200% 였습니다.ㅋㅋㅋ
섬투어 가시면 패러세일링은 꼭 경험해보시면 좋을 것 같아요~!!
  그리고 다른후기 보면 마지막날 노쇼핑으로 갔으나 다른팀 쇼핑시간에 차에서 대기했다는 후기를 본적있는데
저흰 노쇼핑으로 갔고 다른상품으로 오신분들과 조인으로 진행했는데도 불구하고 그런거 전혀 없이 각팀의 개인스케줄을 존중해주면서
자유시간을 최대한 활용을 할 수 있도록 도와주셨어요.
  시티투어땐 풍부한 지식은 물론 유쾌한 입담까지 겸비하신 HANA가이드님덕에 지루할 틈 없이 보낼 수 있었구요.
이슬람교는 일부다처제라 싱글인 저희둘에게 희망도 주셨어요..ㅋㅋㅋ
시티투어뿐 아니라 일정내내 유쾌한 입담으로 웃으면서 다닐 수 있었습니다.
아! 그리고 마지막날 저녁만찬에선 가이드님의 사비로 굴전?도 사주셔서 맛나게 잘 먹었습니다~^^
  아쉬운 점이라면 멋진 선셋과 솓아질듯한 반딧불을 보지 못 한점이 가장 아쉽네요.
그건 인력으로 할 수 없는 부분이란걸 알지만.. 아쉬움이 남네요.
그래도 HANA가이드님 덕분에 코타키나발루는 좋은 여행지로..좋은 추억으로 남았습니다.
3박5일간 쿨한듯 하지만 세심하게 챙겨주셔서 감사드립니다!!
기회가 된다면 다시 방문해서 못봤던 멋진선셋과 반딧불 다시 보고싶네요.
HANA가이드님도 다시 뵙구요. 그 땐 제가 시원한 맥주 살게요!!
부디 다시 만나는 그 날까지 스트레스 덜 받고!! 아프지 말고!! 잠 잘자고!! 잘 지내시길 바랍니다.
쓰다보니 주절주절 길어졌지만.
다시한번 HANA 가이드님 좋은 추억 남겨주셔서 감사드립니다!
더 행복하세요~!!^^"
코타키나발루,"코타키나발루 션 가이드님 넘 즐거웠습니다:처음으로 노랑풍선을 통해  코타키나발루를 여행하였습니다 
호텔도 좋았구 일정에 포함된 식사도 맛있었습니다
호핑과 자유일정 뺀 마지막날이 제일 걱정이었습니다 지루할 것 같은 일정인 씨티투어와 마켓투어를 재밌있는 션 가이드님을 만나 정말 즐거운 여행 할 수 있었습니다 이동시 재치있는 입담으로 마지막날의 피곤함과 지루함을 잊을 수 있었고 재밌고 안전한 여행을 할 수 있게 노력해주신 션 가이드님께 정말 감사드립니다 노랑풍선 덕분에 즐거운 여행을 할수있어 좋았습니다"
코타키나발루,"첫 해외여행 코타키나발루! 휴양지로는 최고..:우리가족 첫 해외여행지는 코타키나발루였습니다.
첫 해외여행이라 자유보다는 패키지로 선택했는데 갔다와보니 잘 선택한것 같아요.
수트라 하버 리조트 마젤란 가든뷰로 예약됬었는데 생각보다 가든뷰도 볼만했어요.
창밖으로 야자수가 똵!!!  수영장이 똵!!!
첫 날 도착후 대구-> 인천공항 -> 코타키나발루 공항 -> 수트라하버 강행군으로 지친 몸을 새벽3시에 쉬게 할 수 있었네요.
바로 곯아떨어짐. 
  수트라하버 골드카드가 저희처럼 선택장애(?)가 있는 사람들은 아주 좋더라구요.
리조트 내의 전일정 식사 신경쓸 필요가 없더라구요. 호핑투어는 가이드만 따라다니면 OK!!
그냥 가서 밥먹고, 가이드 따라서 섬에 가서 투어하고...  가이드 추천 패러세일링이 제일 기억에 남네요.
친절한 설명해주시고, 사진도 많이 찍어주신 Ethan  가이드님 고마웠어요~
  코타키나발루와서 가장 좋았던 건 역시 수트라하버 수영장!!!
5개나 있는데 퍼시픽은 멀어서 마젤란과 마리나 쪽 수영장만 이용했네요.
폭포수 수영장엔 미끄럼틀이 있어 재밌어요. 안전요원 눈치보면서 저도 몇번탐(아이들만 가능). 파이브세일즈 앞 수영장은 항상 사람들이 많고, 마리나 쪽 올림픽 수영장은 넓고 사람이 적어요.
특히 올림픽 규격 수영장을 겁도 없이 왕복했다가 허벅지 터지는 줄....
딸과 저는 수영장에서 원없이 놀았네요.
원래 여행 목표가 바다보이는 수영장에서 실컷 수영하고 힐링하는거였기 때문에 소기의 목표는 달성!!
참고로 여기 수영장 전체가 수심이 좀 있습니다. 
깊은데는 1.8m 얕은데가 0.8~9m 니까 애기들은 반드시 구명조끼 입혀줘야해요. 라이프가드가 있어도 안심하지 말고 잘 보셔야 되요.
  반딧불투어는 생략하고 리조트 곳곳을 누볐습니다. 딸래미 보여주고 싶어서 가자고 했건만 그깟 벌레봐서 뭐하냐고...ㅠㅠ (곤충을 싫어함) 
골드카드 이용해서 볼링도 한 게임 쳤는데 딸이 너무 좋아해서 다음날도 갔지만 골드카드 expired 여서 못해서 속상함...
  레이트 체크아웃이라 쇼핑 3시간 정도 돌고 와서 휴식취하다 야시장갔다가 공항으로 갔어요.
현지 야시장과 쇼핑 돌면서 느낀건데 역시 코타키나발루는 리조트 뿐이구나.. 라는 생각이 들었어요.
수트라 하버 리조트 골드카드는 대 만족이었고(엑스트라챠지 없이 모든 식사해결!) 힐링과 휴양에 최적의 리조트라고 생각됩니다.
리조트 안에서 한국사람 반 중국인 반 이어서 야자수랑 스콜 없으면 그냥 한국 휴양지로 생각될 정도...
오히려 한국 지하철에서 외국인을 더 많이 본 건 함정..(이거슨 세계화라고 한다... ㄷㄷ)
  여튼 만족스럽고 즐거운 여행이었습니다.
   "
코타키나발루,"코타키나발루/퍼시픽 숙소는 최고/반딧불이 투어 최악!!:여행사: 노랑풍선
숙소 :수트라하버 퍼시픽 골프뷰(오션뷰는 마젤란. 이곳은 1인당 3만원 추가)
여행경비: 성인 1인당 649,000 아동 429,000 이지만, 우린 큰 놈이 13세인 관계로
방을 두 개 잡아야 편하데서 4인 모두 649,000원 결제.
  추 가: 반딧불이 투어 추가 1인당 8만원
저녁 7시30분 비행기 타고 현지에 12시 넘어서 도착.
도착하자마자 숙소로 이동해서 취침.
  다음날 찾은 수영장. 바로 앞에 프라이빗 해변 갖춘 아름다운 곳. 수영장 아이어른 할 것 없이 놀기 정말 좋고 물도 깨끗하고 벤치도 잘 갖춰서 있음. 구명조끼 수건 대여 무료.
           앞에 프라이빗 해변은 선셋 감상용. 해변 앞에 안전사고 책임지지 않는다고 한글로 쓰여있음.(아무래도 한국인들이 마이 들었갔었던 듯) 
비치바도 있어서 저녁 땐 야자수 아래서 기분좋게 맥주 한잔 할 수 있는 아름다운 곳.
숙소도 깨끗하고 청소상태 위생상태 서비스 좋음. 우린 운좋아서 싱가포르 총리 영접행사와 말레이시아 전통결혼식 구경함.
  둘째 날.. 호핑투어 추가(1인당 8만원) 숙소에서 5분거리 해변으로 보트타고 이동 20인승 안될 듯 작은 보트였는데 뭐 이동하는데 크게 문제 없었음. 아름다운 해변에 도착하니, 해변에 천막과 함께 즐비하게 늘어선 탁자와 의자. 그 자리를 가득 채운 사람들. 정말 거짓말 안하고 8대2 비율로 중국인과 한국인만 있는 듯. 서양사람은 4명 봤고, 일본인은 2명 봤음.
스노쿨링이 주 목적인 해변이고 보트에 매달은 글라이딩 같은 것도 보이고 씨워킹도 있으나 애들이 어린 관계로 패쓰~~
       스노쿨링을 하기 위해 들어간 해변. 사람이 너무 많아서 일단 바닷물 뿌연 상태. 산호가 많은 곳에 물고기가 많았지만, 너무 얕아서 산호에 긁히기 일쑤. 갑자기 다리가 따가워 놀랐는데, 봤더니 산란기였던 물고기가 내 다리를 뜯어먹었음.(경미한 찰과상 정도.... 하지만 깜딱 놀람)
식사는 뭐... 다음 날 있었던 반딧불이 투어에 비하면 양호한 상태...
현지인이 ”띡따하세요~~“해서 가봤더니, 개는 달랑 한쪽.. 더 달라고 했지만 ”한개만!“ 단호한 한국말로 대답
대충 식사 때우고 또 놀고 싶었으나, 바닷물이 생각만큼 깨끗하거나 아름답지 않음.
대략 놀고 2시쯤 숙소로 복귀해서 수영장서 맘껏 물놀이.
  셋째 날... 대망의 반딧불이 투어가 있는 날...
정말 기대를 많이 했는데.. 아이가 ”엄마 반딧불이는 저녁때 보는건데 왜 벌써(2시 집결) 나오라고 해“라고 물었지만, 다른 이유가 있겠지 싶어서 순순히 집결.
           2시 15분에 버스타고 맹글로브 정글 포인트에 도착하니 4시가 다 된 시각. 거리가 멀어서가 아니라 이 호텔 저 호텔 모두 다 한꺼번에
픽업하느라 빙빙 돌음.
  도착해서 보니, 정글의 강물.
여기서 해양레저를 즐기라며 보여준 풍경은 정말, 기가 찰 정도로 허접하기 이를데 없음.
정글과 연결된 강이니 당연히 더러운데 거기다 어린이집 여름에 설치하는 에드벌룬 같은 기구 몇 개 가져다 놓고 놀라고 함.
구명조끼 너무너무 더럽고... 안전장치 전혀 없고, 무슨 천연염색 체험도 허접하기 이를데 없음. 무슨 동네 간이 놀이시설서 노는 것 같은 느낌. 대미는 식사............ 과일부터 비린내 진동... 한식과 현지식 퓨전이라는데 어디 식이건 간에 식사의 질 자체가 너무너무너무 엉망. 과일서 비린내가 나서 결국 한입도 못 뜨고 식사는 끝. 더러운 강물서 놀았으니 씻어야 하는데, 화장실 한켠의 탈의실. 화장실 냄새 너무 심해서 
진흙만 털어내고 옷 갈아입음. 정말 견딜 수 없는 수준이라 윗도리는 아예 갈아입지도 않고 급하게 바지만 갈아입고 나옴. 냄새 정말.....
  이럴거면 4시쯤 집결해서 들어가서 선셋 투어하고 저녁먹고 반딧불이투어 하면 될 것을, 왜 굳이 그 더러운 강물에 허접한 놀이기구 가져다 놓고 씻는 시설도 없는 곳에서 놀라고 했는지... 두 시간 늦게 나왔으면 수영장서 더 많이 놀고 나와서 깨끗이 씻고 기분좋게 선셋투어 했으면 더 좋았을 것을.
왜 그렇게 무리하고 말 안되는 일정을 진행했는지 알 수 없음... 결국 9살 딸내미 가슴위로 피부 다 뒤집어져서 지금까지(다녀와서 일주일간) 스테로이드 처방받아서 바르고 있음.
        마지막날, 12시 체크아웃 후 시내관광.
식사는 역시나 허접함. 정말 여기서 제공된 식사 세끼는 다 허접하고 질 낮음.
오죽하면 저녁은 따로 먹어야겠다 생각할 정도. 다행히 저녁은 김치찌개 그나마 깨끗한 식당에서 먹을 수 있었음.
  코타는 시내투어라고 할 것이 없음.
그나마 볼만했던 이슬람 사원도 최근에 중국 여성들이 신성모독으로 일을 치는 바람에 관광버스가 들어갈 수 없음. 급히 중국인들 다니는 절로 코스 변경했는데, 참내... 그걸 뭐 굳이 가야하나 싶을만큼.... 긴급하게 코스변경된 것을 느낄 정도...
  시내투어는 정말 아무것도 없음. 그나마 마지막에 간 필리피노 시장이 현지 사람들 사는 모습 볼 수 있었음.
가이드 딱히 하는 일 없음. 설명도 가끔 하면서 안듣는다고 신경질 냄....
코타는 휴양지로는 아주아주 좋지만, 볼거리는 없다고 해도 과언이 아님.
선셋은 퍼시픽 해변에서도 충분히 아름답게 볼 수 있음.
그나마 20분 남짓한 반딧불이 투어가 다행히 아름답고 볼만했으나, 
반딧불이 투어 직전 옵션은 정말 최악 그 자체!! 
 "
코타키나발루,"아쉬운 코타키나발루 여행기:사전안내사항을 전화해주셨어야하는데 안해주셨어요.
퍼시픽리조트는 부분 공사중이여서 좀 시끄러웠고, 블루모스크가 일정에서 제외된다는 말씀도 가서 알았네요.
퍼시픽리조트는 수건을 제대로 비치하지 않네요, 3박중 1일차는 큰수건 2개만 주고 2일차는 큰수건2개 얼굴수건2개, 3일차에는 큰수건2개 얼굴수건1개로 매일매일 수건 갯수가 달라요.
그리고 일정표상에서는 라쿤팍선셋투어가 4-7시까지인데,  반딧불이만 추가하고 싶었는데, 2-9시까지 너무 많은 시간이 소요되었어요.
솔직히 물놀이하고 나면 씻어야하고 머리도 말려야하고 화장도 해야하는데, 시설이 너무 미비해요.
라쿤판선셋투어가 뭔지 상품게시할때 정확한 일정과 시간 안내가 필요해 보여요.
물놀이-샤워-선셋-저녁식사-반딧불 
그 날 물놀이 할생각은없었는데, 물놀이가 포함되어있었고요, 그리고 라쿤팍 음식에서 벌레가 나와서 다른여자가 소리질렀어요.
라쿤팍시설은 좀 더 개선될 필요가 많아 보여요, 여자 화장실 문도 안잠기는칸도 있고요,많이 더러워요, 냄새도 심하고요,
호핑투어중 해산물 BBQ는 딱히 만족스럽진 않았어요.
그리고 반딧불이보러갈때 보트에서 구명조끼 착용 의무화하면 좋겠어요.
그래도 가이드님이 반딧불도 잘 모아주시고,
시장에서 먹지말아야할것, 호텔 앞 비치에 해파리 출몰 주의, 가면 안되는 식당을 알려주신점은 좋았어요.
그리고 다른 동료가이드님이 말씀을 너무 잘하셔서 말레이시아 역사에 대한 공부 재밌고 알차게 들어서 좋았어요.
닐씨 운은 엄청 좋았던것 같아요.
우산펼일 한번 없었고요.
1일차에 선셋 제대로 보고, 2일차에 흐려서 못보고..ㅜㅜ 3일차에는 식당에서 봐서 제대로 못봤네요.
패키지라 자유시간이 그리 많지 않아 좀 아쉬웠네요.
역시 자유여행이 최고인가봐요.
그래도 100프로 보고온건 아니라 다음에 또 한번 갈 수도 있겠어요."
코타키나발루,"예쁘고 좋았던 코타키나발루 :D:아무것도 준비 안하고 출발했는데,
기대보다 훨씬훨씬 재미있어서 좋았습니당!!
  자유일정이 포함된 일정이라 선택했는데,
결국은 계속 패키지 일정 따라다녔어요 ㅎㅎㅎ
가이드님이 옵션 강요도 안하시고 장점이나 재밌는거 잘 설명해주셔서
부담없이 이것저것 잘 선택하고 즐겁게 놀다왔습니당!
반딧불 투어도 너무 너무 재미있었고 신기했어요 :D
같이갔던 언니도 너무 좋아서 부모님이랑 같이 또 와보고 싶다고 했어요 ㅎㅎ
그리고 몽가이드님 머리가 노랑색이라 눈에 잘 띄어가지고 필요할 때 아주 잘 찾을 수 있었어요!
또 궁금한 점도 계속 물어봐서 귀찮았을텐데도 친절하게 다 알려주셔서 감사했습니다.
코타키나발루 간다는 사람 있으면 꼭 추천해주고싶어요 !!
좋은 여행지 같습니당~♥"
코타키나발루,"U 가이드님과 하와이 뺨치는 코타키나발루 ~!!:제가 원래 패키지에 대한 의심이 믿음보다 더 많았는데요,
유(U) 가이드님은 그런 제 편견을 깨고 즐겁고 맘편한 여행을 다녀오게 해 주셨어요!
역사적 사실도 재미있게 예를들어 설명을 해 주셔서 이해도 잘 되었고,
그 나라에 대한 고정관념 및 오해를 다 이해하고 온 여행을 했습니다.
위급상황(!) 에도 유연하게 대처 잘 해주셨고, 잠도 못 자 가시면서 바로 달려와주시고
연락도 바로 닿을 수 있었습니다. 
마음에서 우러나오는 추천이에요 여러분! :)
패키지 상품 혼자 끊고 가도 유가이드님이 계시다면 재미있을것같아요 ㅎㅎㅎㅎ
 "
코타키나발루,"손주 정후와 함께한 코타키나발루 여행:울 손주 정후와 함께한 코타키나 발루 여행은 가족이 여유롭게 여행할수 있는 여행지였습니다.
통갓 알리 가이드님의 말씀을 울 송주가 얼마나 경청하는지~~~
할머니라서 어쩔수 없네요. 손주 자랑입니다.
알리 가이드님 의 편안한 안내와 스케줄이 저희 가족에게 좋은 추억 거리를 만들었습니다.
솔직히 밍가든 호텔은 아니었구요.
탄중아르 샹그릴라 리조트는 다음에 또 가고싶은 리조트입니다.
식사도 좋고 수영장도 신나고 주변 환경도 넘 좋았습니다.
물놀이로 땅콩보트, 풍선에 뛰어내려 하늘로 올라가는 게임,제트보트~~~오토바이~~놀이도 엄청 즐거웠답니다.
산호섬의 낙하산도 잼나고. 스노쿨링 장비를 준비해간 우리 가족은 더욱 즐길수 있었습니다.
해외여행 패키지로  가면 쇼핑이 엄청 스트레스인네 ``
알리 가이드께서는 아주 편안하게 쇼핑할수 있게 해주셨습니다.
다시 한번 감사드리고 덕분에 좋은 추억 많이 담아 왔습니다.
알리 가이드님 감사드립니다. 꾸벅^^"
코타키나발루,"코타키나발루 여행~~:자유여행이어서 좋았고 노랑풍선에서 빠르게 항공권 이티켓을 출력해주셔서 잘 다녀온것같습니다.
또한 예약해주신 마젤란리조트 디럭스 씨뷰도 좋았습니다!"
코타키나발루,"코타키나발루 로빈 가이드님 덕분에 좋은여행이였어요!:친구랑 둘이 휴양지 알아보다가 코타키나발루로 결정!!
8월이 우기라 엄청 걱정하고 갔는데 날씨예보에는 21-25일까지 쭉 비오는 거로 되어있어서 실망했는데 예상 외로 비가 많이 안오고 오히려 너무 더워서 엄청 타고 왔네요 ㅎㅎ
로빈 가이드님 팀이였는데 사람도 많이 없어서 좋았고 되게 친절하시고 잘해주셨어요!!
특히 선셋보러 갔을때 날씨가 안좋아서 사진 못 찍을줄 알았는데 가이드님이 사진을 너무 예쁘게 잘 찍어주셔서 너무 감사했어요ㅠㅠ 친구랑 둘이 포즈도 알려주시고 찍어보라고 하면서 좋은 추억 만들어주셨어요 잊지 못할거같아요ㅠ
이동하는 내내 버스에서 설명도 잘 해주시고 재치있는 말도 많이 하셔서 재밌게 여행 한 거 같아요 ㅎㅎ
마지막날에 가이드님이 발목을 다치셨는데 계속 돌아다니면서 챙겨주시고 설명해주셔서 되게 걱정됐어요.. 지금은 괜찮으실지 모르겠는데 얼른 나으시고 로빈 가이드님 한국이름을 잊어버려서,,, 로빈가이드님 덕분에 좋은 추억 만들고 갑니다~~감사합니다!  
 "
코타키나발루,"3박5일 간의 코타키나발루 (1):코타키나발루 여행 총평은 '정말 좋았다' 입니다.
  먼저 간략히 코타키나발루 여행에 대해 이야기하자면,
날씨는 요새 한국 날씨와 비슷할 정도로 더우니 모자, 선글라스, 선크림이 필히 요구되고,
음식은 여느 동남아와 비슷하게 호불호가 갈릴 수 있으니, 준비하시고 개인적으로는 이마고몰의 'SOULed OUT'은 정말 좋았습니다.
그 밖에 여행은 만족스러웠고, 특히 석양은 정말 정말 좋았습니다.
  패키지 안의 일정에 대해 이야기하면,
1)산호섬투어
 - 보통! 입니다. 예상한 대로 예상한 만큼 진행되었고 딱 평균이었습니다
2)라쿤섬투어
 - 만족! 입니다. 다만 그렇게 여러가지 액티비티가 안에 있는줄 몰랐습니다. 미리 자세히 알았더라면 준비물을 잘 챙겼을 것 같네요!
3)선셋
 - 굉장히 굉장히 만족!! 보트타고 잠시 이동하는 거리였지만, 그것도 참 좋았고, '유 가이드님'이 일행 한 팀 한 팀 인생샷도 잘 찍어주셨네요!
둘이 찍은 사진이 많이 없었는데, 굉장히 만족스러워요!!
4)반딧불 투어
- 아쉽... 이건 그 날 그 날에 따라 조금씩 다르다고 하시더라고요. 지인이 하루 먼저 여행을 했는데 굉장히 좋았다고 했는데. 제가 간 날은 잘 보이지 않았어요...
5)그 밖에
- 쇼핑은 포함되지 않은 일정이라 따로 할 말은 없네요. 다만 현지식은 입에 맞지 않아서 조금 힘들었습니다...ㅠㅠ 패키지 투어 마치고, 호텔로 돌아와서 이마고몰로 향했네요...ㅋㅋㅋㅋ
  다른 이야기들을 하자면, 여행사에 조금은 아쉬운 점이 있습니다.
먼저 여행 상품 내에 있는 정보가 부정확하거나, 불완전한 정보들이 많았다는 점 입니다. 마젤란 호텔인 상품인데 실제 호텔은 퍼시픽이 되었습니다. 수트라하버라는 같은 테두리 안이라 그나마 이해하고 넘어갔지만, 조금은 아쉬었습니다.
둘째로, 여행 상품 내의 정보가 완전하지 않아서 실제로 코타키나발루에 가서 가이드를 통해야만 알게 된다는 점이었습니다. 제가 무엇을 하는지 조금 더 자세히 안내가 이루어지면 좋겠습니다.
셋째, 여행 확정 이후 E 티켓 발행, 호텔 예약, 담당 가이드 설정 등 모든 것들을 여행 출발 전까지도 먼저 알려주지 않았습니다...ㅠㅠ 모두가 개인 사정이 있는 것은 알지만, 전화를 항상 제가 먼저 걸어서 물어봤고, 그 이후에 진행되는 건에 대해서 회신을 주기로 하셨지만 인수인계가 잘 되지 않는지 연락이 안오더군요 ㅠㅠ 계속 바빴던 상황이라 다시 묻거나 하지 못했지만 자신의 여행에 대해 조금 더 자세히 알고 있는게 좋은 여행자 입장에서는 아쉬운 처사였습니다...
다시 좋은 이야기를 하자면,
패키지 여행이 처음이었는데, 패키지는 가이드에 따라 다르다라는 말을 들었습니다. 그 점에 있어서 저는 '유 가이드님'!! 대만족이었습니다. 많은 고객이 있었음에도 일행의 대표 이름과 얼굴을 잘 기억하시고, 하나 하나 챙기시려는 모습이 정말 좋았습니다. 무겁지도 가볍지도 않은 언변이나 행동들도 더욱 믿음이 가고 의지하고 싶게 만들었고요! 마지막 가는 길까지 챙겨주셔서 정말 감사했습니다. 3박5일간의 짦은 만남이었지만, 그 곳이 아닌 다른 곳에서 만났더라도 '정말 좋은 사람이셨겠구나'하는 생각까지 하였습니다. 여행 간 정말 감사했습니다!
코타키나발루에서의 3박 5일. 좋은 기억, 좋은 사진 많이 남기고 돌아왔습니다. 여행 강추!"
코타키나발루,"패키지라 너무 싫었던 코타키나발루 여행 (1):좋은마음으로 부모님 모시고 간 여행인데
여행내내 패키지를 괜히 했다, 가이드를 잘못 만났다 란 말만 반복했던것 같아요
이왕 멀리온거 재밌게 즐기려 하다가도 융통성 없는 가이드때문에 폭발하게 되고 ,, 
호텔방을 부모님과 저희방을 숫자만 붙어있고 멀리 떨어져있는 룸으로 잡아줘서 가이드분한테 ‘저희 방이 떨어져있다~’얘기하니까 아~ 이러고 그냥 가더라고요? 첫날에 뭐지 싶었는데 그게 시작이였네요
라군팍 투어는 절대절대 하지마세요 그돈주고 거기 가느니 그냥 두시간 걸린다는 타업체반딧불투어 알아보는게 날듯해요
돈만 비싸고 리조트안에 풀어놓고 남이섬같은곳에서 놀다가
정글 들어가는데 정글 어떻게 생겼는지 보지도 못해요 새까말때 들어가서 아무것도 안보이는곳에서 전구같은게 반짝반짝...
다른 투어들은 정글분위기도 보고 원숭이 먹이도 주고 하던데
부모님도 실망하시고 돈은 똑같이주고 ... 아 진짜 짜증나더라고요
게다가 마지막 시내관광은 이게 시내관광인지 쇼핑센터 관광인지
저희가 패키지가 처음이 아닌데; 좀 센스있게 해도 되는걸
이슬람사원이 통제됫으면 다른 관광 하나라도 넣어주던가 버스에서 사진찍으라니 장난하나 진짜
다른 가이드는 밖에서라도 재량껏 사진도 찍어주던데
지미 가이드는 버스에서만 하고싶은말 다하고 
그냥 풀어놓고;;; 심지어 쇼핑센터에서 화장실좀 갔다온다니까 “아까 가라고 하지 않았습니까”라고 할말 다하고 진짜 열받아서,
옆에 다른 가이드들 다 리더십있게 통솔하고 하던데 우리는 맨날 자리에 없고 자기할말만 하고 사라지고,
너~~~무 아깝고 짜증나고 화나는 여행이었어요
부모님도 실망하셨구 다른 분들도 가이드때문에 불만있으신거 들었구요
반딧불투어는 원래 이렇게 반딧불만 보고오나 싶네요~ 쇼핑센터도 밥은 30분만에 먹고 제셀톤응 15분만에 보고 쇼핑센터는 3시간;; 라텍스는 무슨강의실에서 설명까지;;
제가 예전에 모*투어 에서 패키지 쇼핑센터 방문도 해봣지만 이렇게 정직하게 시간 뺏는곳은 노랑풍선이 처음이네요~~~~
호텔도 수건이랑 청소 계속 안되잇고여~ 가이드는 연락처 하나 안주고여 제연락처만 받아가면뭐합니까 전 어디다 얘기하나요 가이드비만 4명 다 받고 뭘해주는건지 대체 ;;;
결론은 여러분 여기서 패키지로 코타키나발루 가지마세요 반딧불투어 최악 라군팍은 그냥 남이섬~~~ 돈버립니다 자유로 가세요
 "
코타키나발루,"코타키나발루 3박5일 우정여행 :):6월 18일 김해공항에서 출할해서 코타키나발루로 출발했습니다.
첫 패키지여행이라 조금의 불신과 불안함을 안고 4시간 30분의 비행을 했으나,
도착과 동시에 반가운 목소리로 저의 이름을 불러주신 로이가이드님 덕분에 믿음이 생기더라구요~
웬지 이번 여행 굉장히 즐거울꺼같은 예감 :)
가이드님을 만나 밍가든호텔 체크인을하고 담날 투어를 기대하며 첫날의 밤을 보냈습니다.
(호텔컨디션은 쏘쏘~  엄~청 좋지도 엄~청 나쁘지도 않은 말그대로 쏘쏘~ㅋㅋ)
둘째날 아침!!  해양공원으로가서 스노쿨링과 해양스포츠를 즐기러 갔는데,
사실 스노쿨링은 중국인이 너무 많아...  제대로 즐길수는 없었어요!
하지만 파라세일링은 굿굿!! 열번타고 싶은 파라세일링이였어요 ㅎ
다른 곳에서 하고싶었지만 바람문제로 할수없었던 파라세일링을 코타에서 하게되어서 더더 좋았답니다 :)
파라세일링 후에는 식사시간을 가지고 다시 호텔로~
이후에는 자유시간을 가지는데 시내가 정말 작아서 ㅋㅋ 이날 저녁에 코타 시내를 다 둘러본거 같아요!!
역시 휴양지라 크게 할일없이 느슨한 일정이 되더라구요 ! 
쇼핑하다 우연히 시간이 맞아 선셋을 보며 아름다음 둘쨋날도 마무리!!
셋째날은 마지막날 패키지 투어로 가는 블루모스크와 제설턴포인트를 미리가서 인생샷을 남기려고....
사실 같이 다니면 사진찍을 시간이 부족한건 사실이니까요~ 미리가서 땀을 폭풍같이 흘리며 인생샷 겟하고!
오후일정으로 라군팍ATV어드벤쳐와 선셋 & 반딧불투어 !!
반딧불투어... 어쨋든 벌레라 가지 않으려했으나, 로이가이드님의 추천으로 가기로 결정했는데,
혹시나 정말 별로일까봐 ㅠㅠ 두려움에...ㅋㅋㅋㅋ 하지만 역시 가이드님 짱입니다!! 절대 후회없어요~
정말 신나게 놀고 같이 동행하신 분들과도 친해지고 너무너무 좋았어요!!  완전 굿 :) 
로이가이드님의 열정적인 리드로!!!  선셋에서 모든 분들이 인생샷도 건지셨다는거~  역시 선셋은 실루엣샷  :)
덕분에 친구와 좋은 추억들이 막막 생겼답니당~
아쉬운 마지막날!
체크아웃전에 저희는 오전 일정을 만들어 샤핑샤핑~ 오전에 얼른다녀와서 체크아웃 후!!
로이 가이드님과 함께하는 패키지 투어!!! ㅋㅋㅋ  블루 모스크, 재설턴포인트, 등등...  돌아다니고 마지막은 야시장!
사실 야시장은 저희 스타일은 아니더라구요 ㅋㅋㅋㅋ 바닥에 물,... 너므싫어욧!! 그래도 돌아볼껀 다봤지만,
얼른 보고 가이드님과 만나기로한 몰로가서 쉬었어요 ㅎ  공항으로 갈시간이 다가오니 로이가이드님을 보내기 싫어지는..ㅋㅋ
담여행에도 또만나고 싶어요~  매일매일 화이팅넘치게 밝게 챙겨주시던 로이가이드님!! 정말 감사합니다 :)
덕분에 좋은 추억만들고 왔어요!! 
글솜씨가 없어 주절주절 썼지만, 결론은 로이가이드님 짱입니다 ㅋㅋㅋㅋㅋㅋ"
코타키나발루,"코타키나발루 3박5일 여행 -:모처럼 여행을 다녀와야겠다고 생각하고 급히 예약하고 예약을 자료를 좀 찾아보니 블로그에 패키지 여행에 대한 불만들이 좀 있었다.
3년전 터키를 다녀 오면서 이혜원 가이드님의 친절과 배려가 생각나서 요즘은 시절이 그렇지가 않은가 보다 는 생각을 했고
또 코타키나발루는 많은 여행객들이 급 모이면서 적응기가 필요한가보다 하고 큰 기대를 하지 않았다.
엄마와 나 그리고 딸, 우리는 여행 파트너다.
이번 여행도 우리 3대 또 함께 출발 했다.
늦은 밤 공항에 내려 다른 가이드님에게 숙소 안내가 떠 맡겨지며, 적당히 포기해야 하나보다 나름 체념을 했다.
다행이 숙소까지 안내 해준 가이드님이 무척 착해보여 다행이다 싶었다.
17세 사춘기라 불평불만을 늘 달고 다니는 여행 파트너인 딸 아이가 다행히도 숙소까지 안내 받는 동안  불만이 없어 편안한 첫날 밤을 보냈다.
우리는 이튿날 호핑 투어 부터 시작해서 호야 가이드님의 유쾌한 유머와 진솔한 안내가 시작 되었다.
마무틱 섬으로 들어가면서 팔고 있는 야자수 열매 음료는 독극물로 규정되면서 우리의 안전은 시작되었다.
넥서스 리조트에서 저녁식사를 위한 시내 까지의 교통편 편의도 도와주시고 _ 호야 가이드님 : 감사해요^^
음식에 늘 까탈스런 딸 아이의 입맛까지 배려 해서 안내해준 식당에서의 씨푸드음식-우리 딸은 다시 그 식당에서 밥을 먹고 했으나 아쉽게도 시간이 맞지 않아 못갔다.(넘 아쉬움...) 
석양이 아름다운 코타키나발루 의 낯선 공기를 따뜻하고 소소함 까지 잊지 않은 배려로 편안하고 싱그러움을 맘껏 즐기도록 해주셨다.
4살박이 꼬마 아가씨의 엄마의 손을 뿌리치며 가이드님께 안기며 ""호야삼촌~~"" 부르는 소리가  코타키나발루 파도 소리와 함께 귀가를 부드럽게 간지럽다.
패키지 내용이 다 다른 여러 가족을 잘 챙겨주시며 멋스러운 유머와 함께 일정을 무리 없이 소화 해준 가이드 ""호야님"" 고맙습니다.
짧은 시간이였지만 즐거운 시간이였습니다.
_조주연 여행객_
         "
코타키나발루,"코타키나발루 레디가이드님 짱짱 !!:레디 가이드님 덕분에 모녀와 즐거운여행이였어요~~
레디 가이드님 유머 감각 짱짱 !! 여행속 재미있는이야기가 귀에 쏙쏙!! 
노랑풍선통해 좋은가이드님도 만나고 좋은추억도 만들수있어서 감사해요~~ㅋㅋ 
또 레디가이드님 만나러 코타키나발루로 가야지~~~~ ㅎㅎ 
레디가이드님 감사했구요 저좀기억해주세요 !! ㅋㅋㅋㅋ "
코타키나발루,"잊지 못할 코타키나발루 여행~~:잊지못할 곳~ 코타키나발루~~ 여행너무좋았어요~~
첫날은 바로 숙소로가서 짐을 풀고 둘째날은 섬으로 가서 물놀이~~~
물을 무서워했는데 이겨내고 스노쿨링하며 너무즐거웠어요~
항상 여행을 다녀오면 뭔가 힘들고 지쳤는데
이번 여행은 진짜 제대로 힐링한 느낌이에요~
특히나 몽 가이드님께 더욱 감사드려요~~
어디를 가면좋은지 무엇을 먹으면 좋을지 작은것 까지
잘 챙겨주셧어요~ 그래서 특히 신랑이 너무 만족한답니다~~
특히나 빨리빨리 해서 뭐든 1등으로 체험하고
사진도 잘찍어주시고, 반딧불을 마구마구 모아주시더라구요~~
반짓불을 잡고 소원빌면 이루어 진다고 했던말을 굳게 믿고
꼭 소원이 이루어지길~~~♡
정말 좋은 여행할수 있게 해주어서 노란풍선과
잘생기고 멋진 몽 가이드님~~너무 감사합니다~~!!
     "
코타키나발루,"코타키나발루 여행 강추합니다.:목요일 출발인데 월요일에 예약하여 급 여행 다녀왔습니다.
(급작스런 예약이었는데도 자리 획보 해주신 담당자분께 정말정말 감사드립니당!!)
급하게 잡은 여행인데 결과는 대대만족!
반딧불이, 국립 해양공원 등 자연도 너무 이뻤구요.
수트라하버 퍼시픽 호텔서 3박 하였는데 호텔도 너무 만족스러웠습니다.
또한 박병민 가이드님(로빈)이 너무 친절하고 꼼꼼하게 챙겨주셔서 여행이 더 즐거웠네요.
엄마랑 남동생이랑 셋이 가서 방 내에 엑스트라베드가 있는지 오션뷰인지 꼼꼼히 체크해주셨고,
코타키나발루의 명소를 지도와 함께 카톡으로 보내주셔서 자유시간 내에 다녀올 수 있었습니다.
너무너무 좋아서 담엔 아빠까지 네식구 한번 더 방문하려합니다.
그때도 박병민 가이드님을 만나면 좋겠어요!
코타키나발루 여행 정말 강추합니다.
     "
코타키나발루,"코타키나발루 가족 여행 즐겁고 행복했습니다. (1):1월 말에서 2월 초에 [판보르네오호텔] 전일정식사+산호섬호핑투어+반딧불투어+21시레이트체크아웃 프로그램으로 코타키나발루 가족 여행 잘 다녀왔습니다. 현지 Jay라는 한국 가이드 분 참 친절하시고 잘 안내해주셔서 감사드립니다.
판보르네오호텔은 바닷가가 아니라 그점이 다소 아쉬웠지만, 코타키나발루 3박 5일 프로그램에서 밤 12시에서 1시 비행기를 타야해서 프로그램 종료 후 비행기 탑승까지 기다리는 시간이 많은데, 21시레이트체크아웃이면 호텔에서 쉬다가 공항으로 갈 수 있어 그 점이 참 좋았습니다.
실제는 더 늦은 시간에 체크아웃하게 해주신 가이드 분께 다시 한번 감사....

가격대비 좋은 일정의 여행이였습니다. 출발 전에 여러가지로 꼼꼼히 챙겨주신 동남아팀 담당자분과 현지 담당자 분 고마웠습니다.
라쿤팍 근처의 바닷가에서 찍은 환상적인 선셋 장관 공유하며 글을 마칩니다......
 "
코타키나발루,"친절한 통키 가이드님과 함께 한 코타키나발루 여행:우리 가족의 첫 해외 여행으로 선택한 곳- 코타키나 발루
첫 여행이라 걱정반 설레임 반으로 시작했는데 너무도 친절하고 성실한 통키가이드 님 덕분에 오래 도록 기억에 남을 좋은 추억이 되었다.
저렴한 가격, 여유있는 일정,  알차고 실속있는 호핑 투어(스노쿨링, 페러 세일링, 라쿤팍 )와 자연의 경이로움을 느낄 수 있었던 반딧불이와의 만남.
아름다운 자연 앞에서 저절로 탄성이 나오는 아름다운 선셋
3박 5일이 꿈같이 지나고.. 다시 일상으로 우리 가족은 돌아왔다.
소소한 것에서 느끼는 행복을 다시 한번 깨닫게 해준 통키 가이드 님 감사합니다.
2018. 1. 19~1. 22.
이 시간은 우리 가족에게 그 무엇과도 바꿀 수 없는 소중함을 선물로 주었다.
이 기회를 빌어서 통키 가이드님, 다시 한 번 감사합니다.
내내 건강하시고. 승승장구하시기를 기원합니다."
코타키나발루,"베스트 깨고싶지 않은 꿈같은 여행, 코타키나발루 (1):피서를 간다는 말은 흔히 듣지만 '피한'을 한다는 말은 익숙하지 않다. 나는 더위를 피하는 여행보다 추위를 피하는 여행을 선호한다.
이번 여행도 추운 한국을 떠나 따뜻한 남쪽나라로 가기로 결정했고, '황홀한 석양의 나라'라는 수식어에 이끌려 말레이시아의 코타키나발루에 가기로 했다.
또 한가지 결정할 일이 남았는데 '자유여행으로 가느냐, 패키지여행으로 가느냐'였다. 노랑풍선 여행상품 중에 패키지여행와 자유여행을 동시에 할 수 있는 상품이 나와 내 친구에게 딱 맞는 상품이었다.
그래서 우리는 3박 5일 동안 샹그릴라 리조트에서 묵으면서 산호섬투어,시내관광을 할 수 있는 여행을 선택했다.
샹그릴라 탄중아루 호텔 Sea view room에서 본 풍경
한국에서 코타키나발루로 가는 비행기가 늦은 시간대밖에 없어서 가는데 하루 그리고 오는데 하루를 써야한다. (단점을 굳이 찾으라면 이것)
비행기에서 내려서 가이드님과 일행분들을 만나고 호텔로 향했다. 호텔에서 체크인하고 방에 들어가 창 밖을 내려다봤는데 풍경이 환상적이었다.
  아침 풍경
                           샹그릴라 탄중아루 호텔에 있는 선착장
  사피섬으로 향하기 전에 호텔 안에 있는 선착장에 모여서 출발했다.
 ① 호핑투어
이 날은 수상레져가 많아서 사진을 찍기가 어려웠다. 사진 속 저 액티비티는 페러세일링이다.
보트에 탄 후 안전장치를 착용하고 앉아있으면  장비가 바람에 의해서 뜬다. 그러면 원하는 만큼 바다에 빠트려주신다.
페러세일링 이외에서 씨워킹, 바나나보트, 플라잉피쉬, 스노클링 등 많은 옵션들이 있다.
물 속에서도 사진을 찍고 싶다면 방수팩을 사가는 것을 추천한다.
호텔 수영장
호핑투어를 마치고 바로 들어가기 아쉬워 호텔 수영장에서 또 수영을 했다. 
1월은 코타키나발루가 우기라서 비가 자주 내렸다. 다음에 다시 가게 된다면 날씨를 잘 보고 가야겠다.
비를 맞으며 수영하는 것도 나쁘진 않았다.
코타키나발루 시내
호텔에서 석식을 먹고 시간이 남아서 친구와 함께 시내를 돌아다녀 보기로 했다.
 택시를 호텔에서 잡는 것보다 그랩을 이용하는 것이 훨씬 저렴하다.
코타키나발루 시내에 있는 야시장
10시쯤 되었던 걸로 기억하는데 그 시간에도 사람들이 즐비했다. 동영상을 캡쳐해서 화질이 좋지 못한것에 대해 양해를 구한다.
무작정 걸어보기도 했는데 도보로 40분 정도면 시내를 대충 돌아볼 수 있었다.
  ② 라군팍 & 반딧불이 투어
나는 주변에서 반딧불이 투어를 강력 추천받아서 자유일정에 옵션으로 반딧불이 투어를 가기로 했다.
그런데 운좋게도 라군팍에 가는 일정이 반딧불이 일정에 포함되어 있어서 라군팍에서 다양한 체험을 할 수 있었다.
라군팍 워터월드
여기서는 제트보트와 타투를 제외하고는 모두 무료로 이용할 수 있다.
ATV,카약,스피트 보트, 인간시소(?)등이 있다
제트보트는 한국인 사장님이 이 곳에 시범운영을 하고 계셔서 다른 곳보다 저렴하게 탈 수 있었다. 
라군팍에 가게 된다면 추천하고 싶은 활동이 두 개가 있는데 하나는 제트보트이고 또 하나는 인간시소이다.
이렇게 끝에 누워있으면 뒤에서 직원분들이 뛰어내리신다. 그러면 튀어오르게 된다.
조금의 용기가 필요한 액티비티인 것 같다.
드디어 해가 지고 석양이 보였다.
가이드님이 말씀하시기를 정말 황홀한 석양은 1년 중 며칠밖에 보지 못한다고 그러셨다.
그래도 탁트인 수평선과 함께 보는 석양은 정말 훌륭했다.
바닷가에서 보는 선셋 
단 며칠밖에 볼 수 없다는 그 석양을 보러 다시 와야겠다고 다짐했다.
③시내투어
마지막날은 가이드님과 함께 시내를 투어했다.
파란지붕의 경찰청
지나가다가 본 공차
사바주 청사 (현 청사)
사바주 청사(구 청사)
이슬람 사원
제셀톤 포인트
시내 투어를 마치고 쇼핑센터를 둘러보았다. 그리고 다시 시내로 돌아와서 자유시간을 2시간 가량 보내고 마사지를 받으러 갔다.
처음에는 시내를 돌아볼 때에는 무단횡단을 하는 것이 익숙하지 않았는데 3일차가 되니까 적응이 되었다.
오셔너스 워터프론트몰에 위치한 바이올렛이라는 마사지샵에서 마사지를 받았는데 조용한 분위기와 친절하신 서비스가 좋았다.
  이번 여행이 만족스러웠던 상당한 이유는 가이드님이다. 우리 레디가이드님( ×100000)덕분에 코타키나발루의 진면모를 볼 수 있었다. (안전하게 귀국할 수 있었던 것도ㅠ) 
3박 5일이라는 짧은 시간이었지만 코타키나발루에 있었던 순간은 정말 깨고싶지 않은 꿈을 꾼 느낌이었다.
좋은 사람과 행복한 기억을 남길 수 있게 해준 노랑풍선 여행사 감사드리고, 또 멋진 여행을 할 수 있게 해주신 가이드님 다시 한번 감사드립니다. "
코타키나발루,"코타키나발루 브라이언 가이드님 감사해요..:브라이언 가이드님 넘 자상하시고 각각다른 패키지 가족들을 하나하나 살피시면서 챙겨주심이 좋았구요..
딸아이랑 단둘이 간여행이었는데 밤 10사 넘어서 숙소에서 저희방만 차단기가 갑자기 떨어지면서 정전이 되어버린 상태가되었죠..
깜깜하구 넘 무서웠는데 영어는 부족한 탓에..가이드님께 전화했는데 리조트쪽에 연락하시겠다고 해주시고 연락했으니 아이놀라지않게 문열어놓구 계시라구 다시 또 연락주셨어요..근데 리조트쪽 직원이 1시간이 넘도록 처리를 안해줘서 또다시 대신 컨플레인해주셔서 해결해주시고 챙겨주셔서 넘 감사했구요..담날에 만나서는 딸아이한테 놀라지않았냐구 챙겨주셔서 또 한번 감사했네요."
코타키나발루,"코타키나발루 패키지 제임스 가이드님 감사했습니다.:정말 오랜만에 가는 가족여행지 선택을 앞두고 비교에 비교를 해서 샹그릴라 리조트 3박 5일 일정으로 떠나게 되엇습니다.
  각자의 일정때문에 새벽에 입국해서 새벽에 출국하는 비행기를 예약했는데, 여행내내 피곤하진 않을지, 일정을 잘 소화할 수 있을지
사실 걱정이 많이 되었어요.
  심지어 저희 패키지는 각자 다른 호텔이어서 인솔하시는데에 힘이 들었을텐데
힘든기색 없이 일정 진행해주신 제임스 가이드님 감사 드려요~~
  가족이서 오랜만에 간 해외여행이었는데, 아쉽게도 비가 계속 내려서 보고싶었던 석양을 보진 못했지만
실내에서 하는 일정들은 재미있었고 또 라군팍 워터월드에서도 여러가지 액티비티를 해서 재미있엇습니다.
실시간으로 계속 사진찍어주신 가이드님의 열정에 감사드려요
  폭우수준으로 계속 내린 비에도 불구하고 취소된 일정없이 반딧불 투어까지 잘 보고 왔습니다.
반짝 거리던 반딧불들은 진짜 잊지 못할 것 같아요!
  비가 계속 내려서 왠지 모르게 축 처지는 분위기였는데도 계속 말씀해주시고 재미있게 해주셔서 감사드려요
사진도 너무 예쁘게 잘 찍어주셔서 저희 가족 모두 만족스러워 하고 있습니다!
  코타키나발루에서 즐거운 추억을 남기고 아쉽지만 이제 일상으로 복귀하네요
감사했습니다 제임스 가이드님!
     "
코타키나발루,"넘 아름다운 곳.. 코타키나발루!:첫날부터 비가 와서.... 예쁜 하늘은 마지막 밖에 볼수 없는 여행이였지만
참 코타키나발루는 아름다운 곳이였습니다.
반딧불투어는 정말 최고였어요~
예쁜 반딧불이 날아드는 건 꼭 동화 속에 온듯하더라구요~
아이가 생겨 아이와 같이가도 좋을꺼 같아요
리조트 수영장도 너무 좋고!  음식도 맛있고~
참 여유가 있고~ 아름다운 곳이였습니다.
하지만...
말도 통하지 않은 타지에 나가서... 의지하는 곳은 가이드라 생각하는데..
너무 많은 인원을 통솔하니... 마지막날 몇시 미팅인지 연락도 없으시고...카톡을해도... 만나기 50분전에 답장하시고.
언제까지 나가야 되는지 모르니 멀할수도 없고 맘도 안편하고.. 그러니 다른 리조트에 있는 사람들도 늦게 되니 만나는 시간이 다 늦어지고..
정말 상당히 불쾌했습니다.
   "
코타키나발루,"코타키나발루~ 조앤 가이드님 덕에 즐거웠습니다:현지에서 만난 '조앤' 가이드분 덕에 즐거운 여행의 기억이 또 하나 생겼습니다~
패키지 여행을 별로 좋아하지 않았는데,
이런 가이드 분 이라면 언제든 떠나고 싶네요~
함께 하는 일정 내내 편하고 즐거웠습니다.
조앤가이드님과 함께한 코타키나발루 늘 마음속으로 추억하겠습니다^_^
 "
코타키나발루,"정직, 성실한 전승원(에릭) 가이드와 함께 한 코타키나발루 여행:6.27~7.1  연만하신 어머니를 모시고 언니와 처음으로 해외여행을 다녀온 곳이 코타- 더운지역이라 걱정이 많았던 여행이었는데
전승원 가이드의 세심한 배려로 불편함 없이 알찬 여행을 다녀와서 다행스럽다.  게다가 보조가이드(?)인 코난 청년도 특유의 성실함과
배려심으로 어르신께서 잠자리가 바뀌어 불편하지는 않은지 등을 여쭤 봄으로써 현지에 낯선 여행객들이 불편하지 않도록 최선을 다하는 것
같았다. 특히, 전 가이드는  옵션인 선셋과 반딧불이 여행에서 최대의 만족도를 부여하려고  수차례씩 위험을 무릅쓰고  배위에 올라가
반딧불을 유인하여 관광객의 탄성을 자아냈다.  코타의 첫째날, 산호섬은 물이 맑고, 나무그늘까지 물위에 있어 햇볕이 강렬함에도
뜨겁단 느낌이 없어 바닷속에 오래있기가 힘들지 않았다.  여담인데, 가이드비용 등을 일정이 끝난  시간에 숙소(로비)에 와서
서둘러 주다 보니, 90달러에 50달러짜리가 한장 포함된 것(130달러 지불)  같음이  후에 발견되었다.   전 가이드는  이튿날  50달러짜리가
들어있었다며, 40달러를 돌려 주었다.   그의 정직성은  관광객들이 관심을 갖는 현지 유명쇼핑 품목에 대해,   잘못 알려진 정보에 대해
' 사실과 다르니 사지 않는게 좋다' 고 알려줌으로써  매출에 관심을 갖는 대다수의 가이드와는 다르다는 신뢰감을 주었기에
믿음을 이미 갖고 있었다.
  두번째, 향후 여행자들을 위한 먹거리 장소 Tip
두번째 날 오전에 자유일정이라, 여행책자에서  착한 가격에 맛있다는 가야 스트릿내 식당을 찾아갔다가 시간이 일러서 주변 상점들을
둘러보던 차, 마침 korea mart가 있어 간단한 간식을 사고자 들렀다.  책자에 ' Yxxx kook 이 좋다는데 추천해주실만한 곳 있느냐 '
'그 곳은 그냥 어묵집이고 옆에 해물요리를 주로 하는 海洋城, Ocean City 가 정말 맛있는 곳'이라 추천해 주었다.
가리비, 조개, 꽃게 등 4가지 요리를 주문했는데  매콤하거나 약간 짭조름하여 입맛에 정말 맞았다. 가격도 4가지에 인당 평균 12천여원밖에
들지 않아  시간만 되면 한번 더 들르고 싶단 생각이 들 정도였다.
  단점 하나,   11시에 오픈한다기  기다렸다가  가보니 여전히 철문이 닫혀있어 코리아 마트에 가서 오늘 장사하는거 맞냐고 물으니,
현지 직원이, 'maybe 12시에 할 수도 있단다' . 여유있게 12시에 맞추어 가는게 낫겠다.
     "
코타키나발루,"코타키나발루 여행후기요~ 오크가이드님 ㄳ:코타키나발루에서 여행후기 작성합니다.
  일단 가이드님이 이것저것 많이 알려주셧고  뭐이것저것 비용들어가는거 강요 안해서 맘에 들엇구요.
  잘쉬엇다가 가는거 같습니다. 
코타키나발루에서 가장 미인이라고 하시던데......
    가장 미인이신거 같네요.....
  그럼 담에또 가게된다면 오크가이드님  부탁드려용~ ㅋㅋㅋ
ㅋㅋㅋㅋㅋㅋㅋㅋㅋㅋㅋㅋㅋㅋㅋㅋㅋㅋㅋㅋㅋㅋㅋㅋㅋㅋㅋㅋㅋㅋㅋㅋㅋㅋㅋㅋㅋㅋㅋㅋㅋㅋㅋㅋㅋㅋㅋㅋㅋㅋㅋㅋㅋㅋㅋㅋㅋㅋㅋㅋㅋㅋㅋㅋㅋㅋ"
코타키나발루,"코타키나발루, 2일 자유 일정이 있는 세미패키지, 유아 동반 3인 가족 여행으로 최고였습니다!:제가 실제 계약된 상품과 홈페이지 상 표기된 상품명이 다릅니다만, 너무 만족스러웠던 여행 후기 남겨 봅니다. ^^
제가 계약하여 이용한 상품은 코타키나발루 [세미팩] 2일 자유 일정 / 넥서스 리조트(5성급) 입니다. (에어서울 이용)
  처음 예약한 일정에 숙소가 나질 않아서 2주 뒤 일정으로 미루었는데,
결과적으로 5월 초 연휴 시작 직전 주라 공항과 항공기 이용 시, 그리고 여행지에서도 붐비지 않아서 좋았습니다. ^^
  아이 동반 여행이라 패키지나 완전 자유는 이동문제 등에 있어서 부담스러워서 세미패키지 상품을 찾았는데,
원하는 상품이 노랑풍선에 만있어서,
그리고 얼마전 노랑풍선 통해 유럽 다녀오신 부모님 추천으로 큰 고민 없이 노랑풍선 상품 선택하였는데 너무 만족스러운 여행이었습니다.
  가격 면에 있어서 타 사(하나, 모두 등) 대비 월등히 경쟁력 있었고,
저희와 같이 아이 동반한 가족에게 필요한 휴양 중심+적당한 시내 관광 코스의 상품으로 제격이었다 싶었습니다.
한밤 중에 도착하고 출발하는 동남아 여행의 특성 상 픽업/샌딩을 여행사에서 책임져 주니 안심되고 편했고,
아이 동반이라 2일의 자유일정과 1일의 시내 관광 코스가 매우 부담 없이 적당하였습니다.
  현지에 가서 가이드의 옵션 관광 강매나 쇼핑 센터 방문 시 강매 등의 분위기가 있으면 어쩌나 많은 염려가 있었지만
전혀 그런 것 없이 너무 자유롭고 편안한 분위기, 친절한 분위기에서 잘 여행하고 돌아왔습니다.
마지막날 반나절 정도의 일정으로만 뵈었지만 코타키나발루 현지의 ""구글 가이드""님 칭찬해 드리고 싶습니다. ^^
재치 있는 말솜씨, 센스 있는 인솔로 연세 있으신 분부터 저희처럼 아이를 동반한 가족들 모두 편안히 여행했습니다.
  묵었던 숙소는 코타키나발루 시내에서 좀 떨어진 자연친화적인 넥서스 리조트였는데, 
바닷가를 끼고 있는 리조트여서 수영장과 바다, 모래사장, 멋진 석양까지 모두 두루두루 경험할 수 있는 최고의 장소였습니다.
  묵었던 숙소는 빌라형의 2층짜리 숙소였는데,
엘리베이터가 없어서 유모차를 들고 오르락 내리락 하는게 좀 불편하긴 했지만 그 외 다른 것들은 꽤 만족스러운 편이었습니다.
오래된 리조트이긴 하지만  룸 컨디션도 괜찮은 편이었구요.
다만, 조식당이 실외라 덥고 음식이 입에 잘 맞지 않아 조금 힘들었습니다.
실내 조식당이 있었는데 비용을 좀 더 지불하더라도 그 식당으로 변경했으면 좋았을 걸 하는 후회가 조금 남긴 합니다.
추후 상품 구성 시 조식당 업그레이드 등의 옵션이 있다면 좋을 것 같습니다.
  신랑과 여행 내내, 그리고 돌아온 다음에도 이제 앞으로 모든 여행은 무조건 노랑풍선과 함께 하자고 했습니다.
3월에 매우 훌륭한 가격으로 시부모님이 유럽 다녀오신 후 만족하셨다기에 처음 들어보는 여행사지만 선택해 본 거였고,
계약 후 검색하면서 블로그 보다 보니 안 좋은 후기도 있어서 걱정 가득 안고 갔던 여행이지만 매우매우 정말정말 만족스런 여행하고 왔습니다.
좋은 추억 만들 수 있도록 해 주셔서 감사합니다. ^^
번창하세요~!!"
코타키나발루,"코타키나발루 요정 레디레디 ㅋㅋ:노랑풍선에서가는 패키지 여행은 항상 즐겁습니다~
가이드님을 잘만나는건진 노랑풍선에 선택이 좋은건지 ㅋㅋㅋㅋ
이번 여행도  코타키나발루요정님 때문에 재미있었음 ㅋㅋㅋ
사진 찍어주는 기술도 남다름 ㅋㅋㅋㅋㅋㅋㅋ최고최고
초보작가보단 높은 수준 ㅋㅋㅋㅋ
시작한지 얼마안되셨다고해서 재미없을까 걱정했찌만 엄청나게 노력하시는게 눈에 보이실정도로
잼잼 꿀잼 ㅋㅋㅋㅋ 장난치는것도 잼잼 공부많이하셔서 국어책 설명도 잼잼꿀잼
  다음에 지명이 가능하다면 코타키요정 레디 찾을정도로 잼잼 ㅋㅋㅋㅋㅋ 

가끔 질문에 벗어난 이야기는 못들은척하시지만 잼잼 ㅋㅋ 놀리는재미도 쏠쏠 ㅋㅋㅋㅋㅋ

요정님 덕분에 즐거운 여행됬어요 ㅋㅋㅋㅋㅋㅋㅋ 요정레디 포에버 ㅋㅋㅋㅋㅋㅋ 털ㄴ업 ~
 "
코타키나발루,"너무 좋았던 코타키나발루:빠쁜 일상을 벗어나 여유롭고 즐거웠던 힐링 여행
다른 패키지들은 추가 옵션에 대해 강매식으로 권유를 많이 했는데... 이번여행은 그런것이 없어 마음이 더 편했던거 같아요~
코타키나발루 이번에는 패키지로 갔는데.. 다음에는 자유로도 한번더 가보고 싶네요~
그때도 노랑풍선으로 예약하겠습니다
감사합니다"
코타키나발루,"붐가이드와 함께한 코타키나발루 여행 짱~ 좋았어요.^^:3박5일 짧은 여행이었지만 붐 가이드님과 함께 해서 너무나 기억에 남는 좋은 시간이었어요.
올해 첫 휴가로 기대에찬 김선배와  두번째 방문이지만 역시나 기대에찬 저에게
좋은날씨,좋은풍경,좋은일행들, 멋~찐 가이드님까지 선물을 받은 기분이었습니다. ^^
말레이시아에 대한 여러 설명과 여행관련 좋은 정보등등등등..피곤한 기색없이 열정적으로 알려주시고 항상 바삐뛰어 다니며 (체력이 짱이어요)
좋은 추억을 더 많이 남겨주기 위해 애써주셔서 감사해요.
바다에서 본 석양과 반딧불은 진~짜 최고였어요.~~ , 지금 당장 또 가고 싶네요..ㅠ
가이드님 덕에 더 재미나고 좋은 여행되어서 감사하고 담에 또 만나고 싶은 붐 ,주변에 많이 추천할께요, 다음 여행지에서 또 만나요~~
     "
코타키나발루,"*케빈*가이드라면 어디든지 믿고 따라갑니다! 코타키나발루!!!!!!!!!!!!!:요즘 동남아동남아하잖아요,,
세부랑 보라카이 많이 고민했는데 우기라해서 한참을 고민한 끝에,
  코타키나발루 폭풍검색해서 이번휴가를 제대로 즐기자하고, 9월16일~20일 일정으로 다녀왔습니다.
갈때는 오후비행기에 올때는 새벽비행기에 많이 지쳤었지만!
  많이 만족하고 너무 즐거운 여행이였어요, 가이드님 덕도 너무너무 크구요
케빈 너무 감사합니다. 정말 한국에서 뵐기회있다면 밥한번사드리고싶네용~!
          밤늦게 도착한지라 일정은 다음날부터 시작됬는데요, 전 태어나서 처음으로 페러세일링탔어요ㅋㅋㅋ
산호섬에 들어가서 페러세일링탔는데 진짜 굿굿
완전 너무너무행복했고, 그 짧은시간이 제 기억속에 각인이 될꺼같습니다,
                                                                    우리사진찍어준대놓고 자기사진 찍은 귀요미도 덕으로 보실꺼예요
앨범보면서 한참을 웃었다능. ㅋㅋㅋ
          ㅋㅋㅋㅋㅋㅋ누나가 또한번갈께 뿅뿅
                                        아 그리고 멋있는 선셋도 보실수있으실꺼예요 ,,
        밥먹으러 가기전에 너무 급하게찍은거라 ㅜㅜ 근데 저는 너무 만족했거든요
사진으로 담아낼수없는 무언가가 있어요 ..................
    밥먹을때도 거기 과일이라고 하시면서 섬세히 챙겨주시는 케빈가이드님
덕분에 과일도 맛있게먹고, 맛있는 맥주도 덤으로 먹었네요^^!
      거기 산호섬으로 가는길에 이렇게사진도 찍어주시공 ㅎㅎㅎㅎㅎㅎ
부끄러워서 둘다 얼굴을 가렸지만 정말 가족같은 여행이였어요 !!!!
  제가 중간에 바나나보트 타다가 죽기싫어서 ㅋㅋㅋㅋㅋㅋㅋㅋ너무 꽉잡은나머지
손가락이 찢어졌었거든요 (누가보면큰상처인줄^^)
                  그때도 케빈가이드님이 현지사람들한테 데일밴드 빌리고 응급처치해주셔서 너무 감사했구요,
하나하나 섬세히 챙겨주셔서 또하나 감사했습니다
덕분에 , 좋은경험 많이하구갑니다.
    코타키나발루 여행으로 고민하시는분들 저는 강추합니다.
현지사람들도 너무 친절하구요,, 한국말도 서툴게 잘하니까 진짜 웃긴데 너무 감사했고~
이번여행으로통해 좋은휴가 좋은경험 많이많이했습니다.
조용하고 공기좋고, 한국사람들도 많구요 위험하지않아요 ~
          그!리!고!
  코타키나발루가시면 꼭 케빈가이드님 찾으세요 꼭이요~! 후회안하실꺼예요~!
           "
코타키나발루,"꿈의 코타키나발루 '이창민가이드님과 함께한~~':  2014년을 보내고 2015년을 맞이 하는 여행을 고르다
말레이지아 '코타키나발루' 다녀 왔습니다~~
   여기저기 여행사 알아 보다~
 한눈에 잘 볼수 있는 여행일정표를 보다
상담 하게 되었는데~ 상담도 친절 하고 좋아서 결정하여 다녀 왔어요~~
   예약한 샹그릴라는 듣고 보던것 보다 훨씬 좋은 리조트 였고~
 푸른바다를 한눈에 볼수 있어 더욱 만족했습니다
  3대 석양중 한곳이란 기대를 품고 봤던 석양도 정말 생각 보다 훨씬 좋았고~ 멋있었어용~~
  일정동안 우릴 담당해 주신 가이드 (k (이창민가이드님))
 때문에 더욱 즐겁고 재밌는 여행이었습니다~~
덕분에 못가볼수도 있었던곳 가서 맛있는 요리도 먹어 봤고,
구경도 많이 하고~~ 정말 '''친절'''' 하게 대해 줘서~~ 너무너무 좋았어용~~!!
     짱짱 다음 여행지도 노랑풍선에서~ 봐요~~
 "
코타키나발루,"코타키나발루 로빈 가이드님과 함께라면~:신혼여행의 급 취소로
급하게 알아본 코타키나발루
가서도 이름 외우기 힘들었던 코타~
정말 너무나도 여유로운 곳이었어요.
로빈 가이드님의 친절한 설명으로 코타에 대해 행복한 기억 안고 돌아왔습니다
  감사해요! 로빈~
     "
코타키나발루,"코타키나발루 태교여행:와이프와 태교여행으로 코타키나발루 다녀왔습니다.
 기대했던 대로 일몰..정말 예술이지요~~
 코타키나발루 떠나실 분들은 꼭 리조트 좋은걸로 하세요
 일정의 대부분이 리조트에서 소비되기때문에 리조트 정말 중요합니다.
 또. 저희처럼 태교여행을 가실분등은
 반딧불투어 절대 가지 마세요.
 가이드님이 미리 사전에 가는 길이 비포장 도로여서 굉장히 불편하다는 사실을 먼저 알려주셨다면 안 갔을겁니다.
 정말 의자에서 사람이 통통 튈정도로 불편하구요
 폭우가 쏟아져도 진행되더군요.
  저희 와이프가 정말 고생했어요.  임신중이라 속이 뒤집히고. 심지어 태동까지 느껴지지 않아서
 저희에겐 정말 지옥같은 투어였습니다. 놀라 와이프는 주저않자 울기까지 했구요.
 한국에 병원까지 전화하고 만약의 사태까지 생각해야할 아찔한 여행이었죠.
 그 후로 한국돌아올때까지 회복이 안 되어서 와이프에게 정말 미안하게되었습니다.
 다행히 아기는 이상이 없구요.
 여튼 태교여행 가시는분들은 참고하세요
  조심해야할부분은 그 정도 인것 같구요
 저희는 수트라하버에서 머물렀는데  흠잡을 것 없이 좋았습니다. 
 좋은 여행 되십시오"
코타키나발루,"★★★마틴가이드님과 함께한 힐링여행 코타키나발루~~~~~:  기회가 되서 우연히 다녀온 코타키나발루~~~~!!!!!!!!!!!!!!!!!!!!!!!!!!!!!!!!!!!!!
그 어마어마하다는 석양은 보지 못했지만, 더 많은것을 보고 느낄수 있었던 여행^-^
마틴부장님의 3박5일동안의 세심한 관심~~~!!!!! 정말 최고입니다!!!!_! 짱짱
꼭 다시 만나고 싶습니다. 꼭 다시 코타키나발루 갈께요ㅠ_ㅠ!!!
                정말 한 여름날 밤의 꿀.....♡ 꿈이였나..? 그리워요 코타키나발루!!!!!!!"
코타키나발루,"코타키나발루 환상여행(with 마틴):아버지 칠순생신을 맞아 3대가 함께 한 코타키나발루 여행~~아직도 그 석양과 바다가 눈앞에 아른거립니다
여행일정을 맞추느라 뒤늦게 선택한 여행지였지만 정말 후회없는 선택이었습니다
  이 여행을 즐겁게 마무리할 수 있도록 함께 해 준 마틴 가이드님..정신없이 비행기 타느라 제대로 인사도 못 드리고 와서 정말 아쉬워요(임산부를 위해 비행기 앞좌석 사수하려고 서두르다 그랬답니다^^::)
유아부터 사춘기 아이들,,임신한 동생에..부모님까지 정말 다양한 세대를 아우르느라 정말 말도 많고 탈도 많았었죠?ㅋㅋ
첫날부터 물놀이하다 산호에 발을 베여 병원치료도 받아야 했고, 입덧이 심한 동생이 마지막 날 일정을 소화하지 못해 가이드님 개인차로 다른 숙박업소까지 데려다 주시기도 했죠
여행기간중에 맞이한 아버지 칠순 생신날엔 손수 생크림케잌을 준비해 주셔서 정말 완벽한 시간을 보낼수 있었답니다
아이들 이름도 하나하나 불러주시는 쎈쓰까지^^  
그리고 마틴가이드님이 얼마나 말레이시아를 사랑하는지도 느낄수 있었기에 우리 가족도 일정동안 그 매력에 함께 취해 있었던것 같습니다.  늦었지만 고맙다는 말 꼭 하고 싶었어요~~
  혹시라도 동남아 휴양지 여행을 계획하고 계신 분들에게는 코타키나발루를 강추합니다
세계3대 석양과 영화 아바타를 연상시키는 환상적인 반딧불 투어......워낙 청정지역이라 스카이쥬스라고 불리는 소나기까지도 낭만 그 자체입니다. 전 넥서스리조트에서 보냈는데 해변과 인접해 있어서 리조트 내 수영장과 바닷가를 번갈아 즐길 수 있는 장점이 있드라구요. 매일 저녁을 바닷가 선셋뷰와 함께 즐겨보세요
그리고 여행팁~~넥서스 리조트내 중화요리 레스토랑 있는데 맛 끝내줍니다, 단 우리나라에서는 당연히 무료인 차와 물 모두 유료예요(아이스워터 1잔 1링깃,,싸긴 하죠) 그리고 외부활동 시 모기가 있어서 버물리 필수입니다 ㅋㅋㅋ"
코타키나발루,"코타키나발루~마틴& 로빈 가이드님 덕분에 즐겁고 편한 여행 했습니다.:휴가 날짜가 늦게 나와 이곳저곳 뒤지면서 엄청 고생하다가 마지막에 노랑풍선을 통해서 가게된 여행!!
정말이지 처음부터 마지막날까지 너무너무 즐겁고 편한 여행이였습니다.
  현지에 도착해서 만난 *마틴가이드님* 새벽에 도착해서 여행자들 힘들까봐 신경써주시고
차에서 이동할때도 지겹지 않게 말레이시아역사 등등 재미있는 이야기 많이 해주시고 즐거웠습니다.
  그리고 짧은 하루였지만 *로빈가이드님* 정말 감사합니다.
시내 구경 나가려고 하는데 이것저것 물어봤는데 친절하게 위치도 꼼꼼하게 알려주시고 바쁘신데 차도 태워주시고~~
그날 덕분에 시내에서 맛있는 맥주마시면서 아름다운 썬셋도 보고 정말 최고였어요~~
  잘 알지 못하고 간 코타키나발루 여행이였지만 가이드님들 덕분에 많이 알게되서 주변에 코타키나발루 꼭 가보라고 전파하고 있어요~~
  공기좋고 야생이 살아있는 코타키나발루가 계속 이어졌으면 좋겠습니다."
코타키나발루,"6/5~9 말레이시아 코타키나발루 홈쇼핑 촬영기:    지난 6/5 이스타 항공편으로 3박5일 ns홈쇼핑 방영 예정인 코타키나발루 상품 촬영을 다녀왔습니다.


일시 : 2014-06-05~2014-06-09
여정 : 인천 - 코타키나발루 - 인천

코타키나발루 정보

말레이시아 보르네오 섬 서북쪽 남중구해 기슭에 위치한 항구도시. 사바 주 의 주도입니다.

화페 : 링깃(Ringgit)
언어 : 말레이어, 영어, 중국어, 타밀어
시차 : 한국보다 1시간 느림
비행시간 : 5시간 5분정도 소요
기후 : -우기[11월~2월] : 단발성소나기(스콜)가 자주내림
- 건기[3월~9월중순] : 우기철에 비해 상대적으로 비가 적게 내림
하지만 실제로 건기와 우기의 뚜렷한 차이는 느낄 수 없음.

첫째날 6/5
19:35 ZE501 편으로 인천국제공항 출발
23:30 코타키나바루 국제공항 도착
가이드분 미팅 후 밍가든 리조트 체크인후 취침
  *둘째날 6/6
오전 7시 기상 8시 라군팍 이동( 차량으로 50분 소요)
라군팍 워터월드 촬영(09:00~15:00)
*라군팍 워터월드 : 6월 초 새로 오픈한 물놀이의 천국. 맹글로브크루즈, 카약, 워터파크 물놀이시설, 패들보트, 바틱페인팅, 활쏘기, 독침쏘기, 바이퍼, 파라세일링 등 수많은 액티비티를 즐길 수 있는 시설입니다.
  밍가든리조트 촬영 (15:00~19:00)
*밍가든리조트 : 코타키나바루 시내중심에 위치하고 있어서 이동이 매우 용이합니다.2011년 12월에 오픈한 최신식 호텔인만큼 코타키나바루 호텔중 가장 깔끔한 시설을 갖추고 있습니다. 총 11층 건물로 600개의 객실을 보유하고 있습니다.
    석식 후 휴식

*셋째날 6/7
오전 6시기상 밍가든 리조트 조식 촬영(06:00~07:00)
  조식 후 레프팅투어 이동
레프팅투어 촬영(09:00~15:00).
  보르네오 컬쳐 빌리지 촬영
*말레이시아 코타키나발루의 각 부족의 전통가옥 및 문화, 공연을 체험 가능한 선택관광입니다.
  클리아스투어 촬영(15:00~20:00)
*강 주변의 생태를 탐험하시고 해가 진 후 현지식으로 저녁 식사를 하신 후 세계에서 3곳 밖에 없는 반딧불들의 멋진 모습을 구경할 수 있는 투어입니다.
  석식 후 넥서스리조트 체크인
휴식

마지막날 6/8
오전6시기상 넥서스리조트 조식 촬영
넥서스리조트 룸, 부대시설 촬영
  시내관광 촬영(이슬람사원, 사바주청사, 제설턴포인트)
*이슬람사원 : 이슬람 국가의 상징인 모스크 사원은 돔형태의 멋진 건물로 지어져 있습니다. 코타키나발루에서는 그중 가장 큰 2개의 모스크 사원이 있는데 그게 시립사원과 사바주립사원입니다.
*제설턴포인트 : 영국인 최초의 상륙지로서 코타키나발루의 첫번째 선착장입니다. 지금은 곳곳에 선착장이 생겨 한적한 편이며 작은 펍들과 레스토랑이 많이 모여 있습니다. 일몰 시간의 석양이 매우 아름답기로 유명한 포인트입니다.
  *사바주 청사 : 세계에서 몇 안되는 건축물중의 하나로 72개면의 유리로 장식되었고, 30층의 규모지만 건물의 기둥이 한개로 특수공법의 건물로 코타키나발루의 볼거리중 하나입니다.
  초콜릿 만들기 체험 촬영
  발맛사지촬영
  한식당 부가레스토랑 촬영
공항으로 이동
  00:30 코타키나바루 출발
07:10 인천국제공항 도착"
코타키나발루,"코타키나발루 굿!! 션 가이드님 짱짱짱!!!:언젠가 한번쯤 꼭 가보고 싶었던 휴양지 코타키나발루 ^^
몸과 마음이 모두 힐링이 되는 좋은 시간이었습니다
사실 자유일정이 많아서 더 좋았던 상품이었는데
현지 가이드님을 너무 잘만나서 오히려 관광일정이 짧았던게 아쉬웠을만큼 즐거운 여행이었어요
  여행 일정 내내 세심한 부분까지 잘 챙겨주시고
리조트 투숙과 관련하여 불편했던 사항도 너무나 성심성의껏 해결해주셔서 정말 감사했구요
무엇보다 엄청난 입담과 지치지 않는 체력으로 여행 내내 웃음이 떠나지 않게 해주셔서
오히려 보는 사람이 그만 좀 쉬셔도 될텐데 하는 마음까지 들었답니다
션가이드님!! 다음번엔 우리 아기 데리고 같이 가볼까하는데 그 때도 코타키나발루에 계실거죠? ㅎㅎㅎ
  아름다운 석양, 반짝거리는 반딧불, 밤하늘에서 쏟아질듯 했던 별빛들.. 
오랫동안 간직할거에요~
  p.s 션가이드님 건강 잘챙기시고 항상 행복하세요~^^
       아! 근데 저희 누군지 아시려나? ㅎㅎ수트라하버 마젤란에 묵었던 커플이에요^^
   "
코타키나발루,"또 가고 싶은 코타키나발루,다시 만나고 싶은 글로리아가이드님!:  제가 여행하고 느낀 코타키나발루는 하늘이 예쁘고 바다가 예쁜 그리고 사람들이 착하고 친절한 곳이였어요.
친구팀,모녀팀,모자팀,가족팀 이렇게 4팀이 글로리아 가이드님과 4박6일동안 한 가족이 되어 웃고 즐기며 지냈죠.
마지막날은 정말 한국으로 돌아오기 싫은 느낌이었어요.
저만 그런줄 알았는데 여행을 온 다른 사람들도 모두 그렇게 느꼈더라구요.
바닷가에 놀러 갔을 때 글로리아가이드님께서 우리 모두 나눠 먹으라고 싸주셨던 망고도 그립고
점심식사때 맛있다고 많이 갖다 먹으라고 하셨던 튀긴게도 정말 그리워요.
혹시 살이 타서 고생할까봐 수시로 썬크림도 발라주시고 멋찌게 사진도 찍어주시구요.
마지막날 더워서 지칠 수 있으니 시원한거 한 잔 마시자며 사주셨던 시원한 코코넛 음료도 너무 생각나구요. ^^
이 중에서 제일 그리운건 자상하게 챙겨주셨던 글로리아 가이드님이에요.
글로리아가이드님!!
감사합니다.
잊지 않을께요.
글로리아가이드이모!
사랑해요~
꼭 다시 놀러갈께요.
 "
코타키나발루,"글로리아가이드님(코타키나발루) 짱!!!! 최고!!!!:세월호 사건으로 온 나라가 뒤숭숭한 이때에 아이들과 코타키나발루로 여행을 가는 발걸음이 무척 무거웠습니다.
지하철을 타고 공항을 가는 내내 아이들과 제발 좋은 소식이 있기를 간절히 바라며 여행길에 올랐습니다.
저희집은 다섯 아이가 있습니다.
이 여행은 저희집 독수리오남매 중 요리사로 일하는 둘째가 동생들과 즐거운 추억이 되라고 보내주는 여행이라
한편으론 마음이 무거웠지만 최선을 다해서 어느 여행때보다 더 즐겁게 지내려고 마음먹었습니다.
  코타키나발루에 도착해서 나오는 순간 약간은 까무잡잡한 옆집 아줌마처럼 친근하게 생기신 글로리아 가이드님게서
아주 반갑게 맞아주셔서 처음 느낌이 너무 좋았습니다.
우리 글로리아 가이드님께서 4박6일동안 함께 하게될 가족들을 체크하신 후 호텔로 이동하는 차로 안내해 주셨습니다.
저녁늦게 도착해서 많이 피곤했는데 호텔에서도 발빠르게 이미 호텔키까지 다 체크해 놓셔서기다림없이 다른팀들보다
빨리 객실로 들어가게 해 주셨어요.
  아침에 일어나 조식을 먹을때도 저쪽에 어떤 음식이 맛있으니 많이 갖다 먹으라고 하고..
저희 아들이 아토피가 있어서 많이 고생하고 있는데  제 손에 무언가를 건네시며 아이가 아토피가 있는것 같은데
요거 한번 발라보라고.. 아마 피부가 진정되서 아이가 편안해질꺼라고..
깜짝 놀라서 어떻게 아셨나고 하니까 글로리아 가이드님께서 우리 아이도 아토피로 무척 고생해서 그 마음 알아요~
하시네요.. 감동~~ 감동~~~
  해변에 가서도.. 캘리베이 투어와 반딧불투어를 할때도 혹시나 모기에 물릴까봐 바르는 모기약을 먼저 챙겨주시며
다정다감하게 어르신들과 아이들이 불편함이 없도록 쉼 없이 체크해주시고 옆에 오셔서 챙겨주시더라구요..
정말 10년 넘게 옆집에 사는 친근한 이웃처럼..때론 언니처럼,,아이들에게는 이모처럼.. 어르신들에게는 딸처럼..친구처럼 대해주셨어요.
  돌아오는 공항에서 가이드님과의 헤어짐이 아쉬워 눈물을 주체할 수가 없었어요.
  패키지로 여러번 여행을 다녀봤지만 이렇게 자신의 일에 자부심을 갖고 프로보다 더 프로답게 일하시며
내 가족처럼 챙겨주시는 가이드님은 처음 봤습니다.
      노랑풍선의 서현정담당님께서 코타키나발루 가이드님들은 다 좋다고 하시더니..
  정말..글로리아가이드님 짱이에요~~~
    문론,다른팀 가이드님이셨지만 에릭가이드님과 도널드가이드님도 최고셨어요.  ^^
     "
코타키나발루,"코타키나발루~~~~~를 다녀와서 소감한마디:2013.7.7일 말레이시아 코타키나 발루를 다녀옴.
밍가든호텔. 깨끗하고 음식도 잘나오고 객실도 생각보다 만족스러웠음.
호핑투어.바다밑바닥에 산호조각으로 멘발로는 좀 불편했지만 물속에서 열대어 구경은 잘하고왔씀.
그 이튼날 작은섬에 들어가서 신기한것은 한쪽은 강이고, 건너편은 바다였씀.
강에서는 카누도타고 바나나보트도 공짜로 무제한타고 좋았기는했으나 떨어떠리는 바람에 물속에서 기절초풍.바다에서는 파도타기를 하면서 하루종일 놀고 싶었음.산호가루로 바닥이 아주 밀가루 풀어놓은듯 부드러움.
거짖말같이 발밑에 돌하나 밟히지 않아서 아이나 어른들이 바다수영하기는 왓따봉.
그림도 그리고 입으로 화살불기 놀이도하고 뷔페도 먹고 정말로 오기싫을 정도로 놀고만 싶었씀.
4박6일 갔더니만 오전,저녁 자유시간이 많아서...
밍가든 무료셔틀 버스를타고(오전10시.11시.12시....:미리 후론트에서 그전날 예약)날마다 손바닥만한
코타키나발루 시내를 돌아다님.택시타면(15링깃: 한국돈6천원정도)인데....사실상 걸어갈수 있는거리로 10분도 안걸리는거리.그걸잘 몰라서 택시(탁시)들을 타고 다니시더구만.제일좋은건 셔틀타고 나갔다가 그다음시간 셔틀타고 들오는것.성수기때는 셔틀버스가 봉고라 자리가 많이 부족할듯..
시내에가면(마켓:열대과일및생선.채소팜) 사먹을수 있는거라고는 망고!망고!망고
한국에서는 비싸지만 (30링깃:한국돈1만2천원)이면 한보따리.첫날 사놔야 냉장고넣어두고 날마다 먹을수 있음
남은거 한국으로 반입금지.
센타포인트백화점..가격도 한국보다 비싸고 제품은 만족도가 떨어지고 한국에서 유명한 겔럭시4매장만 수두루룩.그래도 할일없으니 그냥 둘러봄.
만약에 말레이의 관광기념품을 사려하신다면
마켓뒤쪽건물에 기념품.진주악세사리.열쇠고리.기념티.수공예 공산품등 파는곳이 있씀.우리도 돌아다니다 발견함
팍팍 갂아주지만 그래도 좀 더깎아야 잘산가격이됨.그기서 그거라도 아이쇼핑하던가 해야지~가이드님이 마지막날 델꾸가준 쇼핑센타(초코렛.라텍스.기념품가게)에서는 비싸기도 하거니와 알뜰여행 간사람에게는 살것이 별로없씀.
물론 라텍스는 말레이시아 고무나무가 유명해서 매트하나 사부렀엉.
똑같은 티셔츠인데도(기념품가게,공항면세점)가겨차이 따따따블.
반딧불 정글투어ㅡ배는 실컷 타봤네.1시간30분가량 강을따라 원슝이구경~노을감상~반딧불 구경..그런데 가는길이 참으로 멀더구만..
우린 페키지로 다녀왔씀.자유일정이 있지만 가이드님이 좋타는데 옵션추가해서 다니는게 편하기도하거니와
신변의 보호도되고 식사도 신경써서 잘챙겨 주시고 말레이시아에 대해 설명도 잘해주시고..
하나라도 더 챙겨주시고
하나라도 더 그나라를 설명해주시려고 노력하고 그런점이 좋았씀.
베테랑 샤론님!!!!!가이드로썬 따봉!!!!
가이드님 얘기 들어보니 아주 웃기고 재밌는 나라가 말레이 였씀.
         "
코타키나발루,"코타키나발루 데미안가이드님 덕분에 좋은 추억 만들어 갑니다:해외여행을 자주하는편이지만 이번 가이드인 데미안씨는 너무 마음에 들어요
덩치좋고 잘생기고 매너좋고 여행객에게 덤티기 씌우지 않네요
여행지의 특성상 바다에서 물놀이 할때가 많았는데 다른가이드 분들과는 달리
직접 수영복을 입고 고객들의 안전까지 살펴 주네요
다른가이드 분들은 가만히 앉아서 쉬고 있지만 데미안은 그렇지가 않네요
정말 마음에 들어요. 파도타기할때는 고객에게 직접 시범을 보이면서 어떻게 해야
재미있는지 방법 까지 가르쳐 주니 더욱 좋았어요. 몸을 아끼지 않는 가이드분입니다
말씀도 재미나게 하시고 깔끔한 매너가 좋았습니다
호텔 음식은 괞찮았지만 현지식은 입에 맞지가 않아서 좀 그랬지만
만족합니다
  다음에 코타기나발루에 가게 된다면 다시 데미안을 만나고 싶어요
이번 여행의 감동을 한번더 느껴 보고 싶네요
  반딧불 투어할때 배위에서 서서 안내를 하는 모습이 좋네요
사진 하나 올려 봅니다
데미안 찍은 사진이 별로 없네요
초상권 침해는 되지 않겠지요
  대구에서 김희진
   "
코타키나발루,"코타키나발루 잘 다녀왔습니다^^:저렴한 실속 상품으로 진행해주신 노란풍선에 감사드립니다.
도착하자마자 받은 커피와 티,슬리퍼 ...작은것이었지만...노란풍선의 정이 느껴져서 좋았습니다.^^
데미안 저희 가이드님...키크고 멋지고 유머러스하고 너무나 친절히 저희를 이끌어 주셨어요...
제가 한 해외여행 7번중 가장 좋은 가이드님이셨어요...제 사촌동생과 성격이 비슷하셔서 더욱 친근히 느껴졌습니다..^^
이렇게 좋은 가이드님과 이렇게 좋은 여행사의 상품이라면 앞으로도 계속 노랑풍선을 이용하고싶어졌습니다.
선택관광 강요않하시고 , 쇼핑에 부담 않주시는 가이드님...정말 최고였어요...ㅋㅋ덕분에 여행이 더욱 즐거웠습니다.
공기좋고 물좋고 조용한곳 사바...
다음에 또 쉬러오고싶은 곳이었어요....ㅋㅋ
같이 여행한 분들도 다들 좋은분들이라  더욱 즐거웠구요...
만타나니...! 가서 보고도 놀랐지만..집에와서 사진으로 보니..그림같은곳이라 또한번 놀라게 하네요..
모두들 행복하시고...오염되지않은 정말 그림같이 깨끗한곳으로 여행을 원하신다면 꼭 추천드리고싶네요^^
동남에에서 호핑투어 거의다 해봤는데 가장 물이 깨끗하고 예쁜 물고기도 많았어요..
가오리도 보았구...신기신기...ㅋㅋ
울신랑이 둘째날 저녁에 몸살을 앓았는데 도움주신 최윤정언니와 형부 (신혼부부)님께 감사의 말씀도 드리고싶네요^^
늘 행복하세요^^
   "
코타키나발루,"말레이시아 코타키나발루 스터디투어 출장기~:  말레이시아 코타키나발루 스터디투어를 다녀와서~ (2012.04.12~2012.04.16)
  에매랄드 빛 해변! 눈부시게 아름다운 석양! 동남아 최고봉 키나바루산! 
3가지를 모두 갖춘 말레이시아 코타키나발루를 소개하겠습니다!
  ▶4월 12일 - 1일차◀
인천국제공항 출발 (이스타 항공 19:05) 코타키나발루까지 (약 5시간 10분 소요)
현지도착시간 23:20 (시차 1시간)
         [인천공항 이스타항공 보딩카운터]                                [이스타 항공 실내]
              [이스타 항공 실내모습]                                       [이스타 항공 저녁기내식]
             [코타키나발루 국제 공항]                                     [코타키나발루 수화물 찾는곳]
  현지 공항에 도착 후 가이드와 미팅을 하고 약 1시간정도를 달려 초특급리조트인 샹그릴라 라사리아 리조트에 도착!
      [샹그릴라 라사리아 리조트 프론트데스크]                  [샹그릴라 라사리아 리조트 로비]
           [샹그릴라 라사리아 디럭스씨뷰룸]                         [샹그릴라 라사리아 디럭스씨뷰룸1]
              [디럭스씨뷰룸 화장실]                                              [욕실 비품들]
    ▶4월 13일 - 2일차◀
  아침 조식 후, 샹그릴라 라사리아 리조트 인스펙션 시작!
                                                          [라사리아 리조트 조식]                                                               
             [샹그릴라 라사리아 리조트 전경]                                           [수영장]
                  [라사리아 골프장]                                                      [골프장 전경]
                      [리조트 앞 해변]                                                   [수영장 전경]
  샹그릴라 라사리아 리조트 인스펙션을 마치고 샹그릴라 탄중아루 리조트로 이동 (약 50분 소요)
         [샹그릴라 탄중아루 리조트 프론트데스크]                                [수영장 전경]
            [샹그릴라 탄중아루 키나씨뷰룸]                            [샹그릴라 탄중아루 탄중씨뷰룸]    
                [탄중아루 수영장 전경]                                        [탄중아루 메인수영장 전경]
            [탄중아루 리조트 내 스파시설]                                     [탄중아루 키즈클럽]
  ★ 샹그릴라 라사리아★시내와는 거리가 멀긴했지만 조용하고 아늑한 느낌이 들었습니다. 리조트 뒤편에는 숲이 있는데
                                   그 안에는 오랑우탄서식지도 있고 리조트 전체적으로 자연친화적인 리조트의 느낌이 들었습니다.
★ 샹그릴라 탄중아루★ 시내과 공항과 가까운 리조트 중에 한곳으로 수영장 시설이 잘 되어있다. 코타에 있는 리조트 수영장 시설엔
                                    미끄럼틀이 거의 없다. 하지만 탄중아루는 그에 비해 성인도 이용이 가능한 미끄럼틀도 있다. 
                                    아이가 있는 가족단위 여행객들에겐 강력 추천합니다!
  탄중아루에서 중식 후 손님들이 가장 많이 선택하시는 옵션투어를 소개해드리겠습니다 
  [클리아스리버크루즈(반딧불투어)] - 시내와 이동거리는 약 2시간정도 소요
정글안의 폭넓은 맹글로브 나무 사이를 이동하면서 보르네오 섬에서만 서식하는 긴코원숭이(포르보시스 멍키)를 비롯해 강 주변의 생태를 탐험하시고 해가 진 후 현지식으로 저녁 식사를 하신 후 세계에서 3곳 밖에 없는 반딧불들의 멋진 모습 (크리스 마스 트리를 연상케 함.)을 구경할 수 있는 투어
               [투어를 함께할 보트]                                                      [투어 대기 장소]
            [곳곳에 숨어 있는 야생동물들]                                   [잔잔한 강, 아름다운 자연경치]
        [나무에 앉아 있는 긴코원숭이 가족들]                                 [아름다운 석양 감상]
                                                        [투어를 마치고 먹는 현지식]                                 
석식 후 리조트로 이동 및 휴식
    ▶4월 14일 - 3일차◀
  호텔 조식 후 툰구압둘라만 해양공원(마누깐섬, 마무틱섬, 사피섬) 으로 출발!
  [툰구압둘라만 해양공원] - 수트라하버 선착장에서 배로 이동 15분정도 소요
코타키나발루의 다섯 개의 섬들로 이루어져 있는 해양 국립공원 중 가장 아름다운 섬으로 스피드 보트를 타고
이동하여 맛있는 바비큐 점심 식사와 스노클링을 하며 휴식을 즐기실 수 있는 투어 입니다.
                                          [툰구압둘라만 해양공원으로 나가는 배 선착장]
                                                        [눈부시게 아름다운 바다와 바다 속 산호]
                                                   [하늘과 바다가 구분되지 않는 멋진 경관]
                                                     [섬 투어 시 중식(해산물과 각종 현지식들]
  지상낙원에서의 편안함도 잠시 다시 스피드 보트를 타고 리조트로 돌아와 수트라하버 리조트 체크인 후
코타키나발루 시내로 나가 시내 관광 및 시내호텔(그랜드보르네오, 노보텔, 밍가든) 인스펙션을 시작!
  [그랜드 보르네오 호텔 (준특급)]
그랜드 보르네오는 공항과의 거리가 차량으로 20분 가량 떨어져 있는 호텔로서 원 보르네오 하이퍼 몰에 위치한 그랜드 보르네오 호텔은 객실 면적은 작지만 깔끔하게 스타일로 꾸며져 있다. 338개의 객실을 가지고 있으며, 무료 셔틀버스가 원보르네오 하이퍼 몰에서
출발하기 때문에 시내를 이동하기에 편리한 장점이 있다.
                 [그랜드보르네오 로비]                                             [그랜드보르네오 스탠다드룸]
                          [화장실]                                                                  [더블배드룸]
                                                     [그랜드보르네오 그랜드디럭스룸]
                                                      [그랜드보르네오 수영장 모습]
[노보텔(준특급)]
세계적인 체인망을 가지고 있는 노보텔 체인 호텔입니다. 코타키나바루 시내에 위치하고 있으며, 2008년에 오픈하여 깔끔한 시설을 자랑하며, 1BORNEO쇼핑몰과 연결되어 있어 쇼핑을 하기에도 안성맞춤입니다. 또한 코타키나바루 메인 다운타운까지 무료로 셔틀버스 이용이 가능합니다.
                        [노보텔 로비]                                                         [노보텔 스텐다드룸]
                                                                [노보텔 스텐다드룸]
                                                                [노보텔 수영장 모습]
[밍가든호텔(준특급)]
코타키나바루 시내중심에 위치하고 있어서 이동이 매우 용이합니다. 2011년 12월에 오픈한 최신식 호텔인만큼 코타키나바루 호텔중 가장 깔끔한 시설을 갖추고 있습니다. 총 11층 건물로 600개의 객실을 보유하고 있습니다.
                                                               [밍가든 호텔 로비]
                  [밍가든 스탠다드룸]                                                       [밍가든 디럭스룸]
                                                           [밍가든호텔 화장실과 비품들]
                                                                                                   [밍가든호텔 수영장]
               [밍가든 호텔 수영장 전경]                                                       [식당]
  ★시내호텔(그랜드보르네오, 노보텔, 밍가든)★ 시내와의 접근성이 용이하여 자유시간동안에 시내활동이 자유롭고
                                                                     셔틀버스 운행으로 더 번화가로 나갈수 있는 기회가 있다.
                                                                     친구끼리 부부끼리 리조트가 부담스럽다면 시내호텔을 강력 추천합니다!
  시내호텔 인스펙션을 마치고 시내투어 시작!
                       [사바주 청사]                                                             [이슬람사원]
  석식 후 리조트 귀환 후 휴식
    ▶4월 15일 - 4일차◀
  호텔 조식 후 바다와 강이 만나는 물놀이가 가능한 켈리베이 투어 인스펙션 출발!
  [켈리베이 투어]
아름다운 술라만 해의 삼각주를 감상 하실수 있는 곳으로 맹글로브 강을 따라 고즈넉하게 자리잡은 이곳엔 그물 침대가 있어 달콤한 낮잠도 청할 수 있는 곳입니다. 바틱 페인팅, 활쏘기 체험, 해수욕과 함께 윈드서핑도 가능한 곳입니다.
                    [켈리베이 입구]                                                             [강을 건너는 땟목 배]
                                                                                                                   [현지식]
                           [바틱그리기 체험]                                                         [독침쏘기 체험]
                                   [해변을 바라보고 해수욕 및 해먹에서 자유시간을 즐기수 있음]
  해변을 바라보고 시원한 바람을 맞으며 해먹에서 잠시 휴식을 취한 후 키울루레프팅장소로 이동(약 40분 소요)
  [키울루레프팅]
가족과 커플을 위한 코스로서 아주 안전하게 래프팅을 즐길 수 있는 코스입니다. 어린 자녀들과 함께 보트를 타고
키울루 강을 타고 내려오는 즐거운 투어 입니다.
                                                   [레프팅을 즐기고 있는 중국인 관광객들]
                                                        [레프팅 후 먹는 맛있는 현지식(중식)]
  부족한 시간으로 레프팅을 직접 체험하진 못했지만 이용하신 고객들의 말을 들었는데 초보자들도 무리한 코스가 아니여서
매우 재미있었다고 하셨습니다. 또 포함된 식사도 굉장히 깔끔하고 맛있게 나와서 레프팅 후 먹는 음식도 좋았다고 하셨습니다.
  중식 후 수트라하버리조트로 이동하여 인스펙션 시작!
  [수트라하버리조트]
                [수트라하버 퍼시픽리조트]                                              [수트라하버 마젤란리조트]
                                                      [수트라하버 리조트 수영장(마리나클럽) 전경]
[수트라하버 마젤란리조트]
                                                                    [마젤란 디럭스룸]
                                                            [마젤란 디럭스룸 비품 및 욕실]
                       [퍼시픽 디럭스룸]                                                         [퍼시픽 클럽룸]
                  [퍼시픽 디럭스룸]                                                                           [욕실]
                             [볼링장]                                                                     [키즈클럽]
                                                        [수트라하버리조트에서 바라본 멋진 석양]
   코타키나발루 마지막 밤을 수트라하버리조트에서의 석양을 바라보며 이번 코타키나발루 스터디투어를 마쳤습니다.
말레이시아 코타키나발루는 다른 휴양지와는 다르게 부담스럽지 않고 편안하게 휴식을 취할 수 있는 지역이였던거 같습니다.
이 지역 현지인들 또한 굉장히 친철하고 순박한 모습이 인상적이였고 동남아에서 산, 바다, 강을 한꺼번에 즐길 수 있는 곳은
이 곳 말레이시아 코타키나발루 밖에 없을 것입니다.
일상생활에서 지친 피로와 스트레스를 풀기위해 떠나는 휴양코스를 원하신다면 말레이시아 코타키나발루로 여행을 떠나보세요^^
이상으로 코타키나발루 스터디투어 출장기를 마치겠습니다.
감사합니다^^
 "
코타키나발루,"코타키나발루 여행후기:한국에 돌아오니 다시 현실을 실감합니다.
  오래전부터 꿈꿔왔던 코타키나발루 였는데, 역시 기대한만큼 많은 추억 남기고 돌아왔습니다.
  해리 가이드님 덕분에 좋은 구경도 잘하고 저렴하게 맛난 식당에서 저녁도 ..
  무엇보다 정글체험하면서 반딧불 투어가 피크였던거 같아요. 이 투어는 하길잘했다는 생각입니다.
  킹망고도 거금들여 사주셨는데,, 맛은 그리 나쁘진 않았습니다. ㅋ
  아무튼, 공항에서 비행기 탈때까지 신경써주셔서 너무 감사드린단 말 하고싶네요.
  이번 여행으로 허파에 바람만 잔뜩 넣은 것은 아닌지 고민하며, 또 여행계획을 세우고 있네요. ㅋ
  모두들 행복한 여행 되세요~!"
코타키나발루,"코타키나발루 붐~ 가이드님 감사^^:1/28부터 4박 6일동안 코타키나발루로 휴가를 다녀왔습니다.
가기전에는 코타키나발루 뿐만 아니라 말레이시아라는 나라도 생소하였습니다.
그러나 여행을 마치고 한국에 돌아온 지금 코타키나발루는 언제고 다시 가고 싶은 여행지가 되었습니다.
이렇게 된데는 4박 6일동안 정말 성실히, 친절하게 여행을 이끌어주신 붐 가이드님 덕분이 아닌가 싶습니다.
여행에서 가장 중요한 볼거리, 먹거리에서 만족을 넘어 행복감을 주셔서 너무 감사해요.
또한 말레이시아라는 나라에 대한 나름의 편견을 버리고, 좀더 친숙한 나라도 생각할 수 있도록 다양한 이야기도 재미나게 잘 들었습니다.
잘 생기시고, 친절하시고,,^^ 무엇보다 힘든 여행을 즐겁게 할수 있도록 활력소가 되어주셔서 감사하다는 말씀을 꼭 전하고 싶습니다. 같은 인천분이라 더욱 편하기도 했고, 인천에서 말씀해주신 장소도 꼭 한번 가보도록 할께요~ 기회가 되어 인천에서 만나게 되면, 4박 6일 동안의 감사함을 한국에서 꼭 보답하도록 할께요~^^
다른 여러 나라도 가보았지만, 지금 코타키나발루는 가장 기억에 남은 곳으로 남아있습니다.
다시금 말레이시아를 방문하게 되면 붐 가이드님을 꼭 다시 뵐수 있었음 좋겠네요~
감사, 감사합니다.~~^^ 붐 가이드님~ "
코타키나발루,"코타키나발루 여행!!:저희두 밑에 슬기씨와 함께 같은 팀으로,

추석 연휴 동안 코타키나발루 여행을 다녀왔습니다.

노랑풍선 여행사는 처음인데 너무 좋은 분들을 많이 만나서 행복하고,
즐거운 여행이 되었던 것 같아요.^^

민정언니 부부, 이모와 이모부, 슬기씨와 어머님,
마지막날 함께한 예찬이 와 예찬이 부모님까지..

모두들,
여행지 에서 만난 분들 입니다..ㅋㅋ
너무 너무 감사했구요. 늘 건강하고 행복하셨음 해요.^^

아참~
그리구 여행은.. 어떤 가이드 분을 만나느냐에 따라 조금씩 즐거움과 불편함에 차이가 있는것 같은데,
저희는 일명 (비)님.. 가이드분~ㅋㅋ
여행 내내 친절한 설명과 재치 있는 입담까지..
감사했어요.^^

다음에 기회가 된다면 이 팀과 함께 또 여행을 가고싶을 정도로..ㅋㅋㅋ
좋은 추억이 된것 같아서 감사해요.
물론 (비) 가이드 분도 함께요~

모두들 건강하시구요. 가이드님.. 말레이시아에서 행복하게 오래오래 사세요.^^
그럼 안녕히 계세요..ㅋㅋ ^^"
코타키나발루,"코타키나발루 여행~~:저도 밑에 두분과 함께..

다른 분들과 한 팀으로 3박 5일 코타키나발루 여행을 다녀왔습니다.

친구와 함께 여서 그런지 여행 내내 더 웃음이 끊이질 않았던 것 같구요.

좋은 분들과 함께여서 더 알차고 보람된 여행이 된것 같아요.

3박 5일.. 조금은 짧은 여행 이었지만 저희와 한 팀 이었던 분들과,
정 도 많이 든것 같아요. 다들 잘 챙겨주시고, 가족같은 분위기!!

감사했습니다.^^ 그리고 저희는 좋은 가이드 분을 만나서 더 유쾌한
여행이 되었던 것 같아요.

여행 하면서 정말 잼있고, 즐거웠구요. 매번 친절한 설명도 감사했어요.
좋은 여행 만들어 주셔서 감사하구요.

다음에 또 여행갈 기회가 생기면 노랑풍선 잊지 않고 찾을께요.^^"
코타키나발루,"코타키나발루 후기 - 관광객 등한시하는 가이드:저와 같은 피해를 입게 될지도 모를 관광객들의 피해 예방과 노랑풍선 여행사의 무궁한 발전을 기원하며 작성하는 글입니다. 아울러 허위사실을 적시해 특정인물 등의 명예를 훼손하고자 함이 아닌 공공의 이익을 염두에 두고 작성하는 글임을 감안해 읽어주시길 부탁드립니다.
8월 16일부터 4박 6일 일정으로 코타키나발루를 다녀온 관광객입니다.
가이드였던 스미스씨 덕분에 시작부터 끝까지 미간에 자리 잡은 주름을 없앨 수 없는 여행이었습니다. 이로 인해 노랑풍선 여행사에 반감이 생기는 것은 물론 모든 가이들님들이 그렇지는 않겠지만 앞으로 여행을 다니면서 만나게 될지도 모를 가이드님들이 스미스씨와 같은 마인드를 가진 소수도 아닌 극소수의 가이드라면 어떻게 해야 할까란 생각이 드는군요. 미꾸라지 한 마리가 맑은 강물을 흐리듯이.
첫째 날, 코타키나발루 공항 도착 당시 신속히 이동한 다른 가이드님들의 관광객들과 달리 저의 팀을 비롯한 스미스씨의 관광객들은 그랜드 보르네오 호텔로의 이동이 지연됐습니다. 얼마 후 스미스씨가 호텔로의 이동이 지연되고 있다고 이야기 하더군요. 이유는 이야기하지 않고.
이에 이유가 무엇인지 알고나 기다리고 싶어 “뭐 때문이죠?”라고 묻자 스미스씨는 “한 팀의 짐이 분실된 문제로 지연되고 있다”고 화답해주더군요. 귀찮다는 듯이.
어떤 사건의 발생으로 인해 관광객들의 이동이 지연되고 있다면 대다수의 가이드님은 어떤 원인 때문인지 전달해주지 않습니까? 만약 그렇지 못했다면 이유를 묻는 관광객의 질문에 불량해 보이는 태도로 답할 필요는 없지 않습니까?
물론 자기 자신도 모르는 사이에 자신의 버릇이 종종 나오는 경우가 있겠지만 가이드라는 직업을 가졌다면 그 정도는 컨트롤해야 되는 거 아닌가요? 하지만 전 ‘저 사람 원래 저런가 보다. 일부러 불량한 태도를 보이는 것이 아니라면 본래 언행이 저런 사람인가보다’라고 생각하고 대수롭지 않게 넘겼죠.
하지만 다음날부터 대수롭게 넘겨 버릴만한 일들이 아닌 사건들이 발생합니다. 저도 사람인지라 또 다시 상기하자니 울화가 치미는군요. 심호흡 한 번 해야겠어요. 후읍~
둘째 날, 툰구 압둘라만 해양공원에 위치한 섬으로 이동하는 일정을 소화하기 위해 아침에 일어나 준비에 여념이 없었습니다. 그런데 화장살에서 친구의 비명소리가 들렸습니다. 황급히 가보니 화장실 천장에서 새는 출처를 알 수 없는 딱 봐도 불결하고 더러워 보이는 물을 뒤집어 쓴 채로 분노하고 있었습니다.
친구의 흥분을 가라앉히고 정해진 일정이 있으니 준비하고 나가서 스미스씨를 만나서 이야기하자고 한 후 저도 준비를 했습니다. 물이 새는 부분에 대충 응급조치를 취하고 준비를 하던 중 저도 친구와 같이 천장에서 새는 물을 뒤집어쓰고 말았습니다. 물이 낙하한 지점에는 드라이기가 설치돼 있어 자칫 잘못하면 감전의 위험도 있어 보였습니다.
이후 미팅시간에 맞춰 로비로 나갔습니다. 저는 흡연을 위해 흡연구역에 나갔다 로비로 들어왔습니다. 들어와서 스미스씨를 찾자 친구는 물이 새는 부분에 대해 전달을 했다고 하더군요. 그래서 그런 줄로 알고 정해진 일정을 소화하기 위해 이동했습니다.
섬에서 시간을 보내던 중 스미스씨와 마주쳤습니다. 이에 친구는 아침에도 주의에 모여있는 관광객들이 듣게 되면 호텔의 이미지 등에 타격을 입을 것과 스미스씨의 이미지까지 감안해 작고 간결하게 이야기하느라 전달이 제대로 되지 않았을 수도 있다며 주위에 관광객도 없고 하니 또 다시 이야기를 했습니다. 근데 옆에 있다 들은 대답이 가관이더군요. 스미스씨는 “여기 일정 끝나고 호텔 측에 말해서 최대한 바꿔보는 방향으로 하죠”라고 말하더군요.
헐~ 무조건 바꿔준다는 것도 아니고, 그렇다고 죄송하다는 말 한마디 없이 최대한 바꿔보는 방향으로 하자고 합니다. 최대한으로 해서 안 되면 그냥 머무르란 얘기 아닙니까? 어처구니가 없더군요. 그래서 옆에 있던 제가 “물 다 맞고 기분 언짢아졌다”고 얘기했죠. 그랬더니 귀찮다는 듯이 “이쪽 분(친구)에게 다 들었어요”라고 딱 잘라서 말더군요. 또 헐~
일정을 마치고 돌아온 호텔에서 스미스씨는 이런 저런 전달을 한 후 선택관광에 관한 업무를 보고 어딘가로 갑니다. 최대한 한다더니 그냥 갑니다. 아침에도 말하고 섬에 도착에서도 말했는데 갑니다. 자기가 가이드를 맡고 있는 관광객들 가운데 한 팀의 숙소에서 물이 새고 있는데, 아무런 말도 없이 그냥 갑니다. 그래서 날렵하게 옆으로 다가갔죠. 그리곤 방을 바꿔달라고 이야기를 했죠.
제 개인적인 느낌일 가능성이 크겠지만 갑자기 얼굴 표정이 변하더군요. 목소리도 저음으로 깔고. 그런 스미스씨를 보니 하도 어이가 없어서 웃기더군요. 더군다나 형식적으로나마 미안하다는 말 한마디 없이. 이런 행동을 지켜보는 저로썬 스미스씨가 ‘그냥 묵지 왜 귀찮게 이러는 걸까’라고 생각하는 것으로 오해할 수 있는 것 아닐까요?
호텔에서 물이 새는 건 스미스씨의 잘못이 절대 아니겠죠. 하지만 그 방에 묶는 건 스미스씨에게 맡겨진 관광객이며 스미스씨를 믿고 4박 6일의 일정을 소화할 목적으로 타국까지 날라온 관광객입니다. 제가 부당한 요구를 한 겁니까?
여하튼 우여곡절 끝에 방을 바꿨죠. 관광객을 먼저 생각하고 행동하는 가이드를 만나지 못한 나머지 가이드에게 구걸하듯이 ‘제발 바꿔주삼’이라는 식으로 바꾼 게 된 거죠. 조금이라도 관광객의 불편사항을 생각한다면 능동적으로 조치하는 모습을 보였어야 할 텐데, 방을 바꾸는 과정에서 스미스씨에게서 그런 능동적인 모습은 전혀 보지도 느끼지도 못했습니다.
원래 여행사 가이드 업무를 수행하시는 가이드님들의 대다수가 그렇지 않다는 건 익히 알고 있습니다. 적어도 제 주위에 있는 사람들은 이런 대접 받아본 적 없다고들 합니다. 심지어 지인들 가운데 가이드를 직업으로 삼고 최선의 노력을 경주하시는 분도 계십니다. 저도 여기저기 많이 다녀봤고요. 원래 스미스씨와 같은 가이드들이 정상인데 저를 비롯한 제 주위사람들이 이상하게 친절하고 능동적인 극소수의 가이드를 만난 걸까요? 제 지인이 이상하게 최선의 노력을 다하는 가이드일까요?
이게 다가 아닙니다.
이날 밤 저녁 8시경 스미스씨로부터 전화가 와서 다음날 관광과 석식에 대한 전달을 받았습니다. 이는 당초 10시경에 전화를 해 전달을 한다고 했으나 일찍 전달을 받았기에 스트레스와 피곤에 휩싸인 저와 친구는 각자의 신변정리를 하고 일찍 잠자리에 들기로 했습니다.
한참 잠에 들어있는데 스미스씨가 전화를 합니다. 시계를 보니 10시경입니다. 술을 마신건지 안 마신건진 알 수 없지만 갑자기 어눌해진 말투로 “아무개 사장님 되시죠? 저 스미스입니다”라고 합니다. 그래서 전 “잘못 거셨습니다”라고 하고 다시 누웠죠. 분명 8시쯤에 전화가 왔을 때는 저와 제 친구의 이름을 호명하며 전달사항을 알려줬으니 호수를 혼동한 나머지 실수를 했나보다 생각하고 말았죠. 다시 잠자리에 듭니다.
하지만 1시간가량이 지난 후 전화벨이 요한하게 울립니다. 스미스씨의 두 번째 전화입니다. 그리곤 첫 번째 전화에서와 같이 또 아무개사장을 찾길래 “아까 919호에서 817호로 옮긴 관광객인데 따로 체크가 안 됐습니까?”라고 물었고, 이에 스미스씨는 “아.. 그런가요 알겠습니다”라고 하고 끊더군요. 이땐 이 사람 ‘미안’ 혹은 ‘죄송’이란 단어를 배우지 못했거나 아예 모르는 사람이라고 제대로 느꼈죠. 그리고 왜 자꾸 실수를 하는지 이해하기 힘들어지기 시작합니다. 하지만 자체적으로 짠 다음날 일정에 따라 움직이기 위해 다시 잠을 청합니다.
이후 밤 12시가 넘어서 울리는 세 번째 전화벨소리.. 저와 친구는 직감했죠. 이불 베개 던지고 난리도 아니었습니다. 받자마자 아무 말 안했죠. 스미스씨라는 것을 느꼈기 때문이죠. 말을 안 하고 있으니 “817 고객님 방 맞으시죠?”라고 이야기 하길래 “예 맞고요 아무개 사장님 방 아니라고요”라고 했죠. 그랬더니 스미스씨가 한다는 말이 “내일 일정 전달하려 전화한 거예요.”라고 하더군요. 이에 저는 “이미 저녁 8시경에 다 얘기하셨는데 왜 지금 이 시간에 그걸 다시 전달하시는 거죠? 그걸 깜빡했다면 아까 전화 잘못 했을 때 전달했어도 되는 거 아닙니까?”라고 하고 끊었죠. 또 혼동해서 미안하다도 아니고 겨우 한다는 말이 이미 전달한 사항을 전달한다고 하다니... 눈에 훤히 보이는 핑계를 대자 씁쓸해지더군요. 그냥 솔직히 말하면 될것을...
저와 제 친구는 스미스씨와 함께 움직이는 일정이 아닌 자체적인 자유일정을 짜 움직일 계획을 짠 것에 대해 안도함과 동시에 개념이 탑재되지 않은 가이드를 만나 낭패를 보는구나 생각하고 잠도 다 깨고 해서 맥주를 사다먹고 다음날 계획한 일정을 모두 취소했습니다.
셋째 날, 언짢은 기분으로 보내던 중 저녁에 로비로 나갔습니다. 저녁에 삼겹살을 먹으러가는 일정이 있었지만 가고 싶은 맘이 없더군요, 그래도 단체로 움직이는 일정이니까 아무런 연락도 취하지 않으면 다른 관광객들이 피해를 입을 것이 우려돼 약속된 6시쯤 로비로 나갔습니다. 스미스씨가 있더군요. 그래서 “저녁 먹으로 안 갑니다”라고 말했고 스미스씨는 뭔가 기재를 하더군요. 근데 스미스씨가 어제 일에 대한 이야기를 꺼내며 미안하다고 말 할 법도 싶은데 전혀 입을 열지 않습니다. 그래서 제가 그랬죠. “어제 밤에 왜 그렇게 전화를 한 겁니까? 뭔 일 있었습니까?”라고 물었고, 이에 스미스씨는 “다른 호텔과 혼동해서 그랬습니다”라고 하더군요. 다른 호텔과 혼동해서 늦은 시간까지 1시간 간격으로 3번이나 전화를 하다가 마지막 세 번째에는 이미 전달한 내용을 다시 전달한다며 전화를 걸었답니다.
셋째 날 저녁에는 아무런 전달도 전화도 없더군요. 다음날 무엇을 할 것인지에 대한 전화도 없고 해서 원래 관광객들 신경 잘 안 쓰는 가이드니까 그럴 만도 하다고 생각했지만 기분이 썩 좋지는 않더군요. 그렇게 혼동해서 전화하던 사람이 이제는 관광객의 기본적인 일정체크도 하지 않는다고 생각하니 말입니다. 그렇게 생각하니 먼저 전화해서 물어보고 싶은 맘도 없고 해서 코타키나발루로 오며 친해진 커플팀과 조인해 다음날 일정을 계획했습니다.
넷째 날, 조인한 커플팀과 계획한 일정을 소화하며 코타키나발루에 온 날들 중 가장 해피하게 보내는 듯했습니다. 그러나 전날 스미스씨가 기본적인 전화를 하지 않았던 탓에 애석하게도 부작용이 발생하고 맙니다. 이때 쯤 저희 팀은 더 이상 욕도 안 나왔습니다.
저녁식사를 해야하는데 생각을 해보니 전달받은 사항이 전혀 없었던 거죠. 가뜩이나 전날 8시 이후에는 룸에서 쭉 머물렀는데 스미스씨의 전화는 없었다는 사실을 다시 한 번 직감하게 됩니다. 그리곤 여행 상품에 넷째 날 석식이 불포함이라 전달을 안 한 것일 꺼라, 아니 그런 것이길 바라면 일정표를 보니 떡하니 ‘현지식’이라고 써 있더군요. 아무런 전달이 없었던 것에 의아한 나머지 넷째날을 함께 보냈던 팀에게 전화를 걸어 물었죠. 그랬더니 그쪽 분들도 따로 전달을 받은 사항이 없었다고 하더군요.
스미스씨에게 전화를 했습니다. 하는 말이야 뻔했습니다. 뭐 정신이 없어서 깜빡했다는 식으로 말을 하더군요.
이래저래 세세하게 작성을 하자면 한도 끝도 없을 듯합니다.
이해할만하면 이해하고 이해할만 하지 않아도 이해를 해보려 노력을 하지만 여행 내내 저희를 괴롭게 했던 스미스씨의 언행은 이해를 할 수 없네요. 정식으로 요구합니다. 진심어린 사과의 말을 듣고 싶습니다. 스미스씨라는 가이드분 육성으로 말이죠."
코타키나발루,"코타키나발루 샹그릴라 탄중아루:탄중아루 리조트에서는 세 개의 수영장과 네 곳의 테니스장 , 나인 홀 피치 및 퍼트 골프 연습장과 각종 장비가 가득한 헬스 클럽 등이 있고 세일링, 윈드 서핑, 수상 스키와 수영, 스노클링 및 스쿠버 다이빙을 즐길 수 있다.

호텔에서 얼마 떨어지지 않은 곳에서는 급류 타기, 자연 온천 등을 줄길 수 있으며 키나바루 산 등산도 즐길 수도 있다."
코타키나발루,코타키나발루:코타키나발루 탄중아루
코타키나발루,"코타키나발루 일몰~:코타키나발루가 세계 3대 일몰지잖아요..

그만큼 유명하죠~~^^

일몰사진 하나올려요..

디카가 안좋은거라..별로네요//

직접 가서 보심 환상입니다^^"
코타키나발루,"코타키나발루 여행~^^:지난 여름휴가지 코타키나발루..

여름휴가지 선정중 여러가지 많이 검색해봐서 혹시 도움되실분있을까해서 올려요..

코타키나발루.. 우선 물이 맑아요^^ 기본이겠죠..ㅎㅎ

제가 묵은곳은 수트라하버 퍼시픽윙이었어요. 마젤란윙할까 퍼시픽할까 고민많이했는데.. 어차피 다같은 수영장이용에 같다고봐요 전... 조금이라도 몇만원이라도 저렴한 퍼시픽윙 추천이요..

수영장은 여러가지가 있어서 휴양하기에 정말 딱이예요

시내와의 거리도 좋구요.. 택시타면 아주저렴하게 갔다올수있어요 .. 10분도안걸렸던거같아요..

역시나 물가는 동남아치고는 비싸요.. 물론 우리나라보단 쌉니다...

스노쿨링은 개별적으로 이용하게끔 하더라구요.. 다른곳보면 배타고 나가서 주르륵 내려놓는데.. 그런게아니라 장비나눠주고 하라고.. 해수욕장처럼요.. 전 그게 더좋은듯..



좀 조용하긴하지만..휴양하기엔 딱인거같아요.. 코티키나발루 추천합니다.."
코타키나발루,코타키나발루:말레이시아 코타키나발루의 샹그릴라 탄중아루
코타키나발루,"코타키나발루를 다녀와서: 코타키나발루에 4박 6일 다녀왔습니다.
     출발 전 참고하려고 후기를 찾았지만 이곳에 코타에 대한 후기가 없어 겸사겸사 글을 올립니다.
 출발 일에 예약자가 별로 없어 근심 했는데 현지에 도착하니 다른 여행사의 여행객과 합쳐 인원은 20명이 넘었다. 그러다 보니 여행객 별로 숙소도 다르고 옵션도 다르고 가이드가 동분서주해야 했고 그로 인해 ㅉㅉㅉ
  둘째날, 코타의 툰구압둘라만 해양공원의 아일랜드 호핑투어는 내가 다녀 본 동남아의 몇몇 호핑투어와 비교해 볼 때 호핑투어 축에 끼지를 못한다. 구명조끼와 물안경만 빌려 줄 뿐 그냥 해변가 해수욕이다. 비치도 별로이고 바닷물 색도 그리 맑지 않다. 이곳은 해양스포츠 하는 곳이지 스노쿨링은 아닌 것 같다.
이게 무슨 호핑투어냐고 가이드에게 물으니 그렇다면 만타나니 섬으로 가야한단다. 마무틱 섬 가고, 또 만타나니 섬 호핑투어 하기는 중복된 느낌도 있고 시간적 여유가 없다. 다른 선택관광을 해야하니까.
의무적으로 해야하는 호핑투어(마무틱섬) 비용을 조금 더 받더라도 제대로 된 스노쿨링도 하고 호핑투어를 실시하면 좋겠다.
  셋째날 캘리베이 투어, 우리팀에서는 신청자가 우리 부부 2명 밖에 없어 다른  팀의 가이드와 함께 했다. 우리 가이드가 젖어도 되는 옷을 입고 가라기에 나는 수영할 수 있느냐고 물었는데 우리 가이드가 수영을 할 수 없다고 했다.
그런데
삼각주 지형이라 한쪽은 강이고, 반대쪽은 바다로, 민물에서는 바나나 보트, 카약을 탈 수 있고, 바다에서는 윈드서핑놀이를 할 수 있는데, 투어에 대한 설명이 하나도 없었다. 강물 쪽은  덥고 바다 쪽 그늘은 시원하고 작은 지형에서 이렇게 온도 차이가 날 수 있나 싶은 것이 나름 괜찮은 곳이 었다.
파도가 세서 수영은 못해도 물놀이 할 수 있다는 한 마디만 해주었어도 좋았으련만.... (나는 물에 들어가서 놀 수 있는냐는 의미였는데 아마도 나의 질문을 잘못이해하고 답한 것 같다.)
푸른 바다에서 윈드서핑 판대기를 갖고 놀고 있는 사람을 쳐다보고 해먹에 누워 오지도 않은 잠을 청하면서~ 여행의 성패는 가이드에게 달렸음을 다시 한 번 곱씹었다. 많이 아쉬웠다.
내가 순간 착각을 했었다. 캘리베이 투어에 대해서 노랑풍선 홈피 설명 읽었는데, 60이 훌쩍 넘으니 깜빡깜빡하는 경우가 종종 있다. 가이드에게 ‘수영할 수 있느냐' 고 왜 물었을까 차라리 묻지 않고 내 생각대로 준비하고 갔으면 아쉬움 없이 놀다 왔을 것을....   남편은  '우리가 늙어서, 파도도 세고 윈드서핑하다 다칠 까봐 얘기 안 해준 것' 이라고 좋게 생각하라' 고 해서 여행 기분 망칠까봐 패스했음. 그러다 보니 코타의 푸른바다는 나의 머리 속에 없다.
  가이드! 선택 관광 너무 강요해도 안 좋지만, 묻는 말에 성의 없는 단답형 대답과 방임하는 것도 안 좋은 것 아닌가? 이것이 처음에 내가 우려했던 우리와 같은 일행이  별로 없어서 생긴 결과가 아닌가 생각한다.
그날 함께한 다른 팀의 해리 가이드,  참 착하고 좋았다. 설명도 자세히 하고 아는 것도 꽤 많은 것 같고 꾸준히 공부 하는 진실 된 가이드다. 우리 부부의  자유시간 활용에 대해 조언해 주어 고마웠어요. 늘 행복하기를 바래요.
  넷째날 클리아스리버쿠르즈, 반딧불이로 워낙 유명한 곳이라 생략.
    말레이시아는 무슬림 국가로 치안 상태가 좋단다.
 다행이 밍가든호텔은 셔틀버스가 거의 한 시간에 한번 씩 다녀 투어 후 남는 시간에 시내에 나가기가 좋다. (내린 자리에서 타고 들어와야 되는데 탈 사람은 많고 내린 사람이 적어 자리가 없으면 안태워준다. 셔틀 놓쳐 택시타고 귀가하면 15링깃) 시내에는 곳곳에 마트도 있고, 재래시장 같은 필리피노 마켓에서 과일을 사다 먹을 수가 있어 참 좋았다. 어디서도 시도해 보지 못했던 두리안을 사다 먹었다. 워낙에 큰 두리안이라 가격도 좀 비싸고 해서 깎았다. 중국계 말레시아인이 팔고 있었는데 깎아주더라구요. 망고는 필리핀에서 수입한다고 하는데 필리핀 관광지 보다 싼 것 같다. 정말 실컷 먹었다. (내가 필리핀에서 바가지 쓴 것인지는 모르겠지만). 망고스틴은 어디나 비싸다. 두꺼운 겉껍질 빼면 먹을 것이 적은데, 잘못 고르면 먹을 것도 없다 내가 보기에는 자주색보다 누르스름해진 것이 껍질을 까면 속살이 마늘처럼 예쁘게 자리 잡고 있다. 그나마 파는 곳은 한곳 밖에 없었다. 또 동남아에 있는 살아있는 녹색 랍스타 먹을 수 있는 곳이 있다(해물 야시장과 레스토랑 등등). 한국에는 검붉고 다리 엄청 큰 것만 들어오는 것으로 아는데.
  여행 마지막 날 저녁 야시장은 들르지만 몇 시간 만 있으면 비행기를 타야 되니 과일을 사먹을 수가 없다.
 일정에 포함된 야시장, 진정 여행객을 위한다면 야시장은 여행 초반에 들러 열대 과일도 사다 놓고 먹을 수 있게 해 주면 좋을 것 같다.
  끝으로 여행다니다 보면 마지막날 가이드와 헤어질때는 늘 마음이 짠 했는네, M가이드 나름 수고는 했겠지만 이번처럼 헤어질 때 아무 느낌 없기는 처음이었다."
코타키나발루,"코타키나발루를 다녀와서: 노랑 풍선을 통한 여행은 이번이 두번째 여행이었지만 역시나 실망시키지 않는 여행이었습니다.
이번 여행은 다른 때와는 달리 생각만큼 재미있는 여행은 되지 못했습니다. 도착한 다음 날 즐겁게 배를 타고 간 바다에서 갑작스런 (평소에는 이런 비가 내린적이 거의 없다고 하더라구요ㅠㅠ)비가 내려 예정했던 파라세일링도 하지 못하고 왔으며 다음날 기대했던 캘리베이 투어는 새벽부터 시작된 복통과 식중독 증세로 호텔방에서 쓰러져 하루를 보내야만 했습니다. 아--이렇게 괴로울수가--
 하지만 이렇게 가장 실망스러운 여행이 될 뻔한 여행이 저에게는 최고의 여행이 되었습니다.
 모두가 데미안 부장님 덕분에요,, 새벽부터 잠도 주무시지 못하고 병원에 데려가 주시고 저와 같은 증세로 고생하시던 어머니도 살뜰히 챙겨주시고,, 무엇보다도 저희 아이의 멘토 역할까지 해주셔서 얼마나 감사한지 모릅니다. 특히 저희 아이는 데미안 가이드 형(가이드 형이라고 부르거든요,,)과의 만남이 '인생의 터닝포인트'인 것 같다고 말할 정도입니다. 즐겁게 즐기다 오는 여행도 좋지만 사람과의 좋은 관계에서 느끼는 깨달음과 즐거움을 어떻게 비교할 수 있겠습니까? 노랑풍선을 통한 여행이 아니었다면 갖지 못했을 소중한 6일이었습니다.
  다시 한번 데미안 부장님께 코타키나발루로의 여행을 뜻깊게 만들어 주심에 진심으로 감사드립니다.~~~"
코타키나발루,"Dannie가이드와 함께한 엣지있는 코타키나발루여행:보통 저가의 패키지 상품으로 해외여행을 다녔지만 이번엔 여행적금 만기 기념으로 좀 럭셔리한 여행을 계획했어요
이스타 항공-넥서스 리조트 4박 6일 코타키나발루~
저가 항공을 이용하는 대신 좋은 숙소를 골랐죠
시원한 미소로 '오시느라 고생 많으셨습니다' 로 첫대면을 하는 Dannie가이드
지금껏 이런 인사를 건네는 가이드가 있었던가?
이번 여행은 어느때보다 즐거운 여행이 될거란 기대를 갖게 했답니다
넥서스 리조트 음식이 입맛에 안 맞을까 대니는 염려했지만 음식은 맛있고 훌륭했습니다
특히 동남아식 커리요리와 가지볶음은 꼭 드셔보세요
숙소로 향하는 차안에서 지나가는 건물 하나하나도 알려주려하고 말레이시아어로 간단한 인사, 숫자, 단어 등 연신 열정을 다해 설명하는 대니가이드~
덕분에 올때쯤엔 우리끼리 말레이시아 인삿말로 농담을 주고 받을 정도가 되었답니다
첫여정은 스트라 하버 항구쪽에서 배를 타고 툰구 압둘라만 해양공원-
스노쿨링, 패러세일링 등 여러가지 해양스포츠를 즐기며 해수욕을 할 수 있는 바다빛이 아름다운 섬입니다
바다속으로 들어가지 않아도 특이한 예쁜 물고기를 지천에서 볼 수 있구요
스노쿨링을 하면 가끔 아프지않을 정도로 살짝 공격도 한답니다
섬에서 이루어지는 모든 서비스 이용은 무료구요 스노쿨링 장비도 빌려주고 섬에서 먹는 현지식 뷔페도 푸짐하고 맛도 좋아요
섬투어를 마친후 일정이 일찍 끝난 관계로 우린 마사지를 받을 수 있는 곳을 물었는데요
대니 가이드가 소개해준 마사지샵은 우리모두 대만족 이었어요
물론 가격도 저렴하죠 옵션에 있는 발마사지에서 추가로 전신을 받았는데 마사지를 아파하는 울언니도 만족, 돌아가는 날도 또 받자고 먼저 청할 정도였습니다
둘째날은 여유롭게 쉬고자 원했던 우릴 위해 리조트에서 산책도 하고 야외수영장에서 물놀이를 하며 하루를 보내는 것도 괜찮다는 대니 가이드의 권유로 리조트에서 오후까지 보냈구요
  저녁은 밍가든팀과 탄중비치 선셋을 구경, 달력에나 나올법한 굉장한 풍경을 맘껏 볼 수있었어요
다음날 볼 수 있는 클리아스 선셋보단 못하지만 비치에서의 선셋은 또 그 나름의 감흥이 있으니까요
클리아스 투어 일명 반딧불이 투어를 옵션으로 했는데 꼭 가보시길 권해드려요
강추입니다!!!!
밀림에서의 선셋, 배를 타고 보는 프로보시스 몽키, 도마뱀, 악어..
특히 반딧불이는 그 어느곳에서도 볼 수 없는 눈물이 날거 같은 감동을 줍니다
반딧불이가 맴도는 나무는 크리스마스 트리를 연상시키는데 손으로 만질 수도 있습니다
마지막날 시내투어를 하고 공항으로~
대니 가이드는,면세점도 없고 늦은 시간이라 일찍 들어가면 힘들다고 우리 일행을 끝까지 배웅해 주었어요
가이드로서보다는 여행하는 상대방위주의 조언과 배려로 정말 소중한 추억 가득 담아왔습니다
Dannie가이드님! 감사합니다~~앞으로도 좋은 분들과 소중한 인연 계속 이어가시길 바래요
   "
코타키나발루,"코타키나발루에서 잊지못할 추억:남편이 코타키나발루를 예약했다길래 왜 근거없는 그런곳에 했냐고 구박했었는데....이런 낙원같은 곳인줄 몰랐습니다.
  첫째날,  마무틱섬 호핑투어에서도 잊지못할 추억을 만든것같구요~~
둘째날, 반딧불투어, 정글탐험, 선셋풍경...대박이었죠!!
셋째날, 여기저기 많이 보여주시려고 애쓰시던 해리가이드님께 감사합니다.(소주....는 드셨는지...)
  한국에 돌아왔는데 아직까지 코타의 여운때매 아쉬워하며 주위분들께 코타홍보에 앞장서고 있습니다.
  제게 수업 받으시는 어머님들 벌써 팀 짜고 계시네요.  가시겠다고...ㅋㅋ
  가시는분 있으면 소주랑 젓갈이랑 사서 해리가이드님께 꼭 전해 드릴께요~~
  첫날 잃어버린 캐논DSLR카메라만 아니였으면 더 좋은 여행이 되었을텐데...ㅜㅜ
  제게 다음 여행지도 코타 입니다.  다음엔 수트라하버에서 꼭 묵고 시프다....ㅋㅋ"
코타키나발루,"3.14~18일 [코타키나발루] 김배균 ~ 바이러스 가이드님과의 즐거운 여행 ~ ^^:    안녕하세요 ㅋㅋ
  3월 14일부터 18일까지 3박 5일동안 코타키나발루로 여행을 다녀왔습니다.
  말레이시아에 대한 정보 특히 코타에 대한 정보가 그닥 많지 않아서 걱정을 좀 했는데..
김배균 가이드님이 !
공항에 내리자마자 어떻게 첫 느낌과 얼굴만 보시고 ' ooo, ooo 시죠 ?? ' ㅋㅋㅋ 하는데 진짜 깜짝놀랐습니다 !!!
  엄마와 제가 노랑풍선으루 예약한 사람인줄 어떻게 알고.. 그 많고 많은 사람중에 ㅋㅋㅋㅋ
  그렇게 처음부터 저희에게 깜짝 놀라움을 선사하시고 ㅋㅋ
  3일동안 여행하는 내내에도, 옵션을 강요하지도 않으시고 ~ 저희가 어디 나가게 되어도 어딜 봐야 좋은지, 어딜 가봐야하고
무얼 사면 좋은지 여행객입장에서 추천해주셔서 너무 감사했습니다.
  3일동안 휴양하면서 엄마와 그리고 팀원들과 좋은 추억 남겼구요 ~ ^^*
  가이드님 덕분에 즐거운 시간 보냈습니다. 정말 감사합니다 ~ ^_^"
코타키나발루,"코타키나발루에서의 3박5일!:                             코타 키나발루의 탄중아루 비치에서 본 일몰

9월 11일부터 15일까지, 3박 5일 일정으로 코타키나발루 여행을 다녀왔습니다~^^
처음 간 날엔 호텔 앞에 펼쳐진 바다와 너른 휴양지를 생각했던 저희에겐 좀 실망스러웠어요, 
호텔에서 막바로 나갈 수 있는 바다도 없고.. (그랜드 보르네오 호텔에서는요^^) 
그치만 다음날부터 재미있고 친절한 가이드와 유쾌한 팀 덕분에 정말 즐거운 여행 했답니다^^
  (사진 날짜는 카메라 설정이 잘못 되어있어서 ^^)
둘째 날 갔던 국립 해양공원,마무틱 섬이었는지 미누칸 섬이었는지 기억은 잘 안 나지만^^

정말 사진에서 보던 그 예쁜 바다와, 바다 속에 들어가면 잔뜩 있는 열대어, 그리고 여러가지 해양스포츠까지^^

바로 해안 가에서 물안경만 쓰고 들어가도 물고기들을 막 볼 수 있는게 정말 신기했어요~
바다 색도 너무 예쁘고, 정말 실컷 놀다 왔습니다^^

셋째날, 
가이드님의 배려로 과일을 사러 갔던 과일 상점과 
강과 바다가 만나 너무도 아름다운 광경을 보여줬던 캘리베이!
사진으로 그 아름다움을 다 담을 수 없다는 게 너무 아쉬웠어요..
바틱그리기나 침쏘기? 같은 전통 문화도 체험하고, 강에서는 바나나보트와 카누, 보트를 타고 
바다에서는 서핑보드로 신나게 놀았구요^^
정말정말 알찬 시간이었습니다!
후회하지 않을 거라던 가이드님의 말씀대로였어요~^^


마지막 날, 여기저기 시내관광과 초콜릿 만들기 체험, 탄중아루 비치에서의 선셋^^
자칫 잘못하면 가게에 쇼핑만 잔뜩 데려다놓는 날이 될 수 있었는데
이것저것 잘 챙길 수 있게 팁을 많이 주시고 일정을 조정해 선셋까지 볼 수 있게 해주신 가이드 덕에,




마지막 날도 정말 보람차게, 일행들과 재미지게 보낼 수 있었어요~


마지막 사진은 저희 일행 중에 아이와 함께 오신 아버지 사진입니다^^
올린다고 말씀드리진 못했지만, 너무너무 멋지게 잘 나와서 한 장 올려요~^^
 

마지막으로,
코타키나발루 그 자체도 정말 좋았지만
그 여행을 더욱 맛깔나고 재미있게 해주신 우리 훈남 가이드 비!^^
바쁘게 일상생활 하고 계실 일행들 대표해서, 정말정말 감사드립니다~^^"
코타키나발루,"코타키나발루...:여름휴가로 친구 3명과 함께 코타키나발루 다녀왔어요.

제가 친구들 휴가까지 책임지고 진행한거라 무척 신경이 쓰였던 여행이었어요.

（망치면....죽음이니까~~ㅋ）

여행인원이 줄어서 출발이 될까 조마조마 했는데. 몇명 안되는 우리인원....그래도 출발할 수

있도록 배려해 주셔서 넘 감사했어요.

가이드분도 너무 잘 만나서....산이랑, 바다랑, 계곡으로 트랙킹도 가구요..

가족처럼 함께 즐겁게 지내다 왔습니다.

가이드 분 전화번호도 받아왔는데 전화 한번 드려야겠네요.

친구들과 만나면 지난 여행이야기에 시간 가는줄 모른답니다.

친구들과의 우정도 더욱 돈독해진거 같아요~.

다음 여행은 어디로 가야하나~~ㅎㅎ"
코타키나발루,코타키나발루:코타키나발루의 산
코타키나발루,코타키나발루:퍼스트 비치 탄중아로 해변의 석양
코타키나발루,코타키나발루 주립 이슬람사원:코타키나발루 주립 이슬람사원
코타키나발루,코타키나발루시 시립 이슬람 사원:말레이지아의 코타키나발루시 시립 이슬람 사원
코타키나발루,코타키나발루의 해변:코타키나발루의 해변
코타키나발루,"코타키나발루여행:한가로이 쉬고 싶으신 분들한테 추천하고 싶어여. 그리고 자유여행에 너무 익숙하신 분이라면 썩 좋지 않을 수도 있구여.. 첫날은 밤에 도착하기 때문에 바로 리조트로 가서 자게 되구여..

리조트는 많이 기대 안하시는게 좋아여 저렴한 이유가 다 있는거 같아여 ㅋㅋ

리조트 장점은 비치가 식당 바로 앞에 있기 때문에 한가롭게 바다향기 맡으면서 휴양하기는 딱 좋구여 수영해두 되구여..리조트에 실내수영장도 있어여^^ 또 리조트 자체가 방가로 형식으로 나무들이 우거져 있구 해서 자연을 느낄 수 있어서 좋아여..

단점은 썩 그렇게 깨끗하지는 못한거 같아여.. 아침마다 청소를 해주긴 하는데 대충하는 것 같아여.. 이불만 다시 펴놓는 정도? 제가 실험으로 컵을 먹구 일부러 안씻구 놔뒀는데 고대로 있더라구여... 커피물 끓이려다 녹이 슬어 있어서 놀라기두 했구여.. 근데 저렴한 가격에 너무 많은 걸 바라면 안될거같아여.. 아침은 부페식인데 전 맛이 없었어여.. 감자튀김하고 빵만 먹은것 같아여.. 근데 맛있다고 잘 먹는 사람도 있었으니까 무지 주관적이랍니다..

둘째날은 산호섬가서 노는데 바다물에서 수영하고 부페먹는데 괜찮아여 바닷물이 참 깨끗해여 물고기들이 다 보이구.. 저는 페러셀링했는데 재밌었어여^^

셋째날은 자유구여 선택 관광하러 나가는 사람두 있는데 저는 안갔어여.. 패키지는 첨이라 우르르 가서 타라 내려라하는거 별로 안 맞더라구여.. 다음날 시내관광 잠깐 한다고 했지만 심심해서 친구랑 시내에 나갔어여 리조트 프론트에 물어보면 시내로 나가는 셔틀버스있어여

아침 10시, 12신가 있어여 돌아오는거는 2시반.. 나가시려면 일찍나가야 셔틀타고 올 수 있어여

비용은 1인당 15링깃.. 저는 돌아오는 셔틀 끊겨서 택시타구 왔는데 50링깃이에여 더 달라구 하는데 호텔에서 이미 다 알아보구 왔다 50링깃이 맞다구 택시 기사한테 말하니까 그렇게 하더라구여.. 근데 오면서 아저씨가 재밌게 얘기해주구 그래서 걍 60링깃 줬어여 ㅋㅋㅋ

시내는 별로 볼건 많이 없는데 걍 그나라 사람들 이렇게 사는구나 둘러보구 하니까 좋더라구여.. 글구 저는 거기 음식이 거의 맞지 않아서 맥도날드가서 햄버거 사먹었어여 ㅋㅋㅋ

링깃은 2만원정도만 바꿔가면 좋을것 같구여.. 리조트에서 바꿔주긴하는데 1달러를 2.5링깃으로 쳐줘서 손해에여.. 그리고 나머지 경비는 가이드한테 주는건데 다 달러로 계산해여. 전 특별히 사거나 선택관광을 하지 않아서 150불로 충분했어여..

넷째날은 이슬람사원, 청사 이런데 둘러보는데 말 그대로 걍 둘러보는거구여.. 라텍스파는데가서 침대랑 베개 구경하는데 저는 베개 사왔는데 잘 사온건지 찝찝해여.. 글구 야시장 아주 잠깐 들리는데 명품짜가파는데여.. 흥정하면 계속 깍아줘여 ㅎㅎ 글구 막날이라구 씨푸드 먹으러 가는데 젤 맛있었어여.. 정말 먹을 만해여 ㅎㅎ 글구 석양지는거 보면서 먹으니까 더 좋구 집에 가기 싫어져여 ㅋㅋ

나름 괜찮았던 여행같아여.. 적응하려니까 돌아와서 좀 아쉬웠죠,,. 비행기가 밤비행이 아니었더라면 하루를 더 벌 수 있었을텐데.. 고게 쫌 아쉽네여...

아 주 연령층은 나이 좀 있으신 분들이랑 가족들.. 저랑 제 친구만 어렸죠 ㅋㅋㅋㅋ"
코타키나발루,"코타키나발루 호텔 PHOTO 열전~!!!:일급 호텔로 시내에서 1시간 정도 떨어짐. 외곽에 위치하여 주변에 아무~것도 없음.



1급 리조트 치고는 정원이 아기자기하게 꾸며졌고 어린이용 슬라이드까지 갖춰짐.



말레이시아 사바주에서 정부행사를 주로 이곳에서 연다고 함.





시내에서 40분정도 떨어진 곳. 달리베이 C.C를 끼고 있으며,



그저 괜찮은 호텔에서 내리 죽죽 있겠다 싶으면, 괜찮은 호텔. 주로 서양것들이 많이 머무는 곳.



워낙 한국 바운드에 적극적이라 홍보 겁나 해댔던 호텔.



객실은 괌 PIC 정도의 느낌. 호텔 로비가 상당히 크며, 레스토랑, 풀 그리고 객실은 수준급





일본에는 6성급 호텔이라고 까지 소개가 된다고 함. 객실은 비교적 깔끔하며



고급 분위기 나지만 테라스가 있기 때문에 상당히 비좁은 가운데 킹사이즈 베드 외에 엑스트라 베드 추가가 어려움.



격을 갖춰야 하는 레스토랑부터 볼링장, 스쿼시,경기용 사이즈의 풀장까지 부대시설은 끝내줌







시내에서 20분거리 최고 5성급 호텔.

키나발루윙이 레노베이션 1년째라 무쟈게 좋음. 때마침 서양것들이 선셋 파티 중이었는데 제법 분위기 남.



객실 상태 굿!~레스토랑 굿! 해질때 가서 어둑컴컴한 사진 밖에 없음. 동급 마젤란 보다 훨배 훨배 좋음."
