title,reviews
도보로 여행하는 블라디보스토크 시내 명소,"한국에서 2시간 거리의 유럽이라 불리는 블라디보스토크는 도보로 여행하기 꽤 편한 도시다. 걸어서 시내의 주요 명소는 대부분 돌아 볼 수 있으니 하루 정도 날씨가 좋은 날 도보 여행을 추천한다. 도시 곳곳에서 만나는 고풍스러운 건물들, 아날로그 느낌이 있는 거리의 진풍경은 차를 타고 휙 지나가기보다 천천히 거닐며 눈으로 즐기는 맛이 있다.
여행의 시작은 블라디보스토크역
:: 블라디보스토크역
시베리아 횡단열차의 출발점이자 아마 대부분 블라디보스토크 공항에서 기차를 타고 들어오면 가장 먼저 만나는 것이 이 블라디보스토크역이다. 블라디보스토크역은 모스크바에서 시작하는 세계에서 가장 긴 철도 노선 시베리아 횡단철도의 동쪽 종착역이기도 하다. 개통 당시 시베리아 횡단 열차는 9,288km로 현재는 개통 당시 보다 조금 더 길어졌으며 1916년 전 구간 개통 이후 무려 102년의 역사를 자랑하는 철도 노선이기도 하다.
참고로 블라디보스토크역에서 모스크바까지 7일이 소요되며 필자도 시베리아 횡단열차에 대한 로망이 있지만 아직 모스크바까지 철도를 이용해 본 적은 없다. 언젠가는 이용해보고 싶다는 희망사항만 가지고 있다.
:: 블라디보스토크역 천장 벽화
블라디보스토크역은 모스크바 야로슬라프스키역을 모방한 고풍스러운 러시아풍 건축양식이 매력적인 건물이기도 하다. 참고로 외관에는 옅은 노랑색 페인트가 칠해져 있지만 실제 처음 건축 당시에는 초록색 건물이었다고 한다.
내부도 고풍스러운 건물 외관을 닮았으며 천장에 러시아의 역사가 그려져 있다. 내부로 들어가기 전 보안 검사가 있는데 통상적으로 공항에서 하는 보안검사와 같고 까다로운 것은 아니니 이왕이면 한번 들어가서 구경해보길 권한다. 이곳의 그림들은 시베리아 횡단열차를 타고 지나가는 도시들의 모습과 러시아의 역사가 그려져 있다.
주소 : Ulitsa Aleutskaya, 2, Vladivostok, Primorsky Krai, 러시아 690007
    세계에서 가장 잘 생긴 대머리 배우 율 브리너 생가
:: 율 브리너 동상
블라디보스토크역에서 길을 건너서 혁명광장 쪽으로 10분쯤 올라가다 보면 율브리너 생가에 도착한다. 율 브리너는 블라디보스토크에서 태어났으며 세계대전을 거치며 미국에 정착한 이민자로, 과거 집이 있던 자리에 그의 동상을 세웠다. 노란색 페인트로 칠해진 생가를 볼 수 있는데 현재 FESCO란 회사의 사무실로 이용 중이라 내부는 볼 수 없다.
주소 : Laninskiy Pereulok, Vladivostok, Primorsky Krai, 러시아 690091
    블라디보스토크 혁명광장
:: 혁명광장
율 브리너 생가에서 도보로 5분이면 올 수 있는 혁명광장. 블라디보스토크 번화가 가장 중심에 있으며 블라디보스토크에 머무르는 동안 하루에 한 번은 지나가게 되는 장소이다. 겨울을 제외하면 늘 사람으로 북적거리는 곳이며, 주말 플리마켓이 열리는 날에는 인파가 넘친다.
여행할 때 늘 한 번씩 방문하는 장소가 현지 시장인데 이곳에서는 다양한 식료품과 핸드메이드 제품을 판매하며 가끔 꽤 괜찮은 아이템을 발견할 수 있다. 단 겨울에는 날씨가 너무 춥고 눈이 많이 쌓일 경우 마켓이 취소될 수도 있으니 참고하자.
:: 혁명광장
혁명광장에서 길을 건너면 블라디보스토크에서 가장 오래된 굼 백화점이 있으며 은행들이 줄지어 있다. 이곳에는 환전소가 많은데 공항이나 다른 환전소보다 수수료가 저렴한 편이니 환전이 필요할 때 참고하자.
주소 : Vladivostok, Primorsky Krai, 러시아 690091
    황금 지붕 포크롭스키 러시아 정교회
굼 백화점을 지나 15분 정도 도보로 올라가면 멀리 황금 지붕이 번쩍이는 것을 볼 수 있다. 포크롭스키 성당이라 부르는 러시아 정교회이다. 혁명광장에도 정교회가 있고 블라디보스토크에서 러시아 정교회를 많이 볼 수 있지만 이곳이 조금 색다른 이유는 바로 청색 지붕 때문이다. 포크롭스키는 이 지역에서 가장 오래된 역사를 가진 정교회 중 하나이기도 하다.
:: 포크롭스키 러시아 정교회
러시아 정교회는 신자가 아니면 출입이 불가한 곳이 많지만 이곳은 관광객에게 출입이 오픈되어 있어 내부를 볼 수 있다.
:: 포크롭스키 성당 내부
내부가 블라디보스토크에서 가본 다른 정교회 보다 훨씬 화려하다. 미사 시간이라 조용히 뒤쪽에서 구경했는데 기도를 하는 경우가 아니면 가이드 바 안쪽으로 넘어갈 수 없다. 러시아 인구 75% 이상이 러시아 정교회의 신자이며 신자가 아니면 출입이 안되는 곳이 있으니 혹시 지역의 교회 중 다른 곳에 방문하게 된다면 꼭 물어보고 들어가도록 하자.
:: 포크롭프스키 지붕
주소 : Okeanskiy Prospekt, 44, Vladivostok, Primorsky Krai, 러시아 690091
    박물관이 된 잠수함과 개선문
:: S-56 잠수함
이번에는 혁명광장에서 금각교 쪽으로 10분 정도 걸어가면 땅 위에 올라와 있는 잠수함을 만나러 가자. 실제 2차 대전 당시 사용했던 잠수함으로 이곳에는 희생자를 기리는 기념탑과 함께 전투기록 및 사용된 물품들이 전시되어 있다.
앞쪽의 반은 2차 대전 당시의 전쟁 기록과 물건을 전시해둔 전시장이며, 뒤쪽은 그 시절 잠수함 내부를 그대로 보여주고 있다. 위 사진은 어뢰발사관이 있는 잠수함 엔진실 뒤쪽이다.
잠수함 박물관의 입장료는 200루블이며 출구와 입구의 방향이 다르다. 마지막 출구로 오면 기념품 숍이 있다. 박물관 관람시간은 넉넉잡아서 30~40분 정도 예상하면 된다.
잠수함 박물관을 관람을 끝내고 나오면 용사의 벽을 볼 수 있는데 벽면에 2차 대전 당시의 희생자들의 이름이 기록되어 있다.
:: 개선문
여름에는 나뭇잎에 가려 잠수함 박물관에서 개선문이 보이지 않지만 겨울에는 바로 보인다. 러시아의 황제였던 니콜라이 2세가 황실 전통에 따라 왕위 계승전 러시아의 여러 도시를 방문하며 블라디보스토크에서 상트페테부르크까지 방문하는 도시마다 개선문을 세웠다. 블라디보스토크의 개선문은 1891년 세워졌으며 규모는 작지만 화려하면서 알록달록한 색상이 특징이다.
주소 : Korabel'naya Naberezhnaya, Vladivostok, Primorsky Krai, 러시아 690091
    금각교 뷰포인트 독수리 전망대
개선문을 지나 20분 정도 도보로 이동하면 작은 역이 나온다. 블라디보스토크 독수리 전망대로 가는 트램(푸니쿨라)를 탑승하는 플랫폼이다. 트램을 타고 1분, 하차 후 도보로 5분이면 독수리 전망대에 갈 수 있다. 푸니쿨라의 요금은 1인당 12루블이다. 따로 티켓을 끊는 곳이 없으며 푸니쿨라에 탑승하면 직원이 티켓을 끊어준다.
트램 운행 시간은 오전 7:30 ~ 20:00까지 요금 12루블
:: 푸니쿨라
독수리 전망대는 해질 녘에 방문하는 것이 가장 좋은데 점심을 먹고 위 코스대로 다 돌고 중간에 카페에서 커피 한 잔을 했다면 대략 시간이 맞을 것이다.
:: 금각교의 야경
블라디보스토크에서 꼭 한 번은 오게 되는 장소 중 하나가 독수리 전망대이다. 전망대에서 바라보는 뷰가 아주 멋진 곳으로 블라디보스토크의 전경을 한눈에 볼 수 있다. 
특히 일몰 무렵 조명이 들어오기 시작하면 아주 멋진 풍경을 보여준다. 단 바람이 많이 부는 곳이라 여름에 와도 저녁이면 한기가 느껴질 정도로 바람이 강하게 부니 주의하자.
:: 푸니쿨라역
주소 : Vladivostok, Primorsky Krai, 러시아 690091
블라디보스토크는 시내 중심으로 명소들이 모여있어 도보로 여행하기 꽤 좋은 곳이며, 다가오는 봄부터 여름까지는 날씨가 시원해 여행하기 좋은 시기이다. 두 발로 직접 걸어보면서 이 도시를 느껴보면 어떨까?"
블라디보스토크 여행 가면 이건 꼭 먹어야 해! BEST 5,"두 시간이면 만나볼 수 있는 유럽, 블라디보스토크. 몇 년 전 관광객이 많이 없던 시절 블라디보스토크 여행을 다녀왔다. 너무나도 좋은 기억만 가득 담아 왔던 곳인지라 나에게 있어 블라디보스토크는 굉장히 특별하다. 그 설렘을 다시 느끼고 싶어 다시 블라디보스토크를 찾았다. 재방문한 맛집부터 새로 발견한 맛집까지! 내가 직접 가본 맛집들로만 추천한다.
  오 마이 크랩 OH, MY CRAB!
아르바트 거리에 위치하고 있는 오 마이 크랩! 유명한 해적커피 바로 맞은편에 위치하여 접근성이 굉장히 좋다.
깔끔하고 모던한 디자인의 인테리어. 내가 방문했을 당시에는 새로 생긴지 얼마 안 된 터라 후기조차 없던 곳이다. 기대 반 걱정 반으로 들어가 보았다.
:: 오마이크랩 메뉴판
블라디보스토크 하면 빠질 수 없는 킹크랩을 이곳에서도 먹을 수 있다. 크랩 메뉴 외에도 햄버거 종류도 굉장히 많기 때문에 간단하게 아침을 먹고 싶은 분이라면 여기서 햄버거를 맛보기를 추천한다.
로열 치즈 버거를 주문했다. 패티가 두툼하니 정말 맛있다. 이번 블라디보스토크 여행 중 제일 맛집을 찾는다면 망설이지 않고 오 마이 크랩이라고 말할 것이다. 앞서 말했듯이 기대 반 걱정 반으로 들어갔지만, 기대를 뛰어넘는 맛이다. 여행지에서 예상을 뛰어넘는 맛집을 만나는 순간도 바로 여행을 하는 큰 묘미 중 하나가 아닐까.
감자튀김도 너무 맛있고. 특히 햄버거가 진짜 맛있었는데, 고기 패티가 굉장히 두툼하고 한 입 베어 물었을 때 느껴지는 고기의 풍미가 굉장히 만족스러웠다. 겉은 바삭한데 속은 부드럽고 촉촉했다. 빵과 햄버거의 조합이 굉장히 잘 어울리고, 함께 나오는 피클과의 조합도 좋다. 센스 있게 장갑을 함께 주기 때문에 햄버거 먹기에 굉장히 편하다.
추가로 딸기/바나나 주스는 꼭 드셔보시길 추천한다. 잊을 수 없는 맛이라 이틀 내내 방문하여 마셨다. 독특한 메뉴는 아니지만 진하게 느껴지는 딸기맛이 새콤하니 너무 맛있었다. 강력 추천 하고 싶은 음료 BEST이다.
너무 만족한 곳이라 다음날 또 방문해서 햄버거도 또 시키고 킹크랩도 시켜보았다.
킹크랩도 만족함. 킹크랩 살도 가득해서 안 먹으면 후회할 것 같은 정도랄까. 버거랑 킹크랩 다 먹을 수 있기에 추천! 또 추천!
주소: Ulitsa Admirala Fokina, 6, Vladivostok, Primorsky Krai, 러시아
연락처:+7 423 208 00 99
영업시간: (일~목)오전 10시-오후 11시 / (금~토)오전 10시-자정
가격: 로열치즈버거 380루블/ 킹크랩 1kg 1,615루블

    댑 버거 DAB
댑버거는 맛있는 수제버거로 이미 유명세를 널리 알리고 있는 곳이다. 맛도 맛이지만 낮과 밤의 분위기가 다른 반전 매력적인지라 더 인기 있는 지도 모르겠다.
밤에는 화려한 분위기의 장소로 변신하는데 사람이 굉장히 많다. 그래서 사람이 붐비는 저녁시간을 피해 점심식사를 하였다.
내가 시킨 메뉴들이다. 메뉴판을 가득히 채운 러시아 문자 때문에 두려워할 필요는 없다. 현재는 한국어 메뉴판이 준비되어 있기 때문에 편하게 주문이 가능하다. 그만큼 한국인에게도 잘 알려진 맛집이라는 것을 보여준다. 점심과 저녁 메뉴가 조금씩 다르기 때문에 이 메뉴를 먹으려면 12시 안으로 방문하는게 좋다. 
토마토랑 계란이 섞여 있는 오믈렛과 유사하다. 부드러운 식감이라 빵에 올려 먹기에 좋고, 빈속에 햄버거 먹기가 힘들다 하시는 분들에게도 추천하고 싶은 메뉴다.
일단 햄버거 비주얼부터 합격이다. 치킨 패티로 시켰는데 역시 실패하지 않은 메뉴. 치킨버거를 좋아하는 사람이라면 누구나 좋아할 메뉴라고 생각한다. 함께 나오는 사이드 메뉴는 감자를 얇게 튀긴 건데, 과자처럼 먹기에 편하다. 식감은 라면땅 느낌처럼 입 심심할 때 먹기에 좋은 사이드 메뉴. 굉장히 바삭바삭하니 담백한 맛이다.
참고로 댑버거는 점심에 가면 저녁 보다 메뉴가 조금 협소할 수도 있다. 나 또한 메뉴가 준비 안 된게 있어서 한정적이었던 게 조금 아쉬울 따름. 댑버거 가신다면 낮보다는 밤에 가는 걸 더 추천하는 바다. 
주소: Ulitsa Aleutskaya, 21, Vladivostok, Primorsky Krai, 러시아 690091
연락처: +7 423 262-01-70
    주마 레스토랑 JUMA
블라디보스토크 맛집 하면 단연 유명한 곳이 주마 레스토랑이 아닐까 싶다. 나 또한 여행 프로그램을 통해 주마 레스토랑에서 킹크랩 먹는 걸 보고 블라디보스토크 여행이 가보고 싶어서 온 터라 여행의 1순위가 바로 주마 레스토랑에 가는 것이었다.
붉은색의 의자가 인상적인 고급스러운 느낌의 식당이다. 인기있는 식당인 만큼 오래 기다릴 수도 있기 때문에 미리 예약하고 가면 기다리는 시간을 조금 시간을 단축할 수 있다.
주마 레스토랑에 온다면 무조건 먹어야 하는 킹크랩. 킹크랩을 주문하면 이렇게 요리가 되기 전에 사진 찍을 수 있도록 가지고 나온다. 거대한 사이즈의 킹크랩을 피사체로 사진 찍는 재미가 쏠쏠하다.

:: 게살 튀김. 튀김 좋아하시는 분이라면 무조건 좋아할 메뉴
킹크랩을 먹기 때문에 또 게 요리를 먹을 필요가 있을까 싶지만 게살 튀김도 굉장히 맛있다. 게살을 통으로 튀긴 거라 그런지 딱 게맛살에 튀김옷을 입힌 맛이랄까. 정말 맥주가 생각나는 맛이다. 다양한 재료를 맛보고 싶다면 다른 메뉴를 맛보는 것도 추천한다.
나는 양고기를 좋아하는 편이 아니지만 이 양고기 요리는 정말 맛있다. 일단 냄새가 안 나고 굉장히 고기가 부드럽다. 사이드로 나오는 나물 종류랑 곁들여 먹기에 굉장히 조합이 잘 어울린다.
메인 요리인 크랩은 역시 굿! 맛있게 먹고 온 곳이다. 주마 레스토랑은 굉장히 유명하기 때문에 블라디보스토크를 찾는 사람이 꼭 방문하는 듯하다. 일단 킹크랩 살이 굉장히 실하다.
둘이 방문하여 다른 메뉴도 골고루 시킬 거라면 1kg 정도면 충분하지 않을까 생각할 수 있지만 개인적으로는 1,5kg 정도가 좋을 것 같다. 우선 가격적으로도 저렴하고 살도 가득이기 때문에 먹고 나면 후회 안 하는 메뉴이다. 여러 가지 메뉴를 시켜 먹고 싶다면 주마 레스토랑을 추천, '킹크랩만 먹으면 돼!' 한다면 오 마이 크랩을 추천한다. 햄버거와 킹크랩도 맛있기 때문에!
주소: Fontannaya Ulitsa, 2, Vladivostok, Primorsky Krai, 러시아 690091
연락처: +7 423 222-26-66
영업시간: 오전 11시- 오전 2시
    포르토 프랑코 레스토랑 Porto-Franco
댑버거를 방문하려다 웨이팅이 길어 포기한 후, '감으로 가보자!'하고 방문했던 곳이다. 결론적으로 너무 맛있어서 이번 여행에서도 재방문하였다.
저녁 시간에 방문하니 이렇게 앞에서 공연도 진행 중이었다. 여행 첫째 날 숙소에 짐을 풀고 바로 간 곳이 Porto-Franco인데, 공연까지 들으면서 밥을 먹고 있으니 여행 온 분위기도 뿜뿜! 너무나도 행복했던 시간들.
제일 추천하는 메뉴는 샤슬릭이다. 이건 꼭 먹어야 한다. 특히 감자가 왜 이리 맛있는지. 일단 고기가 굉장히 부드러운데 함께 나오는 소스 또한 굉장히 맛있다. 케첩 베이스의 맛인데 샤슬릭과 잘 어울린다. 그리고 감자가 정말 부드럽다. 러시아 여행을 간다면 무조건 감자는 빠짐없이 꼭 시킬 것. 
그리고 러시아에서 빠질 수 없는 메뉴, 보르쉬. 약간 호불호가 갈릴 수도 있을 것 같은 메뉴지만, 러시아 왔으니 '한 번 먹어봐야지!' 하고 먹은 건데 나름 맛있었다. 약간 오묘하게 토마토 수프 맛이 난다. 말로 표현하기가 굉장히 어려운 맛이기 때문에 먹어봐야 알 수 있다.
개인적으로는 함께 나오는 빵이 너무 맛있었다. 보르쉬랑 먹기에도 잘 어울린다.
스테이크 맛은 다른 식당과 비슷하다. 여기서 중요한 건 역시 감자. 굉장히 부드럽다. 고기도 질긴 편이 아니라 부드럽기 때문에 스테이크를 좋아하시는 분이라면 무조건 성공할 맛. 그리고 이곳은 공연과 음식의 조합이 역시 최고다. 행복했던 블라디의 추억이 그대로 담겨있는 곳이라 더욱 추천하고 싶은 곳이다.
주소: Svetlanskaya St, 13, Vladivostok, Primorsky Krai, 러시아 690091
연락처: +7 423 241-42-68
    브라더스바 Brothers Bar & Grill
강력 추천 하고 싶은 브라더스바. 젬추지나 호텔 바로 맞은편에 있는 곳이다. 젬추지나 호텔에서 머무는 분이라면 무조건 가야할 곳이다. 호텔에서 쉬다가 밤에 맥주 한 잔 마시러 간 곳인데 너무 좋아서, 블라디보스토크를 떠올리면 이곳의 분위기가 제일 먼저 생각날 정도로 인상 깊은 곳이다.
이국적인 분위기 덕분에 외국에 있으면서도 '이곳이 정말 해외이구나!' 느껴지던 곳이 아닐까 싶다. 여행을 하다 보면 순간순간 잊지 못하고 쭉 기억에 남는 곳들이 있는데 그중 하나이다. 너무 좋았던 곳이라 강력하게 추천하고 싶다.
브라더스바는 관광객이 많이 가는 음식점의 분위기가 아니라 일 끝나고 현지인들이 간단하게 맥주 마시러 와서 쉬는 그런 느낌의 분위기다. 현지인들이 가득한 곳이라 정말 좋았고 가게에서 흘러나오는 음악조차 사랑스러웠던 곳.
맥주와 피자 조합은 사랑. 이곳 피자는 굉장히 얇은 팬 피자라 가볍게 먹기에 좋은 곳이다. 피자 메뉴는 이렇게 3가지 종류가 나온다. 페퍼로니. 베이컨. 소시지. 일단  간다면 종류별로 하나씩 먹어볼 수 있는 재미가 있다.
이곳은 식사를 위해 방문하기보다는 간단하게 메뉴 하나 시키고 맥주 마시기에 굉장히 좋은 분위기다. 피자도 맛있고 분위기도 좋고 어찌 추천을 안 할 수가 있으랴. 꼭 가보시길 추천하는 바다.
주소: Ulitsa Bestuzheva, 32, Vladivostok, Primorsky Krai, 러시아 690003
연락처: +7 423 257-70-70
영업시간: 평일 오전 10시-자정 / 주말 오전 11시-오전 2시"
낭만의 시베리아 횡단열차 with 하나투어,"안녕하세요. 여행작가 안시내입니다.
차가운 공기가 코끝을 콕콕 찌를 무렵, 조금은 특별한 여행을 다녀왔습니다. 몇 년 전, 여름의 시베리아를 횡단한 기억이 나요. 후끈거리는 열차와 시시각각으로 변하는 풍경, 무심한 듯 다정한 러시아 사람들과 함께 했던 이와 나눴던 수많은 대화들. 잊을 수 없는 풍경들을 마주할 수 있던 소중한 시간들. 
이번 크리스마스를 어떻게 특별히 보낼까 하다가 아주 특별한 추억이 될 투어를 기획했습니다. 블라디보스토크에서 시작해서 바이칼 호수를 품은 이르쿠츠크까지. 시베리아 횡단열차 속에서 낯선 사람들과 연말을 보내는 투어. 여름의 시베리아는 경험해봤지만 겨울이 유독 아름답다고 들었거든요. 시작 전부터 마음이 간지럽습니다.
  공항에서는 역시 어색한 채로 자기소개를 합니다. 추위 따위 무섭지 않다던 사람들도, 블라디보스토크 공항에 내린 지 10분 만에 반성을 했어요. 가장 추운 날의 강원도도 이것보단 춥지 않다며 우스갯소리를 하며 숙소로 향했어요. 첫날 숙소는 기차역 근처에 있었는데요, 교통체증이 심한 이곳에서 도보로 기차역으로 이동할 수 있는 강점이 매력인 곳이었습니다.
  역시 첫날엔 친목 다짐을 해야겠죠? 날씨가 너무 추워 재빨리 팀을 꾸려 먹거리를 사오고 인터넷으로 곰새우와 독도새우, 킹크랩을 배달 시켰습니다. 마실 것까지 한 사람당 1만원도 안 되는 돈으로 배가 터지게 해산물을 접할 수 있었어요. 블라디보스토크에 이전에 와보긴 했지만 해산물을 먹어 본 건 처음인데, 저는 이날 곰새우와 심각한 사랑에 빠져서 3시간을 쉬지 않고 내리 먹기만 했답니다. 
 

지난 밤 늦게까지 친목 다짐을 하느라 피곤했을 텐데, 투어 친구들 중 몇 명은 벌써 아침 산책을 나갔다 왔다 하네요. 저는 게을러서 모임 시간 조금 전에 겨우 나갔지만요. 밖으로 나가니 투어의 연장자이자 귀염둥이인 한 친구가 멍하니 바다를 보고 있길래, 몰래 한 컷 남겨봤어요. 바다가 한눈에 들어오는 풍경만큼이나, 그것을 바라보는 이 친구의 뒷모습이 그림 같습니다.
 

저녁에는 기차를 타야 하기에 그전까지 블라디보스토크 시내 곳곳과 마트에서 장 보기까지 목표를 두고 이동을 합니다. 빠릿빠릿하게 움직여야 할 것 같지만 모든 관광지가 붙어있어 쉬엄쉬엄 다녀도 될 것 같아요.
해양공원을 거쳐서 예약해둔 가장 유명한 햄버거집으로 향했어요. 20명 가까이 되는 인원이라 주문도 한참이 걸렸지만, 나눠먹는 재미가 있답니다. 아르바트 거리에서 멀지 않은 곳에 많은 뷰포인트들이 위치해 있었어요. 혁명광장과 개선문에서 비로소 멋진 단체 사진을 남겼습니다.
  가장 기대하던 독수리 전망대로 향하는 길에서 저희는 대중교통을 이용했는데요. 버스와 노면전차를 이용했어요. 노면 열차에서 창밖으로 천천히 지나가는 블라디보스토크의 풍경이 마치 시베리아 횡단열차의 예고편 같았답니다. 다만, 독수리 전망대 위에서 너무 추워서 10분도 못 있고 ‘춥다!’를 반복하며 바로 내려왔지만요.
  마트에서 삼 일간의 식량 거리를 사고 드디어 시베리아 열차에 탑승하게 됩니다. 시베리아 횡단열차의 왕은 차장님이라는 말이 있듯이 저희는 우선 차장님에게 잘 부탁드린다는 인사를 드렸어요. 덕분에 전자레인지도 컵도 아주 친절히 이용하게 도와주셨답니다.
  크리스마스를 낀 3일은 어찌도 그렇게 천천히 그리고 빨리 지나갔는지 모르겠어요. 인터넷은 터지지 잘 터지지 않고, 하얀 눈이 깔린 바깥 풍경과 대조되는 따뜻한 온도 안에서 저희는 푹 자고, 이야기하고 책을 읽고 영화를 보고 차를 마셨습니다. 한국에서도 할 수 있지만 어쩐지 가장 하기 어려웠던 것들을 해나가고 있었어요. 마니또도 정해서 서로의 짝을 몰래 챙겨주기도 했어요.
  물론 기차 칸의 러시아 사람들에게도 꽤 인기가 있는 편이였죠! 그리고 가장 신나는 시간은 역시, 정차 시간 때 후다닥 나가서 사진을 남기고 주전부리를 사는 거였어요. 대학생 때 겪은 엠티 때도 이렇게는 안 신났던 것 같네요.
  크리스마스에는 조촐하게 초코파이 케이크와 함께 파티도 했습니다. 감성과 낭만을 위해 꼬마전구도 필수죠.
  마지막 날 때쯤에는 서로 쟁여온 음식(인기 원탑은 통조림 깻잎)을 모두 모아 저희 만의 파티를 하기도, 맥주가 당기면 식당 칸으로 냅다 가서 시원한 맥주를 들이켜기도 했어요. 기차 안에서 게임도, 대화도 하며 어찌 그리 바쁘게 지냈는지 모르겠어요. 아, 저는 수십 번의 마피아 게임에서 단 한차례도 이겨 본 적이 없지만요.
  누군가의 탄성이 들려 내어다 보니 바이칼 호수가 아름답게 비추어지고 있습니다. 드디어 우리의 종착지에 가까워지나 봐요. 모두 밖을 멍하니 바라보며 생각에 빠져듭니다. 우리는 이곳에서 무얼 얻고 또 무얼 내려놓았을까요? 조금 늦은 저녁이 되어서야 이르쿠츠크 역에 도착했어요.
  보드카 열 잔에 5000원밖에 안 하는 마법 같은 러시아의 술들도 느껴보았어요. 가이드님이 통 크게 쏘셨답니다. 식사 후에는 젊음의 거리에서 동화 속 세상 같은 이르쿠츠크를 경험했어요. 예쁜 러시아 친구들과 SNS를 교환하기도 하며, 그렇게 꿈같이 마무리 되어가는 하루가 너무 아쉬웠습니다.
  마지막 날, 아침부터 눈이 세차게 내려쳤습니다. 비행기에서도 창밖으로 말도 안 되는 풍경이 깔립니다. 설산이 저희의 마지막을 장식해주었어요. 공항에서 식사와 아쉬운 인사를 하고 돌아섭니다. 낯선 곳에서 낯선 이들이 모였지만 어느새 저희는 작은 가족이 되었어요. 다시 만날 날을 기억하며, 여행을 곱씹어 봅니다.
  얼마 지나지 않아 기차에서 가장 먹고 싶었던, 백순대를 먹기 위해 모든 인원이 신림에서 모였습니다. 역시, 여행은 풍경 그리고 그 풍경을 함께했던 사람이 아닐까 싶어요. 이 모든 인연에 감사하며 좋은 기회를 마련해 준 하나투어에도 깊은 감동을 보냅니다! 울고 웃고 즐거웠던 소중한 6일을 절대 잊지 못할 거예요.
<무단 전재 및 재배포 금지>"
독특한 칵테일을 맛보고 싶다면 블라디보스토크 시노아루,"러시아 하면 생각나는 것 중 하나가 보드카다. 러시아 사람들이 가장 사랑하는 술이라고도 하며 러시아 여행 중 선물로 꼭 한 병은 사오는 것이기도 하다. 추운 날씨 탓에 러시아 술은 독한 편인데 보드카 역시 꽤 도수가 높다. 술이 독한 탓에 보드카는 그냥 마시기보다 여러 가지 음료와 섞어서 마시기도 하며 칵테일에 베이스 술로도 많이 사용한다.
블라디보스토크에 시노아루 칵테일바도 보드카를 사용한 칵테일을 만드는 현지인들에게 인기 있는 칵테일바 중 하나다. 우리 식으로 표현하면 요즘 현지인들에게 힙한 곳이라고 할까?
:: 시노아루 칵테일바
주차장을 지나 안쪽에는 레스토랑이 있고 옆 건물 구석에 칵테일바로 들어가는 작은 입구가 있다. 입구의 문에 도깨비가 그려져 있어 동양의 문화를 느낄 수 있다.
:: 시노아루 칵테일바
과거 '밀리온카'라고 불린 이 지역은 블라디보스토크에서 중국인들이 정착한 지역이라 그런지 동양의 분위기가 풍긴다. 블라디보스토크가 중국 그리고 북한과 국경을 맞대고 있어 여행을 하다 보면 동양의 문화를 느낄 수 있는 곳들이 많다. 현지인들에게 생소하고 독특하지만 오히려 우리에게는 익숙하다.
칵테일 메뉴판을 펼쳤을 때 러시아어인 키릴문자와 그림으로만 칵테일이 표현되어 있어 당황스러웠다. 각 그림들은 모두 칵테일을 의미한다. 그림을 보면 사실 칵테일의 이름조차 짐작이 안 가는데 러시아어를 모르면 그 의미를 알기 힘들다. 그나마 다행인 것은 칵테일 이름은 일부 영어로 표기되어 있고 일부는 구글 번역기를 이용한 한글이 메뉴 상에 있다. 물론 그래도 이해하기는 어렵지만.
메뉴판의 그림이 위협적으로 보이면 도수가 높은 보드카와 럼주가 많이 들어간 쎈 술이고 그림이 친근하게 보이면 도수가 낮은 칵테일이라고 한다. 칵테일을 참 재미있게 표현했다는 생각이 든다. 참고로 용, 황소, 총이 그려진 칵테일이 도수가 높았다.
칵테일에는 가볍게 먹을 수 있는 안줏거리가 좋은데 이곳의 초밥은 감자를 밑에 깔고 새우나, 사슴고기 등을 얹는 등 꽤 다양한 종류의 초밥이 있다. 다행히 안줏거리가 있는 메뉴판은 사진으로 되어 있어서 어떤 음식인지 충분히 짐작할 수 있다.
일단 마음에 드는 그림을 골라서 칵테일을 주문했다. 이 곳의 메인 바텐더가 타이완 출신으로 칵테일 대회에서 몇 번 우승한 경력이 있다고 하니 더욱 기대가 되었다.
칵테일을 그림만으로 짐작해야 하기 때문에 사실 어떤 칵테일이 나올지 정말 궁금했다.
:: 오렌지 스모크
메뉴판에 용이 그려진 칵테일을 주문했다. 보드카에 럼주, 오렌지 쥬스, 설탕, 레몬 등이 들어간 칵테일로 칵테일 위에 용이 그려져 있다. 천천히 마시면서 용은 마지막에 꿀꺽 삼키면 된다.
한 모금 마셔보니 살짝 시면서 달콤한 맛에 오렌지 향이 나며 마실수록 뜨거워지는 느낌이었다. 이곳의 대부분 칵테일에는 보드카 혹은 해적들의 술이라는 럼주로 베이스를 하기 때문에 마실 땐 몰랐는데 꽤 도수가 높은 편이다. 칵테일 한 잔을 비워내고 메뉴판에 호랑이가 그려진 칵테일은 호랑이가 위에 올라가 있을까 하는 궁금증이 생겨서 다른 칵테일을 주문해 봤다.
호랑이가 머리에 파인애플을 이고 있는 칵테일을 주문했더니 파인애플 형태의 잔에 칵테일이 담겨 나왔다. 그림을 보면 어떤 모양일지 짐작이 안 가는데 주문을 해서 나오는 칵테일들이 그림과 어느 정도 일맥상통한다. 메뉴판부터 칵테일까지 모두 예술이라고 할까? 맛도 예술이지만 그것을 표현한 그림도 위트 있고 예술적으로 느껴진다.
술을 많이 마시기보다는 가볍게 한잔하며 친구들과 이야기 나누기에 좋은 곳이다. 물론 당신이 러시아를 잘 한다면 바텐더나 서버들과 술에 관해 대화를 나눌 수 있는 기회도 있다.
메뉴판에 그림이 동양적인 느낌이 강했는데 칵테일에도 그 느낌이 전달된다. 가장 달달했던 칵테일은 포춘쿠키가 있는데 포춘쿠키를 열어보면 그날의 운세를 보여주는 메세지가 있다. 단 포춘쿠키의 메세지는 러시아어 키릴문자로 되어 있어서 러시아어를 모르다면 그 의미를 알기는 어렵다.
러시아 친구가 메세지를 해석해 줬는데, 내가 마신 칵테일의 메세지는 '오늘은 어쨋든 운이 좋은 날' 이란 것.
독특한 분위기 그리고 맛있는 칵테일 때문에 블라디보스토크에 있는 동안 매일 저녁을 먹고 이곳을 계속 방문했다. 시노아루바는 칵테일도 맛있고 서비스도 아주 친절하다. 가격도 적당하고 안줏거리 메뉴판은 한글이 있다.
칵테일은 잘 고르는 것이 좋다. 칵테일은 모두 같은 가격으로 한 잔에 500루블이며 스낵류의 안줏거리는 120 ~ 200루블까지 다양한 종류가 있다. 칵테일이 마음에 든다면 서버나 바텐더에게 매너 팁은 100루블 정도라 생각하면 된다.
블라디보스토크는 밤 10시 이후에 마켓에서 술을 구매할 수 없기 때문에 이런 칵테일바가 시내에 꽤 있다. 시노아루는 친구끼리 혹은 연인끼리 가볍게 한잔하고 담소를 나누고 갈 수 있는 분위기 좋은 칵테일바로 추천하고 싶다. 블라디보스토크의 밤 문화도 느끼기에 좋다. 아마 다음에 블라디보스토크를 방문하게 된다면 이번에 마셔보지 못한 칵테일을 마시기 위해 또 찾아오게 될 것 같다.
시노아루 바(Chinoaru Bar)
주소 : Semenovskaya Ulitsa, 3а, Vladivostok, Primorskiy kray, 러시아 690091
영업시간 : 오후 06 : 00 ~ 오전 01 : 00 (금,토 오전 4:00까지)
기타 : 블라디보스토크 시내 중심인 아르바트 거리와 해양공원에서 가깝다.
 술을 파는 곳이기 때문에 성인만 출입이 가능하다. "
갑각류 마니아라면 주목해야 할 세계의 해산물 맛집 3,"블라디보스토크, 싱가포르 그리고 서울. 딱히 교집함이 없어 보이는 세 도시. 이번 글에서는 '해산물' 그중에서도 '갑각류'라는 공통분모로 이 세 도시를 연결해보고자 한다.
#1. 블라디보스토크
킹크랩 전문 레스토랑 '주마(Zuma)'
위치 : Fontannaya Ulitsa, 2, Vladivostok, Primorskiy kray, 러시아 690091
홈페이지 : https://zumavl.ru
블라디보스토크의 유명한 시푸드 레스토랑 '주마(Zuma)'. '주마'라는 이름은 16세기 말레이시아 요리사의 이름에서 유래했다고 한다. 이곳은 새벽 2시까지 영업을 한다. 저녁으로 먹어도 좋고, 늦은 시간 야식으로 먹으러 와도 좋다.
개방된 형태의 키친 구조가 눈에 띈다. 지근거리에 앉아 설레는 마음을 안고 킹크랩을 기다린다. 오호츠크해 인근 캄차카 반도 주변에서 잡았다는 싱싱한 킹크랩과 조우하는 순간이 즐겁다. 큰 그릇이 갑자기 작아 보일 정도로 압도적인 크기를 뽐내는 주마의 킹크랩.
냉동 킹크랩과는 차원이 다른 싱싱함과 부드러움이 입안을 즐겁게 한다. 하늘색 시그니처 마그넷도 정말 깜찍하다. 집에 와서 저 마그넷을 볼 때마다, 주마의 화려한 분위기와 킹크랩의 신선한 식감을 떠올리곤 한다.
사진 속 분홍색 음료는 트위기(Twiggy)다. 1960년대 패션 아이콘이자 인기 모델이었던 트위기의 이름을 딴 매력적인 칵테일이다. 산딸기, 민트, 레몬, 꿀 등이 조화로이 섞여 이채로운 맛을 자아낸다.


한국어 메뉴판이 있으니, 주문할 때 긴장하지 않아도 된다. 실제로 한국 고객들을 적잖이 볼 수 있기도 하다. 블라디보스토크에서 배불리 킹크랩을 먹는 여유로움과 즐거움을 놓치지 말기 바란다.
  #2. 싱가포르
클락 키의 야경을 보며 칠리 크랩을 즐기는 '점보 시푸드(JUMBO Seafood)'
위치 : 30 Merchant Road #01-01/02 Riverside Point Singapore (058282)
홈페이지 : http://www.jumboseafood.com.sg
싱가포르의 명물 칠리 크랩! 매콤한 칠리소스의 향과 달걀을 버무린 게의 맛이 일품이다. 중국요리와 말레이시아 요리의 특성이 잘 융합된 요리로 평가받고 있다. 검은 후추로 미각을 자극하는 페퍼 크랩과 더불어 전 세계 관광객의 입맛을 사로잡고 있는 인기 해산물이다.
후덥지근한 싱가포르의 날씨로 지친 몸을 단번에 위로해주는 타이거 맥주(Tiger Beer). 청량함은 더할 나위 없고, 칠리 크랩과의 조화가 실로 환상적이다. 타이거 맥주는 1930년대에 생산을 시작했을 정도로 유서 깊은 역사를 자랑한다. 싱가포르 맥주 시장의 선두주자일 뿐 아니라, 10여 개국에서 양조되고 있고 50여 개국에 수출되는 글로벌 비어다. 아시아 맥주로는 흔치 않게 전 세계 판매량 순위에서도 선전하고 있다.
점보 시푸드 레스토랑은 필자가 방문한 리버사이드 포인트(RIVERSIDE POINT) 지점 외에도 리버 워크(THE RIVERWALK) 지점도 있다. 사전 예약을 잘하고는, 이 두 지점이 이름이 비슷해 예약 당일 잘못 방문하는 사례가 적잖이 있다고 하니 주의할 필요가 있다. 예약은 이 링크(https://www.jumboseafood.com.sg/en/reservations)에서 손쉽게 할 수 있다.
리버사이드 포인트 지점에는 클락 키(Clarke Quay)의 환상적인 뷰를 볼 수 있는 야외 좌석이 있다.
개인적으로는 낮보다 밤에 가볼 것을 권한다. 칠리 크랩을 먹으면서 아름다운 야경을 보고, 곳곳에서 들려오는 버스킹 밴드의 노래와 연주를 듣는 것은 적이 낭만적인 경험이 될 것이다.
또한 이색적인 콘셉트의 펍, 카페 등도 자리 잡고 있으니, 클락 키 특유의 활기찬 분위기에 푹 빠져보기를 권한다.
  #3. 서울
무제한 랍스터 '바이킹스워프'
위치 : 서울 송파구 올림픽로 300(롯데월드몰 4층. 잠실역과 연결)
홈페이지 : http://www.ivikings.co.kr/akg/ko/storetype/wharf.asp
랍스터 무한 리필로 유명세를 얻은 '바이킹스워프(VIKING'S WHARF)'. 잠실의 복합쇼핑몰 롯데월드몰 4층에 자리 잡은 이곳은 예약 경쟁이 치열한 곳으로도 유명하다. 성인은 100달러, 어린이는 50달러의 비용이 소요된다.
※ 주의 사항 : 어린이의 기준은 만 12세까지다. 어린이 요금 혜택을 적용받기 위해서는 의료보험증이나 여권 등을 지참해야 한다. 참고로 36개월 미만은 무료다.
인스타그램에 '바이킹스 워프'로 해시태그를 단 게시글에 많이 나오는 사진 배경이다. 어느덧 바이킹스 워프를 상징하는 인증샷 촬영 명소가 되었다.
북미 대륙에서 항공 직수입한 활랍스터가 눈앞에서 펼쳐진다. 질기지 않으면서도 촉촉하고 쫄깃한 식감의 랍스터 찜도 일품이다.
랍스터 바의 모습이다. 랍스터 찜은 식기 전에 먹어야 맛있으니, 그릇에 받고 바로 먹는 게 좋다.
랍스터 군단의 위용에 시각적으로 압도된다. 여기저기서 사진 찍는 소리가 들려온다. 잠실의 쇼핑몰이 아닌 바닷가 바로 옆의 가게에 막 들어온 느낌이다.
스시바도 따로 마련되어 있다. 청어 사시미, 아카미 사시미, 황새치 사시미, 연어 사시미, 오도로 사시미, 광어 스시, 숭어 스시, 생새우 스시, 초새우 스시 등을 골라먹는 재미가 쏠쏠하다.
후식으로 먹기 좋은 과일도 있다. 망고를 먹기 좋게 썰어 주는 친절함이 기억에 남는다. 과일뿐 아니라 커피, 젤라또, 베이커리, 티 등도 마음껏 즐길 수 있다.
노르웨이 수산물 위원회(Norwegian Seafood Council)의 조사에 따르면 한국인들의 수산물 평균 섭취량은 1인당 58.4㎏(2017년 기준)이다. 세계 평균 섭취량이 20㎏을 조금 넘는 수준이니 3배 가까이 높은 수치다. 그만큼 우리네 수산물 사랑을 각별하다.
각기 다른 목적으로 블라디보스토크, 싱가포르, 서울에 가고 혹은 머무를 것이다. 어떤 이유로 이 도시에 방문하든, 시간을 내어 위의 시푸드 레스토랑을 찾아가보자. 싱싱한 해산물이 당신을 기다리고 있다."
하바롭스크 펍·레스토랑 가이드,"하바롭스크는 블라디보스톡과 더불어 극동 지역의 중심을 담당하는 도시다. 스탈린 시대에 지어진 건축물이 많아 겉으로 보기에는 꽤 낡은 풍경이라고 여길 수도 있지만, 수십여 개의 대학과 주요 관공서가 자리하고 있어 활기찬 분위기를 자랑한다. 동방정교회를 비롯해 곳곳에서 쉽게 만날 수 있는 고풍스러운 건축물, 러시아의 특색을 고스란히 간직한 광장 등은 유럽 감성을 오롯이 품어낸다. 덕분에 하바롭스크는 러시아를 여행하는 이들에게 유럽 감성을 느낄 수 있는 첫 관문으로써 손색이 없다. 인천에서 불과 두 시간이면 갈 수 있는 유럽인 셈. 
도시 풍경만으로는 부족하다고? 그렇다면 한 걸음 더 깊숙이 들어가 보는 건 어떨까. 건축물만으로는 부족한 유럽 감성을 한껏 불어 넣어 줄 레스토랑과 펍이 하바롭스크 구석구석 숨겨져 있으니 말이다. 하바롭스크의 수많은 펍과 레스토랑 중 현지인이 추천한 네 곳을 모아 소개한다. 그의 개인적인 취향이 반영되었으나, 분명 당신도 마음에 들 거다. 
 
#비어코프(BierKopf)
- 위치 : Ulitsa Dikopol'tseva, 46, Khabarovsk
- 영업시간 : 12:00~02:00
시내 한가운데 위치한 비어코프는 19세기 유럽의 맥주 펍 분위기가 물씬 풍기는 독일 스타일의 레스토랑이다. 거대한 문을 열고 들어서자 마치 중세 유럽의 고성으로 들어서는 듯한 인테리어가 인상적이다. 톱니바퀴와 자동차 번호판 등으로 장식한 인테리어가 앞서 마주했던 분위기와 다소 이질적이지만, 나름대로 조화를 이루기도 한다.
    비어코프는 ‘맥주 레스토랑’임을 내세운다. 소시지나 감자튀김 등 세계적으로도 맥주 안주로 인증(?)받은 음식을 주로 판매한다. 고기 꼬치구이인 샤슬릭이나 러시아 식 만두 펠메니 등 러시아 요리도 맛볼 수 있다. 지역의 식재료를 최대한 활용해 다양한 시도를 하는 것에도 노력을 기울인다고. 그러나 ‘맥주’ 레스토랑인 만큼 비어코프가 자랑하는 건 역시 수제 맥주 라인업. 지역에서 만들어지는 수제 맥주를 한데 모아 즐길 수 있는 게 특징이다. 바텐더가 추천해주는 수제 맥주를 즐기는 재미가 쏠쏠하다. 단돈 600루블이면 탭이 달린 미니 오크통 케그를 테이블로 옮겨 와 맥주를 마실 수 있다는 점도 재미있다. 
    맥주뿐일까. 보드카의 나라답게 많은 종류의 보드카 라인업을 갖추고 있기도 하다. 비교적 저렴한 가격에 만나볼 수 있는 보드카는 물론, 와인까지도 당신의 손길을 기다리고 있다. 하바롭스크에서 유럽의 정통 펍을 만나보고 싶다면, 비어코프는 훌륭한 선택이다. 
   
#파니 파자니(Pani Fazani)
비어코프의 인테리어는 얌전한 편이다. 하바롭스크에서 현존하는 가장 오래된 건물 중 하나라는 이곳의 분위기에 비하면 말이다. 1층은 파니 파자니라는 이름의 펍, 2층은 술탄 바자르라는 이름의 레스토랑으로 운영되는 이곳은 문을 열고 들어서는 순간 대항해시대 즈음으로 시간 여행을 떠나온 듯한 느낌이 가득 밀려온다. 동서양이 본격적으로 어우러지기 시작한 바로 그 시대 말이다. 우선 1층에 위치한 펍, 파니 바자르부터 보자. 파니 파자르의 내부 공간은 중세 유럽 혹은 판타지 영화에 단골처럼 등장하는 펍을 닮았다. 
    입구를 지나자 양조 시설이 가장 먼저 눈에 띈다. 맥주를 직접 만드는 브루펍이다. 양조 시설 건너편으로는 단골들의 전용 맥주잔이 한쪽 벽면을 가득 메웠다. 칸마다 이름이 쓰여 있고 자물쇠로 잠겨 있는 모양새가 이곳을 정복한 이들의 훈장처럼 느껴지기도. 안쪽으로 깊숙이 이어지는 복도는 마치 중세 유럽의 거리를 보는 듯하다. 사방에 내걸린 소품들과 물건이 가득 담긴 수레, 시끌벅적한 분위기까지 말이다. 무심한 듯 세심한 디테일까지도 유럽의 감성을 구현하기 위해 존재하고 있으니 구석구석 스며든 유럽 감성을 하나도 놓치지 말자. 바닥을 쓸고 다니는 흑돼지 한 마리가 이곳의 분위기와 묘하게 어울리는 건 기분 탓이다. 파니 파자니에서 정성스레 키우는 녀석이니 놀라지 마시라. 다이어트 중이니 먹이를 주지 말라는 푯말이 있는 걸 보면, 손님들의 간식을 꽤 먹어 치운 전력이 있는 듯하다. 
    파니 파자니에서는 체코 스타일의 음식을 중심으로 여러 메뉴를 준비하고 있다. 해물 샐러드부터 소시지, 감자튀김과 바비큐 플레이트 등 펍에서 쉬이 즐길 수 있는 요리가 가득하다. 메뉴마다 사진이 내걸려 있다. 러시아어를 몰라도 음식을 고르는 데 어려움은 없으니 걱정하지 말 것. 파니 파자니는 흑맥주로 유명하기도 하다. 고소한 향과 진한 바디감이 일품이다. 
   
#술탄 바자르(Sultan Bazar)
- 위치 : Ulitsa Murav'yeva-Amurskogo, 3а, Khabarovsk
- 영업시간 : 15:00~01:00 (토·일요일은 13:00 오픈, 금·토요일은 02:00까지 영업)
- 주요메뉴 : 수제 맥주 210루블, 감자튀김 등 모둠 튀김 안주 520~790루블 등
2층 ‘술탄 바자르’의 분위기는 1층 ‘파니 파자니’보다 훨씬 더 매혹적이다. 모든 종업원은 옛 아랍인의 모습처럼 복장을 갖추었고, 화려한 색감으로 식당 전체를 가득 채워냈다. 1층의 파니 파자니가 중세 유럽의 풍경이라면, 이곳은 중세 중동아시아의 분위기를 충실히 구현해 낸 셈이다. 단언컨대 하바롭스크에서 가장 이색적인 식당 중 하나. 
    한쪽에서는 샤슬릭을 구워내기 위해 불길이 피어오르고, 활짝 열린 주방 안쪽에서는 요리사들의 손놀림이 쉴 새 없이 이어진다. 종업원을 부르면 유난스럽게 다가와 주문을 받는 그들의 모습은 유쾌하고, 또 유쾌하다. 손님 중 누군가 생일이라도 맞았다 하면 식당이 한바탕 뒤집어지는 일은 다반사다. 
    아랍 스타일의 음식과 러시아 음식을 모두 다루는 이곳은 파니 파자니와 더불어 하바롭스크에서 제일 핫한 식당이란다. 술탄 바자르에서 식사하고 파니 파자니에서 유쾌한 이들과 함께 수제 맥주 한 잔을 주문해 건배를 외쳐보자. 하바롭스크의 로컬 감성을 제대로 즐길 수 있는 방법이지 않을까. 
      #알카페(RCafe)
- 위치 : Ulitsa Pushkina, 52, Khabarovsk
- 영업시간 : 12:00~24:00
- 주요메뉴 : 스타터 220~1500루블 / 샐러드 300~850루블 / 애피타이저 220~850루블 / 수프 220~520루블 / 생선·고기류 400~780루블 / 그릴류 250~680루블
- 비고 : 메뉴 등 자세한 내용은 웹사이트 참고 (www.r-cafe.ru)
분위기 좋은 레스토랑에서 러시아 요리를 골고루 즐기고 싶다면 알카페는 훌륭한 선택이다. 알카페는 보르쉬와 블리니 등 러시아 전통 요리와 파스타, 리소토, 그릴 요리 등을 코스로 맛볼 수 있는 식당이다. 극히 일부이지만 일식 요리도 찾아볼 수 있다. 애피타이저부터 메인까지 하나씩 고를 수 있어 다양하게 러시아 음식을 경험할 수 있다는 것도 장점이다. 
    요리를 하나씩 골라 코스로 주문해볼 것. 어렵다면 웨이터에게 추천 메뉴를 소개받는 것도 괜찮은 방법이다. 개방된 주방에서 깔끔하게 만들어내는 러시아 음식이 차례로 테이블에 놓인다. 흔히 맛볼 수 있었던 서양 음식과는 다소 다른, 중국과 몽골 등 아시아부터 우크라이나 등 동유럽의 영향을 고루 받은 러시아 음식의 특성이 테이블 위에서 만나 어우러진다. 홍차와 달콤한 디저트까지도 쉬이 넘길 수 없을 정도로 깔끔하다. 창밖으로 펼쳐지는 레닌 광장의 야경이 알카페가 선사하는 낭만에 한 몫 더한다.
  ※ 취재지원 : Get About 트래블웹진
 "
당신이 블라디보스톡에 가야 할 7가지 이유,"가장 가까운 유럽, 이라는 별명을 가진 블라디보스톡. 서울에서 직선거리로 760km 정도 떨어져 있어 도쿄(1160km), 베이징(950km) 보다 훨씬 가까운 곳에 위치했다. 이렇게나 가까운 도시에서 유럽 분위기를 마음껏 즐길 수 있으니 많은 여행객이 찾는 게 당연하다.
    1. 독수리 전망대에서 인생샷을
[독수리 전망대]
주소 | Ulitsa Sukhanova, 32, Vladivostok, Primorskiy kray, Russia, 690091
운영시간 | 00:00-24:00
독수리 전망대는 '독수리 둥지'라는 뜻을 지닌 오를리노예 그네즈도 산에 위치한 전망대로, 줄여서 독수리 전망대로 불린다. 아래로 내려다 보이는 경치가 아름답다. 금각교와 강이 잘 어우러지고 오밀조밀한 건물도 매력있다. 방송 <짠내투어>에서 포토존으로 이름을 알려 블라디보스톡 필수 코스로 자리 잡았다. 다리와 강이 한번에 들어오게 찍으면 인생샷 성공!
    독수리 전망대의 매력은 밤까지 이어진다. 별처럼 빛나는 강변 조명과 밤에 더욱 무게감을 드러내는 금각교. 낮과는 사뭇 다른 분위기로 여행객을 사로잡는다. 아름다운 야경을 보고 있으면 로맨틱한 기분이 샘솟는다. 낮의 전경이 동화 같았다면 밤의 전경은 영화 같달까. 낮에도 밤에도 꼭 들러서 사진을 남겨야 할 장소다.
      2. 풍경도 챙기고 건강도 챙기고 루스키 섬 트래킹
[루스키 섬]
주소 | Ulitsa Poselok Voyevoda, 22, Vladivostok, Primorskiy kray, Russia, 690922
운영시간 | 00:00-24:00(단, 인공조명 없음)
선선한 바람을 맞으며 산책을 하는 일은 언제나 즐겁다. 블라디보스톡에서 교외로 조금만 나가면 걷기 좋은 자연이 있다. 그 이름은 바로 루스키 섬. 푸르른 동해에 맞닿은 섬은 트래킹 코스로도 유명하다. 제주 올레길이 생각나는 깨끗한 자연은 바라만 보아도 좋다. 북한을 닮아 '북한 섬'이라 불리는 토지비나 곶, 시원시원한 해안선, 살아 있는 자연 경관 등 볼거리가 많다. 신선한 공기를 마시며 걷고 또 걷다보면 눈도 몸도 건강해진다.
    TIP. 코스가 길고 대부분 비포장 도로인 만큼 편한 신발은 필수. 마실 물을 충분히 가져가면 좋다. 도시 외곽에 위치해 교통수단을 구하기 어려우니 왕복 택시를 예약하거나 버스 시간표를 숙지하고 그게 아니라면 렌트, 투어를 이용하는 편이 좋다.
      3. 개선문에서 혁명광장까지 역사의 발자취를 따라 걷기
역사의 발자취를 따라간다고 말하니 거창해 보이지만 부담 가질 필요는 없다. 개선문부터 혁명광장을 넘어 아르바트까지 이르는 길은 역사를 차치하고서라도 길 자체로 걷기 좋기 때문이다. 게다가 러시아 전통 특유의 동화적 색감의 건물과 소비에트 연방 시절을 지나며 들어온 넓은 광장, 2차세계대전 참전용사를 기리는 영원의 불꽃 등은 훌륭한 여행 코스를 장식한다.
    니콜라이 2세의 방문을 기리기 위해 만든 개선문. 소비에트 연방 시절 파괴되었지만, 2003년 니콜라이 2세 135주년을 기념하여 복원했다. 언뜻 보면 동화 속에 나오는 성처럼 생겼다. 연한 파스텔톤 색감이 특별한 분위기를 자아낸다.
[블라디보스톡 개선문 & 영원의 불꽃]
주소 | Ulitsa Petra Velikogo, 6, Vladivostok, Primorskiy kray, 러시아 690091
운영시간 | 00:00-24:00
    영원의 불꽃은 근처에 가면 분위기가 확 달라진다. 전쟁에 희생 된 이들을 추모하는 기운 때문일 것이다. 방문했던 날엔 추모행사가 있었다. 불꽃 앞에 헌화된 붉은 장미와 그 앞에 도열한 젊은 무리가 인상 깊었다.
TIP. 군사 시설에 관심있다면 영원의 불꽃 앞 강변에 위치한 잠수함 c-56 박물관을 방문해볼 것! 전쟁 당시 활약한 잠수함이 있다. 실제 잠수함의 내부에도 들어가서 살펴보면 독특한 기분이 든다. 입장료는 100루블.
    블라디보스톡 중심부에 위치해 위용이 더욱 멋지다. 여기서 휴식을 취하는 시민들도 많고 비둘기도 많다. 아르바트 거리로 이어지고 여러 명소와도 가까워 블라디보스톡 여행 시 자주 지난다. 이 광장엔 한국인에게 슬픈 장소이기도 하다. 소비에트 연합은 국가 안보를 이유로 극동지방에 살던 한인(고려인)들을 중앙아시아로 강제 이주시켰다. 자신의 터전을 하루 아침에 잃어버린 그들이 집결했던 장소가 바로 이곳, 혁명광장. 이곳을 지날 때 그들을 한번 쯤 떠올려 봐도 좋을 듯 싶다.
[혁명광장]
주소 | Svetlanskaya St, Vladivostok, Primorskiy kray, 러시아 690091
운영시간 | 00:00-24:00
      4. 블라디보스톡 힙스터에게 사랑받는 아르바트 거리
블라디보스톡 시민들이 여유롭게 휴식을 즐기는 공간. 곳곳에 예쁜 카페가 있고 벽엔 세련된 그라피티가 그려져 있다. 블라디보스톡 힙스터들이 모이는 곳이라고 하는데, 젊은이는 물론 중년, 노년까지 다양한 시민들이 모여 여유를 즐긴다. 
    반듯한 석조건물이 붙어 있어 유럽적인 분위기를 낳는다. 간격을 두고 늘어선 분수대가 포인트.
    길을 따라 쭉 내려가면 해양공원으로 이어진다. 그 사이에 복작이는 블라디보스톡 시민들이 보기 좋았다. 다들 행복하고 편안해 보였다.
TIP. 아르바트 거리는 블라디보스톡 중심부에서 해양공원까지 이어지는 거리이다. 식당과 카페, 상점이 많으니 여유를 갖고 천천히 둘러보기를 추천한다.
      5. 도시 속 모래사장, 해양공원
[해양공원]
주소 | Batareynaya Ulitsa, 2А, Vladivostok, Primorskiy kray, 러시아 690091
운영시간 | 00:00-24:00
날씨가 따뜻한 날, 블라디보스톡을 찾았다면 해양공원엔 꼭 가보시길 바란다. 바다가 끝없이 펼쳐지고, 모래사장에선 태닝을 즐기는 모습을 만나볼 수 있다. 돗자리만 있었다면 펴고 누워 태양에 몸을 함빡 담궜을 텐데. 다음 번엔 꼭 하도록 하겠어, 라고 다짐했다. 도시에 이토록 소박하고 아름다운 해변이 있다는 건 얼마나 축복받은 일인지.
    해변을 따라 조성된 해양공원엔 많은 이들이 산책을 하고, 거리의 악사들이 연주를 한다. 그 중에서도 눈에 띄는 건 알록달록 대관람차. 바다 바로 앞에 있어 노을이나 야경을 보면 좋겠다. 각도를 잘 잡아 찍으면 엽서 같은 사진을 담아낼 수 있다.
      6. 쌓인 피로를 녹여주는 반야!
러시아에도 사우나가 있다는 걸 알고 있나? 추운 지방에 사는 러시아 민족답게 사우나가 발달했다. 러시아식 사우나의 이름은 바로 반야. 깊은 숲 속 통나무로 만든 반야를 보는 것만으로도 피로가 풀리는 듯 하다. 맑은 공기가 피로를 녹여준다. 문을 열고 들어가면 훈훈한 기운이 느껴진다. 익숙한 공기. 벌써 굳었던 어깨가 스르르 풀린다.
    내부엔 냉탕, 온탕, 샤워실, 화장실, 사우나실, 그리고 실내화와 수건이 있는 작은 방이 있다. 이용하기 전 몸을 씻고 냉탕에 들어갔다가 온탕에 들어갔다. 몸이 조금씩 따뜻해진다. 역시 온천을 즐거워.
    사우나엔 뜨거운 돌이 있다. 뜨거운 돌에 물을 뿌려 생겨나는 증기로 방을 데우는 식이다. 안은 제법 후끈후끈하다. 사우나를 좋아하시는 분들이라면 싫어할 래야 싫어할 수가 없을 듯. 여독이 쌓였다면 꼭 방문해 보자.
INFO. 블라디보스톡에는 반야를 즐길 수 있는 곳이 여러 곳 있다. 어느 곳이나 인기가 많으니 예약은 필수.
[Three Heroes] (같은 이름으로 식당도 함께 운영중)
주소 | пр-кт 100-летия Владивостоку 182, стр 1, Vladivostok, Primorskiy kray, 러시아 690068
전화 | +7 423 269-65-49
운영시간 | 00:00-24:00
가격 | 1150-2200 루블 (시간에 따라 변동)
사이트 | http://www.3bogatirya.com/
      7. 빼놓으면 섭섭한 블라디보스톡 먹방
킹크랩은 블라디보스톡의 특산물이다. 매년 킹크랩 축제를 개최할 정도. 1일 1킹크랩까지는 아니더라도, 꼭 한 번은 먹고 가야한다. 바다가 가까운 덕분에 킹크랩 말고도 새우, 곰새우, 생선 같은 수산물도 훌륭하다.
    살이 오동통하게 오른 킹크랩은 물론 맛이 좋다. 거기에 의외의 복병을 추가하자면, 그건 바로 곰새우. 새우지만, 왜인지 바닷가재 같은 풍미가 난다. 작아서 아쉽지만, 그덕분에 감칠맛이 나서 계속 계속 먹게 된달까. 시원한 맥주나 진한 보드카를 곁들이면 환상의 커플.
INFO. 킹크랩이나 곰새우는 해양공원 근처 수산시장에서 구매하면, 즉석에서 요리해 준다. 야외에서 먹는 게 부담된다면 식당을 찾아가는 편이 좋다. 해안도시답게 많은 곳에서 해산물 식당이 있다.
    러시아에 왔으면 러시아 전통 음식도 먹어봐야지, 라고 생각한다면 샤슬릭을 맛보자. 샤슬릭은 러시아어로 '꼬치구이'라는 뜻이며 말그대로 꼬치구이다. 쇠고기, 돼지고기, 양고기나 채소, 해산물까지 취향에 맞춰 꼬치에 꿰어 구워 먹는 요리다. 특제 양념에 재워진 고기는 그 자체로도 맛이 좋지만, 토마토 맛이 나는 소스를 발라 먹어도 잘 어울린다.
    그냥 먹어도 맛있지만, 샤슬릭과 함께 먹어도 맛있는 빵. 함께 나오는 소스에 찍어 먹어도 러시아 느낌이다.
TIP. 현지식이 입맛에 맞지 않아 걱정이라면, 전혀 걱정할 필요가 없다. 블라디보스톡엔 세계 각국의 요리가 준비되어 있다. 미국식 버거, 이탈리아 요리, 한식, 일식 등등. 원하는 요리가 있다면 대부분 있으니 구글맵을 통해 검색 후 찾아가면 된다.
      ㅣВладивосток shots
블라디보스톡 서남쪽에 위치한 마야크 등대, 일명 마약 등대. 러시아 본토 최남단에 위치한 등대라고 한다.
    루스키 섬 쪽에서 바라 본 시내. 바다에서 SUP와 윈드서핑을 하는 모습이 멋스럽다.
    해양공원에서 거리 공연 중인 음악가. 노래도 좋지만, 패션 스타일이 인상적.
    노을녘의 블라디보스톡 역. 하바롭스크를 거쳐 모스크바까지 가는 시베리아 횡단열차를 탈 수 있다.
    영원의 불꽃 앞에 헌화 된 장미. 꽃은 흐드러지게 폈을 때, 가장 아름답고 가장 슬프다.
    멋스러운 거대 범선. 어마어마한 크기에 놀랐다. 항상 있는 건 아니고, 여수-블라디보스톡 범선 레이스 때문에 와 있는 듯 하다.
  TRAVEL INFO.

블라디보스톡 가는 방법
- 인천, 부산, 청주 등 국내 주요도시에서 블라디보스톡으로 가는 직항편이 있다.
- 하바롭스크로 입국해 시베리아 열차로 블라디보스톡에 가는 방법도 있다.

※ 취재지원 : Get About 트래블웹진"
3시간 만에 만나는 유럽: 하바롭스크-블라디보스톡 3박 4일 여행,"하바롭스크는 소소했고, 블라디보스톡은 화려했다. 
러시아 동부를 대표하는 두 도시임에도 차이는 극명했다. 
유럽은 생각보다 가까이에 있었다.
 
# 인천에서 세 시간, 하바롭스크에서 여행 시작
유럽을 두 시간, 혹은 세 시간 만에 갈 수 있다니. 블라디보스톡 이야기임을 직감했지만 처음엔 믿지 않았다. 아무리 러시아가 유럽이라지만 블라디보스톡을 중심으로 한 극동 지역은 분명 아시아의 영향을 많이 받지 않았겠냐는 편견 아닌 편견이 내 머릿속을 가득 메우고 있었으니까. 그래서 최근 인스타그램 등 각종 SNS를 뜨겁게 달구는 블라디보스톡 여행 이야기에 큰 관심을 두지 않았던 것이었는지도 모르겠다. 블라디보스톡과 하바롭스크 여행이 결정되었던 그 순간에도 나는 그저 평소에 눈여겨보았던 시베리아횡단열차를 탈 수 있다는 생각에 설레기만 했을 뿐이었다.
하바롭스크 공항에서 내려 시내로 이동하는 그 순간 직감했다. 내 편견이 무너져 내렸음을. 50여 년은 족히 되었을 법한 아파트와 빌라, 그 사이사이에서 100여 년의 역사에도 불구하고 여전히 현역임을 과시하는 붉은 색 벽돌 건물들. 그보다 더 오랜 세월이나 역사를 지켜보았을 동방정교회 특유의 둥근 지붕들. 강 너머로 중국과 몽골이, 비행기로 서너 시간 자락에 한국과 일본이 있음에도 하바롭스크의 분위기는 아시아와는 사뭇 달랐다. 
  호텔 체크인을 마친 후 근처 공원으로 향했다. 아무르강을 끼고 이어지는 수변공원이다. 평범한 공원이었지만, 공원 옆으로 펼쳐지는 아무르강의 드넓은 대자연은 조금 특별했다. 멍하니 바라보며 하루를 마무리하는 여행자와 벤치에 앉아 낡은 책의 한 조각을 뚫어지듯 바라보던 한 노파, 손목에 애플워치를 두르고 하얀 무선 이어폰을 귀에 꽂은 채 노을을 향해 달리는 이들이 차례대로 눈에 띄었다. 온종일 하늘을 짙게 뒤덮었던 구름이 틈을 보였고, 그 사이로 햇볕이 강가에 스미었다. 
      # 러시아 동방정교회

아무르강을 바라보고 있는 두 개의 성당. 우스펜스키성당과 프레오브라젠스키성당은 모두 동방정교회 소속의 성당이다. 고전 게임 ‘테트리스’를 연상케 하는 탑의 둥근 장식과 화려한 외관 덕분인지 쉽게 찾아볼 수 있었다. 누구나 내부에 들어가 볼 수 있다는 말을 듣고는 용기를 냈다. 어느 정도 예의를 갖춰야 한다는 생각에 작은 초를 하나 구매했다. 기도할 때 필요한 소품이란다. 기둥마다 각기 다른 모습을 한 예수의 그림이, 정면으로도 기도할 수 있는 공간이 마련되어 있었다. 그림마다 기도할 수 있는 내용이 달라진다는 이야기에 마음에 드는 그림을 골라 의미를 묻고는 조용히 기도를 올렸다. 무슨 그림이었는지는 비밀. 
      # 하바롭스크의 역사, 향토박물관
발걸음은 향토박물관으로 향했다. 여행할 때 그 지역을 대표하는 박물관에 간다는 건, 여행지를 조금 더 자세히 알고 싶다는 뜻이기도 했다. 이곳의 향토박물관 역시 아무르강을 중심으로 이어져 내려온 하바롭스크의 역사와 자연환경 등을 전시하는 공간이다. 성당도, 향토박물관도 아무르강변공원 근처에 있어 도보로 쉽게 이동할 수 있을 만했다. 
  고풍스럽지만 깔끔한 외관이 놀라웠다. 그도 그럴 것이 1894년에 문을 열어 오늘날에 이를 정도로 꽤 유서가 깊은 건축물이란다. 외관부터 유물인 셈. 극동 지역의 자연 환경과 원주민들의 생활, 역사 등을 소개하는 전시관으로 구성되어 있다. 지역 박물관이라고 하기에는 규모가 상당했는데, 마지막 전시를 둘러보는 그 순간에는 다리가 아파오기도 했다. 자그마하게 영어로 설명이 되어 있어 이해하는 데에도 그리 어렵지 않았다. 물론 옆에서 단체관광객을 대상으로 재미있게 설명하는 가이드의 입담도 한 몫 했겠지만.
   
# 문을 여는 순간, 중세 유럽이 펼쳐질 것이니
“이 건물도 100년이 넘었다고?” 눈앞에 펼쳐진 3층 건물을 바라보며 몇 분 전 들었던 이야기를 읊조렸다. 그러기에는 너무 깔끔하지 않은가. 이 건물에서 낡은 것이라고는 나무로 만든, 무거운 현관문 하나뿐인 것처럼 보였다. 옆 벽면에 새겨진 건축 연도만이 이 건물의 역사를 가늠케 했다. 고리를 잡고 문을 열었다. 눈앞으로는 중세 유럽을 배경으로 한 판타지 영화에서나 보았음 직한 거리가 펼쳐졌다.
왼쪽으로는 맥주를 양조하는 시설이, 오른쪽으로는 단골들의 이름이 적힌 맥주잔 보관함이 공간을 가득 메우고 있었다. 길게 이어지는 골목, 아니. 복도를 따라 낡은 테이블이 도열해 있었다. 그 옆에 여러 물건들로 장식된 수레도, 구석구석을 꾸며낸 소품들도 하나같이 중세 유럽의 분위기를 고스란히 뿜어냈다.
  자리를 잡고 맥주를 주문했다. 흑맥주가 유명하단다. 검증은 입구에서 이미 마친 뒤였다. 수많은 단골의 맥주잔이 이곳의 맥주를 증명해주지 않았던가. 일행들과 간단히 건배한 뒤, 한 입 크게 머금고 맛을 음미했다. 고소한 향이 입안을 가득 채우는가 싶더니, 묵직한 질감이 식도를 타고 넘어갔다. 언젠간 하바롭스크에, 이 펍에 다시 오겠노라고 결심했던 순간이었다.
   
# 시베리아횡단열차 타고 하바롭스크에서 블라디보스톡까지
하바롭스크에서 우리에게 부여한 시간은 서른 시간 남짓이었다. 예매한 블라디보스톡 행 열차의 탑승 시각이 다가왔다. 하바롭스크의 매력을 서서히 깨닫기 시작하는 바로 그 때여서인지, 헤어짐이 유난히도 아쉬웠다. 비가 내리는 탓에 하바롭스크역 광장은 조금 스산했다. 각자의 열차표를 나눠 들고는 플랫폼으로 이동했다. 러시아 전역을 동서로 잇는 열차이기에 장거리 여행자들이 이곳에 한데 모인 듯했다. 
고백하건대 시베리아횡단열차에 대한 공포가 막연히 존재했다. 그 불안감이 크진 않았지만, 그래도 극복하는 건 쉽지 않았다. 이전부터 들어오기만 했던, 시베리아횡단열차에서 일어나는 사건·사고들이 그 주범이었다. 4인실을 예약했다지만, 우리 일행은 3명뿐. 분명 우리 방에는 한 명의 낯선 이가 우리와 함께 하룻밤을 지낼 터였다. 
  9번 차량이었다. 새롭게 투입된 열차여서인지 내부는 깔끔했다. 일행과 방이 나뉘었다는 사실을 알았을 때는 그 불안감이 더욱 커졌다. 나머지 일행이 타고 가게 될 객실에는 덩치 큰 러시아인 남성과 홀로 떠나는 할머니가 자리를 잡았으니, 쉬이 안심하고 잠들 수는 없겠다 싶었다. 그러나 누가 그랬던가. 여행자는 누구나 선하다고. 영어와 보디랭귀지를 동원해 방을 바꾸어 줄 수 있느냐고 물었고, 남성은 흔쾌히 수락했다. 그의 여자 친구와 함께 하고 싶었던 듯했다만. 결국 우리 일행 셋, 그리고 할머니가 한 방을 쓰게 되었다. 구글 번역 앱을 통해 의사소통을 시도했지만, 글을 읽지 못하는 듯한 그녀의 손짓에 그마저도 포기. 블라디보스톡까지는 어둡고 고요한 방에서 시간을 보내야 했다.
  잠은 생각보다 곤히 잠들었다. 정말 곤히. 누가 배낭과 카메라를 훔쳐가는 게 아니냐며 그렇게 호들갑을 떨었으면서 말이다. 쉴 새 없이 들려오는 쇳소리와 심한 덜컹거림, 이따금 멈추어 설 때마다 북적거리는 분위기도 잠을 쉬이 깨울 수는 없었다. 문득 눈을 떴을 땐, 창밖으로 햇볕이 조금씩 새어 들어오고 있었다. 끝없이 펼쳐지는 초원은 점점 마을로 이어졌고, 열차는 블라디보스톡역에 점점 다가서는 중이었다.
   
# 블라디보스톡, 그냥 시작할 수는 없지
시베리아횡단열차에서 꿀맛 같은 잠을 잤어도, 좁디좁은 침대에서의 하룻밤은 분명 힘겨웠다. 블라디보스톡역에서 내리자마자 찾은 곳은 반야. 러시아 전통 스파를 할 수 있는 곳이었다. 공중목욕탕보다는 규모가 작았지만, 남탕과 여탕을 구분해서 운영하지는 않았다. 혼탕이라는 뜻. 그래도 걱정할 건 없었다. 일행끼리 별도의 건물을 배정 받아 들어가는 방식이었으니까. 반야는 휴식을 취할 수 있는 방과 침대가 있어 잠시 쉬어갈 수 있는 공간, 냉탕과 온탕, 그리고 건식 사우나(정말이지 뜨겁다)로 구성되어 있다. 자작나무의 잎과 가지로 만든 도구에 물을 묻힌 뒤 몸을 두드리면 마사지 효과가 있단다. 시베리아횡단열차에서 쌓인 여독을 풀기에 좋은 곳. 이틀간의 블라디보스톡 여행도 이로써 힘을 얻었다.
   
# 블라디보스톡 거리 산책
본격적으로 블라디보스톡 거리를 거닐기 시작했다. 한껏 선선해진 공기와 맑은 하늘 덕에 발걸음은 한결 가벼웠다. 주말을 맞아 운동장에서 축구를 즐기는 이들(러시아월드컵 이후 축구를 향한 이들의 관심은 한층 더 뜨거워졌다고)과 성당에서 미사를 마치고 나선 이들의 모습이 차례로 지나갔다. 길은 해양공원으로, 우리의 첫 목적지는 그 끝자락에 솟은 언덕 위 요새 박물관이었다. 
블라디보스톡 요새박물관은 세계대전 시기의 유적이다. 블라디보스톡은 대륙으로 들어서는 동쪽 끝 관문이자, 러시아에서는 유일하게 겨울에도 얼어붙지 않은 부동항으로써의 가치를 지녔던 곳이다. 러시아든, 상대든 이곳의 중요성을 모르지 않았을 터. 이곳의 항구를 지켜내기 위해 많은 노력을 기울인 흔적이 여전히 남아 있는 셈이다. 러시아 전쟁사, 특히 이곳의 원주민이 사용하던 갑옷 등을 근현대 전투에 활용했던 러시아 군의 모습 등을 전시하고 있다. 
  요새박물관을 둘러본 후, 다시 해양공원으로 들어서는 길. 해변을 따라 아담한 모래사장이 이어졌고, 어김없이 일광욕을 즐기는 이들로 북적였다. 바다 건너로는 블라디보스톡에 들어선 고층빌딩이 묘하게 조화를 이루고 있었다. 버스커들의 노랫가락이 들려올 때마다 나도 모르게 발걸음을 멈추기를 수차례. 바다를 곁에 두고 이어지는 길은 분수가 있는 광장과 만났고, 그 뒤로 블라디보스톡에서 가장 핫하다는 아르바트 거리가 펼쳐졌다. 
  아르바트 거리 곳곳에는 핫플레이스가 넘쳐났다. 새하얀 바탕에 베이지 색으로 포인트를 더한 건물들이 양옆으로 도열했고, 가운데 길을 따라 몇 개의 분수대가 화려하게 물을 쏟아내고 있었다. 거리 옆으로 뻗어나가는 골목길 안쪽으로도 인기가 있을 법한 식당과 펍이 시선을 사로잡았다. 여행을 오기 전에도 몇 번 들었던 이름의 식당과 카페도 눈에 띄었다. 파란 하늘과 새하얀 구름마저 어우러지며 유럽 감성을 오롯이 드러냈다. 
   
# 블라디보스톡 최고의 전망을 찾아서
아르바트 거리를 빠져나오면 길은 혁명광장으로 향한다. 이제는 역사로만 남게 된 소비에트 혁명을 기념하는 광장이다. 잠수함과 개선문이 있는 항구 옆을 지나 다음 목적지인 독수리 전망대로 이동했다. 블라디보스톡 최고의 전망을 자랑하는 이곳의 원래 이름은 오를리노예 그네즈도 산. 블라디보스톡에서 가장 높은 산이란다. 높이는 서울의 남산보다 조금 낮은 수준. 차량으로 오를 수 있고, 푸니쿨라도 운영하고 있어 누구나 쉽게 접근할 수 있다는 점이 장점이다. 
독수리전망대에 오르는 순간, 발 아래로 금각만의 풍경이 펼쳐졌다. 블라디보스톡의 관문인 항구와 금각교를 중심으로 강 너머의 도시와 저 멀리 루스키 섬의 모습까지도 한눈에 펼쳐져 있었다. 길게 뻗은 도로를 따라 달리는 차량들은 마치 미니어처와도 같았고, 금각만을 오가는 배들이 만들어내는 긴 궤적은 마치 붓으로 그림을 그리는 듯이 아름다웠다. 푸른 하늘에 둥실 떠가는 구름도, 이따금 날아드는 갈매기들도 독수리전망대에서 내려다보는 풍광을 한 폭의 그림처럼 꾸며주고 있었다. 자물쇠가 잔뜩 매달린 난간에 기대어 서서 한참이나 그 절경을 마주했다. 
  저녁을 먹기 위해 다시 시내로 내려온 후에도 진한 아쉬움이 남았다. 독수리전망대에서의 야경을 보고 싶어 일행을 재촉했다. 일요일 저녁의 러시아워를 뚫고 다시 독수리전망대를 찾았다. 긴 말 않겠다. 두 번 방문하시라. 낮에 한 번, 저녁에 한 번. 
   
# 루스키섬
블라디보스톡 여행 마지막 날에는 루스키 섬에 방문했다. 마침 세계 각국의 정상급 인사가 참석한다는 동방경제포럼이 이곳 루스키 섬에서 준비되고 있다는 말에 내심 불안하기도 했다. 삼엄한 경계 탓에 섬 여행을 제대로 할 수 있을지 확신이 없었기 때문이다. 나중에 지도를 확인하고서야 알았지만 루스키 섬은 그리 작은 섬이 아니었다. 행사가 열리는 극동연방대학교를 피해 루스키 섬의 주요 지점을 둘러보기로 했다.
처음으로 찾은 곳은 전망이 좋은 언덕이었다. 토비지나 곶이다. 북한 땅의 형태와도 닮았다 하여 ‘북한 섬’으로 불리기도 한단다. 블라디보스톡 요새 박물관에서 보았던 루스키 섬 요새의 흔적들이 곳곳에 남아 있었고, 주변으로 끝없이 펼쳐지는 풍경은 당장이라도 백패킹을 떠나고 싶을 정도로 환상적이었다. 저 먼 바다 너머로 아마 동해가, 우리나라까지 이어질 수도 있겠다는 생각까지 하고 났을 때는 왠지 모르게 벅차오르기도 했다. 전날 잠깐 이야기를 들었던 고려인들의 강제 이주 역사가 생각났던 탓이었을지도. 
  루스키 섬의 하이라이트는 프리모스키(연해주) 아쿠아리움이었다. 루스키 섬에서도 가장 깊숙한 곳에 자리한 이 수족관은 러시아에서 가장 큰 규모인 것은 물론, 세계적으로도 상당한 규모를 자랑한단다. 바다와 강을 주제로 한 전시관이 양쪽으로 구성되어 있지만, 이곳의 핵심은 돌고래 공연이다. 돌고래와 바다코끼리, 심지어 새하얀 돌고래로 유명한 벨루가의 모습도 가까이에서 볼 수 있었다.
  ※ 취재 지원 : Get About 트래블웹진"
극동의 땅 하바롭스크 매력 탐방기,"  하바롭스크는 유라시아 대륙에서 가장 동쪽 부근에 위치한 도시다. 현재 극동연방관리구로 불리는 이 지역은 17세기의 탐험가 하바로프에게 '개척'된 이후로 러시아 제국의 영토에 편입되었다. 그 이후 제정 러시아, 청나라, 일본, 소비에트 연방, 러시아 연방에 이르기까지 땅의 주인이 수차례 바뀐 격동의 땅이다. 그 역사 덕분에 하바롭스크는 다양한 문화가 섞인 아름다운 도시가 되었다. 러시아 혁명이 시작되었을 무렵엔 일본에게 지배받고 있어 혁명의 태풍에 휩쓸리지 않았다. 하바롭스크에 유럽 느낌을 주는 건물이 많이 남아 있는 이유이다.
하지만 하바롭스크를 단순히 유럽이라, 칭하기엔 아쉬울 정도로 색다른 매력이 있다. 공항에서 내리자마자 보이는 키릴문자는 도시에 특별한 분위기를 더한다. 양파 모양 돔형 지붕이 올라간 성당도 특색있다. 스탈린양식이 가미된 과장되고 거대한 건축물도 독특하다. 도시 어느 곳을 가도 눈에 들어오는 아무르 강은 마음을 편안하게 해준다. 광활한 러시아 영토를 가로지르는 시베리아 횡단열차마저 품었으니, 새로운 곳을 찾는 여행객들을 유혹할 자격을 충분히 갖췄다.
  그럼, 함께 하바롭스크를 산책해보자. 관광지 대부분이 멀지 않은 거리에 있어서 걸어 다니며 구경하기 좋다.
    Ⅰ. 아무르 강변 공원
주소 | Peshekhodnaya Dorozhka, Khabarovsk, Khabarovskiy kray, Russia 680000
운영시간 | 00:00-24:00
요금 | 무료
하바롭스크의 전경을 아름답게 꾸며주는 역할을 톡톡히 해내는 아무르 강. 총 길이가 4,500km에 육박하는 세계에서 10번째로 길이가 긴 강이다. 아무르라는 이름에 대해선 여러 가지 설이 있다. 그중에 하나가 흥미로운데, '무르'라는 표현이 한국어 '물' 또는 '미르(용을 뜻하는 순우리말)'에서 나왔다는 것이다. 하바롭스크가 속한 지역은 과거 만주 벌판에 속해 있으므로, 어원을 찾아 고구려 전성기 때까지 거슬러 올라간다면 나름대로 신빙성 있는 주장이 아닌가 싶다. 중국에선 헤이룽 강(흑룡강)이라 부르니 공통점이 있기도 하다. 용이라는 이름이 들어간 만큼, 아무르 강엔 흑룡과 백룡에 얽힌 전설이 있다. 선한 흑룡이 악한 백룡을 물리쳤다는 이야기. 길고 긴 강 어딘가에 흑룡이 지켜주고 있으려나.
    강을 따라 걷는 사람이 많았다. 나들이를 나온 가족, 손을 꼭 잡은 연인, 음악을 들으며 달리는 사람, 쉼 없이 웃고 이야기하는 친구까지, 여러 사람들이 각자의 이유를 가지고 아무르 강을 찾았다. 강을 찾은 모두를 아무르 강은 묵묵히 보듬어 준다. 주변 상황에 휘둘리지 않고 제 갈길을 가는 강은 평온하다. 그 평온함을 찾으러 많은 사람들이 오는 게 아닐까. 공원을 산책하며 마음 속 고민들을 하나씩 하나씩 꺼내 강으로 던졌다. 착한 검은 용이 나와서 고민들을 삼켜주었기를 바라며.
      Ⅱ. 우스펜스키 성당(성모승천성당)
주소 | Sobornaya Sq., 1, Khabarovsk 680000, Russia
전화 | +7 421 231-46-02
요금 | 무료
아무르 강변 공원에서 보이는 아름다운 성당. 멀리서 보면 디즈니 성처럼 동화적인 분위기를 자아낸다. 색감도 예쁘고 조형도 아름다워 바라만 보고 있어도 즐겁다. 가까이 다가갈수록 선명한 파란 지붕과 금빛 장식이 눈에 들어온다. 러시아 특유의 색이라고 해도 좋겠다.
아무 걱정 없이 자란 귀여운 아이 같은 모습을 한 우스펜스키 성당이지만, 슬픈 사연을 가졌다. 소비에트 연방 시절, 종교를 인정하지 않는 정부가 성당을 부숴버린 것이다. 시간은 흐르고, 막강한 힘을 지녔던 소비에트 연방이 무너졌다. 그 후, 우스펜스키 성당은 재건되어 아름다운 모습을 되찾았다. 지금은 하바롭스크와 아무르 강을 찾는 사람들에게 사랑받는 명소가 되었다. 이렇게나 예쁜 성당을 볼 수 있어 다행이다.
    정문 앞에는 예수님 성화가 걸려 있다. 죄를 짓지 말라고 감시하는 뜻에서 엄한 표정을 짓고 계신다. 내부 분위기는 엄숙하고 성스럽다. 기둥마다 소원을 빌 수 있는 곳이 달랐다. 가족을 위해 기도하는 장소, 건강을 위해 기도하는 장소, 성공, 학업 등등 원하는 곳에 초를 켜고 기도를 하면 된다. 기둥 앞에서 기도하는 이들의 표정은 모두 진지했다.
TIP. 내부에서 촬영은 불가능하다. 여성의 경우, 입장 시 스카프를 써야 하는데 입구에 구비되어 있으니 걱정 없다. 짧은 치마나 바지도 허용되지 않는다고는 하나, 이 역시 문 앞에 가림용 치마가 있다. 남성의 경우엔 모자를 썼다면 벗어야 한다.
      Ⅲ. 콤소몰스카야 광장
주소 | Ulitsa Murav'yeva-Amurskogo, 2, Khabarovsk, Khabarovskiy kray, Russia 680000
운영시간 | 00:00-24:00
요금 | 무료
우스펜스키 성당 바로 앞에 자리한 일명 콤소몰 광장. 광장 한가운데엔 혁명 용사를 기린 오벨리스크 석탑이 놓여 있다. 콤소몰 광장 주변엔 아무르 강변 공원, 우스펜스키 성당, 향토박물관, 놀이공원인 CKALAND가 모여 있고 무라비요브 아무르스키 거리를 따라 쭉 가면 레닌 광장으로 이어진다. 널따란 광장은 시야가 트여 시원시원한 느낌을 준다.
 
INFO. 콤소몰 광장의 또 다른 이름은 성당 광장. 우스펜스키 성당이 있어 붙여진 이름이다.
      Ⅳ. 하바롭스크 향토박물관(그라제코)
주소 | Khabarovskiy Krayevoy Muzey Im. N.i. Grodekova, Ulitsa Shevchenko, 11, Khabarovsk, Khabarovskiy kray, Russia 680000
운영시간 | 10:00-18:00
전화번호 | +7 421 230-31-92
요금 | 성인 350 루블(한화 6,000원 상당)
콤소몰 광장에서 아무르 강변 공원을 따라 걷다 보면 박물관이 여럿 보인다. 극동 예술 박물관, 전쟁역사 박물관 등등, 그중에서 하나를 고르자면 향토박물관을 추천한다. 1894년도에 설립된 극동지방에서 가장 오래된 박물관이다. 하바롭스크 주변 지역의 역사, 민속, 자연사, 유물 등을 모아 놓은 곳으로 볼거리가 많다. 아무르 호랑이와 바다표범의 박제는 살아 있는 동물을 보는 것처럼 생생하다. 원주민인 나나이족과 우데게이 족의 생활 모습을 담은 곳도 흥미롭다. 그들의 복식과 주거 환경을 복원해두었다. 그중 가장 인상 깊었던 건 샤먼의 의복. 신묘한 분위기를 풍기고 있었다. 체구가 작았는지 옷이 매우 작아 신기했다. 여행 시 자연사 박물관 방문하기를 좋아한다면 놓쳐선 안 될 곳. 아이와 함께 여행 중이라면 꼭꼭 방문하시길!
      Ⅴ. CKALAND
주소 | CKALand, район стадиона им.Ленина, Khabarovsk, Khabarovskiy kray, Russia 680000
운영시간 |  10:00-22:00
전화번호 | +7 909 841-27-14
요금 | 입장료는 무료. (놀이기구 탑승료는 상이, 대관람차 250 루블)
아무르 강변을 따라 조성된 놀이공원. 놀이기구도 있고, 축구장, 상점가, 공원이 있으니 복합문화공간이라 부를 만하다. 입장료는 따로 없고, 놀이기구를 타고 싶으면 타고 싶은 놀이기구의 티켓을 끊으면 된다. 뭐니 뭐니 해도 CKALAND의 랜드마크는 대관람차. 높이 솟은 관람차는 멀리서도 위용을 뽐낸다. 꼭 타지 않는다고 해도, 동심을 자극하는 감상사진을 찍을 수 있다. 날씨 좋은 날엔 꿈과 희망이 넘치는 모습을, 구름 낀 흐린 날엔 애잔하고 우수 가득한 느낌을 자아내니 언제 방문해도 좋겠다.
      Ⅵ. 프레오브라젠스키 성당(구세주 변모 대성당)
주소 | Spaso-Preobrazhensky Cathedral in Khabarovsk, Ulitsa Turgeneva, 24, Khabarovsk, Khabarovskiy kray, Russia 680000
전화번호 | +7 421 221-57-59
요금 | 무료
프레오브라젠스키 성당도 콤소몰 광장에서 멀지 않다. 광장에서 강을 따라 남쪽으로 내라겨면 도보로 약 20분 정도면 도착한다. 2004년도에 세워진 성당으로, 비잔틴 양식의 정수를 맛볼 수 있다. 하얀색과 금색이 어우러진 파사드가 아름답다. 러시아 정교회 특유의 양파형 돔, 루꼬비짜가 인상적이다. 러시아에서 세번째로 높은 성당이라고 한다. 우스펜스키 성당이 아기자기하고 오밀조밀한 매력이 있다면, 프레오브라젠스키 성당은 웅장하고 위용있는 모습이 특색있다.
    내부는 전체적으로 심플하지만, 그 덕에 화려한 이콘화에 시선이 집중된다.
    자리에 앉아 제단을 한참 동안 바라 보던 할머니. 어떤 기도를 드리고 계신 걸까.
 
INFO. 우스펜스키 성당과 마찬가지로 의상에 제약이 있다. 마찬가지로 입구에 스카프가 준비되어 있다.
      Ⅶ. 슬라브 광장(명예 광장) & 영원의 불꽃
주소 | Area of Fame, Khabarovsk, Khabarovskiy kray, Russia 680000
운영시간 | 00:00-24:00
요금 | 무료
프레오브라젠스키 성당 앞엔 슬라브 광장이 있다. 세계 2차 대전의 승리를 기념하기 위해 조성한 광장이다. 콤소몰 광장과는 사뭇 다른 느낌을 준다. 구조물과 상징탑이 깔끔한 직선으로 이뤄져 경건함을 더한다. 국가를 위해 목숨을 바친 이들에게 표하는 경의와 감사가 느껴진다고나 할까. 전쟁의 포화 속에서 사그라든 이들이 이곳에서나마 편히 쉬기를 바란다.
    전쟁에서 목숨을 잃은 극동군 소속 32,662명의 이름이 쓰여 있다. 
    영원히 꺼지지 않을 불꽃이라는 뜻에서 지어진 이름, 영원의 불꽃.
      Ⅷ. 레닌 광장
주소 | Khabarovsk, Khabarovskiy kray, Russia 680000
운영시간 | 00:00-24:00
열렬한 사상가이자, 정치인이었던 레닌. 소비에트 연방이 무너지고 나서 그의 동상은 러시아 전역에서 대부분 철수되었다. 몇개 남지 않은 동상 중 하나가 하바롭스크에 자리를 지키고 있다. 그의 권세를 보여주 듯 레닌 광장은 모스크바 붉은 광장에 이어 러시아에서 두번째로 큰 규모를 자랑한다. 아무르 강쪽으로 걸어가면 콤소몰 광장에 닿는 무라비요브 아무르스키 거리는 유럽다운 느낌이 충만하다. 중심가답게 식당도 카페도 많은 편이라, 휴식을 취하기도 좋다. 중심가답게 유동인구가 많은 편이라 가지각색 하바롭스크 시민들을 바라보는 재미도 쏠쏠하다.
    한때는 정치적 의미를 띤 광장이었겠지만, 시간이 흐르고 지금에 와선 도시인들에게 휴식을 주는 공원 같은 역할을 한다. 이처럼 긴 호흡으로 역사를 바라보면서 여러 가지 교훈을 배운다. 하나의 정답에 집착하지 말자, 라는 교훈. 전능한 신의 거처도 러시아 혁명 아래에선 무참히 부수어졌고, 무소불위의 권력을 휘두르던 지배자도 결국 물러나고야 말았으니까. 그럼에도 한 시대를 풍미한 가치는 우리에게 유산을 남긴다. 때론 아름다운 성당으로, 때론 휴식을 주는 광장으로. 역사의 변곡점을 지난 여느 도시가 그러하듯, 하바롭스크 역시 걸으며 생각하기 좋은 도시다.
  Travel Info.
하바롭스크 가는 법
- 러시아항공이 하바롭스크로 직항편을 운행한다. 소요시간 2시간 가량.
- 블라디보스톡이나 모스크바에서 시베리아 급행 열차를 타고 하바롭스크로 갈 수도 있다. From 블라디보스톡, 11시간 가량.
TIP. 러시아 인사말을 알아두면 유용하다. 길을 묻거나 할 때, 러시아어로 인사를 하고 영어로 물으면 보다 친절하게 답해준다.
- 안녕하세요 : 즈드랏스부이체.
- 감사합니다 : 스파시바.
- 안녕히계세요 : 다스비다니아.
  ※ 취재지원 : Get About 트래블웹진"
"블라디보스톡 여행의 시작, 아스토리아호텔 짐 풀고 러시아 맛집여행","지구의 땅덩어리를 1/6이나 차지하고 있는 러시아. 각종 카더라 통신에 의한 인종차별 소식에 두려움 앞서기도 하지만 러시아가 품고 있는 다양한 풍경은 늘 그곳을 동경하게 된다. 한번쯤 용기 내어 그들의 문화에 입문해보고 싶다면 배편과 항공편으로 편히 찾을 수 있는 블라디보스톡으로 여행을 떠나볼 것을 권한다. 비교적 치안도 좋고 러시아 문화 입문 여행으로 손색이 없다. 이번 블라디보스톡여행에선 아스토리아호텔에서 2박3일간 머물렀다. 독수리 전망대에서 1.9km 개선문까지는 2.7km 정도 떨어진 곳에 위치하고 있어 주요 여행지로 접근도 용이해 블라디보스톡여행 중 찾아볼만하다.
중국에서 블라디보스톡에 넘어오는 날 중국도 블라디보스톡도 올해 첫눈이 내렸다. 타국에서 맞이한 첫눈은 특별한 이벤트를 만들어낸다. 생각지도 못한 도로 사정으로 인해 호텔을 1.5km 정도 남겨두고 밤길을 걸었다. 도로 중간중간에 눈길에 사고 난 차량이 뒤범벅이 되다 보니 많은 사람들이 차를 버리고 거리를 활보했고 나도 그 무리에 동참했다. 이런 경험이 블라디보스톡여행을 모험가 다운 여행 추억으로 다진다. 아스토리아호텔은 바닷가가 아닌 언덕에 위치하고 있어 탁 트인 오션뷰를 선사하진 않았지만 도시 넘어 빼꼼하게 드러나는 이색적인 바다 풍경을 볼 수 있다. 호텔 조식은 종류가 많진 않았지만 대부분 손이 갈만한 음식들로 구성되어 있어서 든든하게 여행연료를 배속에 채울 수 있었다.
 
머물렀던 룸은 트윈룸이었으며 침대가 유독 폭신했던 것으로 기억된다. 룸의 형태가 길쭉한 직사각형 형태이다. 룸은 이렇게 단독으로 예약이 가능하기도 하고 옆의 룸과 이어서 사용도 가능한 구조로 되어 있는 점이 특징이다.
 
중국에서 러시아 국경을 넘으면서 고속도로에서 처음 맛보게 된 러시아 음식은 보르쉬다. 한국의 김치찌개와 비슷한 맛이 느껴지는 것이 체코에서 맛본 야채스프와도 흡사하다. 보르쉬는 러시아와 폴란드에서 즐겨 먹는 음식으로 비트와 토마토로 붉게 색을 낸 스프로 한국인 입맛에 잘 맞는다. 블라디보스톡여행 중 식사할 때 사이드로 곁들이면 현지식으로 식사할 때 느끼함을 개운하게 잡아주는 효과를 얻을 수 있다.
        보르쉬와 함께 맛본 러시아 대표 음식 샤슬릭. 샤슬릭은 러시아어로 '꼬치구이'란 뜻을 갖는다. 고속도로 휴게소에서 맞본 샤슬릭은 꼬치가 제거되고 고기와 곁들일 양파 무침이 함께 나오는데 두툼한 고기 질감이 특징적이었다. 블라디보스톡에 머물면서 샤슬릭을 다시 한번 맛보게 되었는데 이곳은 꼬치 그대로 나오는 샤슬릭을 내어 놓는다. 처음 맛본 샤슬릭과 달리 따뜻하게 바로 구워낸 샤슬릭을 맛보다 보니 입에 착착 붙는다. 블라디보스톡여행을 계획하는 고기애자라면 샤슬릭은 반하고도 남을 음식이다.
 
블라디보스톡 먹방여행의 백미는 킹크랩이다. 한국에서는 몸통을 중요시하지만 러시아에선 살이 듬뿍 차 있는 다리를 더 중요시한다. 한국과는 달리 블라디보스톡에서는 킹크랩이 비교적 저렴한 편이라서 킹크랩 먹방을 하기 위해 이곳을 찾는 사람도 많다. 킹크랩 외에도 식사를 원하는 사람을 위해 별도의 음식도 함께 주문했지만 모두들 킹크랩에 열을 올리는 바람에 요리는 대부분 외면당했다.
 
하지만 블라디보스톡에 유명한 해산물은 킹크랩뿐만이 아니다. 함께 주문한 왕새우와 곰새우가 바로 그 주인공인데 실제 현지에선 킹크랩보다 곰새우가 더 가격대가 높다고. 왕새우는 한국의 대하를 먹는 느낌 그대로이고 곰새우는 한국 음식에 비유하자면 딱새우와 비슷하다. 가재처럼 딱딱한 재질의 껍질은 딱새우를 까본 사람이라면 쉽게 적응할 듯하다. 처음에 머리 부분과 꼬리 부분을 제거하고 몸통을 공략하면 되는데 몇 번 하다 보면 요령이 붙어 먹기 편하며 질감은 꼬꼬마 랍스터 느낌이니 저렴하게 킹크랩을 먹을 수 있는 블라디보스톡이라고 킹크랩만 공략하지 말고 왕새우와 곰새우도 즐겨보길 권한다. 숙소인 아스토리아호텔에 체크인하고 블라디보스톡 대표 먹거리인 보르쉬와 샤슬릭 그리고 킹크랩 형제들을 섭렵하고 보니 왠지 나도 러시아인이 다 된 것 같은 느낌적인 느낌. 이 맛에 모두들 블라디보스톡여행을 떠나는 거겠지?
  * 취재지원 : 겟어바웃 트래블웹진"
러시아엔 보드카만 있다? 국민 맥주 총정리!,"        러시아의 대표 건물은? 
<테트리스>의 배경으로 익숙한 성 바실리 성당?
  그렇다면 러시아의 대표 술은? 단연 보드카를 꼽을 수 있겠지요.
실제 러시아의 알코올 소비량은 엄청납니다. 1인당 연간 알코올 소비량이 약 26.9리터!
노동 가능한 연령대의 남성 중 술 문제로 사망한 사람만 전체 사망자의 43%에 육박한다고 하네요.
  최근엔 러시아 정부에서 2011년 맥주 관련 법령을 발표하기도 했는데요,
이 법의 요지는 맥주도 이제 술로 인정하겠다는 것이었지요.
  그렇다면? 2011년 이전까지도 맥주는 러시아에서 주류가 아니었다는 놀라운 사실!
이 나라에선 그저 음료수로 통하던 맥주가 이제서야 법적으로 술이 된 것이죠~ㅎㅎ
  2013년까지 키오스크 맥주 판매를 규제하는 법령도 발효하겠다고 하는데,
이제 맥주도 주류로 취급하여 주세 또한 높게 매긴다고 하네요.
(Source : moneytoday, 2011.08)
              그럼 러시아의 대표 맥주는?
  우리나라에 카스와 하이트가 있다면, 러시아에는 국민맥주 발티카(발찌까)가 있습니다!
러시아 제 2의 도시 상트페테르부르크(st. petersburg)에 발티카 공장이 있는데요,
현재는 북유럽 맥주사인 칼스버그가 발찌까를 소유해 러시아 맥주 시장 점유율 1위를 점하고 있습니다.
              #1. Балтика baltika
      Baltika 발티카는 페일에일, 스타우트, 포터 등의 '상면발효'와
라거인 '하면발효' 맥주를 모두 만드는 거대 기업입니다.
  발티카는 독특하게 각 맥주에 숫자를 붙여놨는데요,
이런 걸 보면 어쩐지 하나씩 다 맛봐야 할 것 같은 의무감이 샘솟지 않나요?
  책 제목에 서른에 해야할 몇가지. 서울 레스토랑 100선.
이런 말이 붙어 있음 꼭 가보고 해봐야 될 것 같은 기분이 들곤 하지요.
            발티카의 대표 맥주입니다!
   #0 (non-alcoholic), #2 (Pale), #3 (classic), #4 (original), #5 (parnasuss),
#6 (porter), #7 (export), #8 (white/wheat), #9 (strong) and 2 types of Honey beer.
  무알콜은 왜 만드나 했는데, 임신한 친구들의 치맥 타령을 듣고 존재의 이유를 깨닫게 된 무알콜 맥주 No 0
여름철 시원하게 톡쏘는 청량감을 즐기며 마시기 좋은 라거 맥주의 일종인 페일 맥주 No 2
  우리나라서 친숙하게 맛본 맥주 맛이랄까. 표준 맥주맛을 내는 맑은 필스너 맥주 No 3
호밀맥주. 맥주는 빵을 발효한 것 같은 느낌을 종종 주는데 그런 맥주의 대표 격인 호밀 맥주 No 4
  씁쓸하면서도 남자다운 매력이 돋보이며, 풍미가 인상적인 포터맥주 No 6
카스나 하이트 같은 맑은 '하면발효 맥주'로 가장 대중적인 페일 라거맥주 No 7
  호가든처럼 밀 등이 섞여 다채로운 향과 단맛을 내는 등 풍미가 좋은 밀맥주 No 8
무릇 술이라 하면 알코올 도수 좀 있고, 터프해야 한다 생각한다면 바로 No9!
    자 그럼 지금부터 하나 하나 찬찬히 맛볼까요?
            №0 Non-alcoholic beer : Alc <0.5% , 33 kcal/100g. 무알콜 맥주. 2001년 생산 시작.
러시아 최초 무알콜 맥주입니다. 발효단계 이후 알코올 제거 기술 이용을 했다고 해요.
  №2 Pale : Alc 4.7%  41.1kcal/100g 페일맥주. 2004년 생산 시작.
International specialized exhibition-fair ""Beer-2005"" 금메달 수상!
페일 맥주는 우리에게 익숙한 맛에 산뜻한지라 여름에 시원하게 마시면 좋아요.
  №3 Classic : Alc 4.8%  42kcal/100g 필스너 맥주. 발찌카 표준맛. 1992년 생산 시작.
1990 이후 가장 유명하고 많이 팔리는 발찌카 맥주로 40여개국에 수출하는 대표 맥주랍니다.
              №4 Original : Alc 5.6% 54kcal/100g 호밀 맥주.  premium Baltika varieties. 1994년 생산 시작.
rye malt의 검고 빵의 풍미와 가벼운 쓴맛이 매력적인 맥주로 수상실적이 화려합니다.
2008년 유러피안 맥주콘테스트 앰버 맥주 금상을 탄 맥주랍니다.
  №6 Porter : Alc> 7 %  60kcal/100g포터맥주. premium Baltika varieties.
1994년 생산 시작. 30여개국 수출을 하는 전통적 영국방식의 맥주에요.
포터 맥주 특유의 씁쓸하고 신맛과 함께 강한 몰트향이 특징인 맥주랍니다.
카라멜, black malt 사용한 맥주입니다. 영국의 포터는 호프맛이 진하고 어두운 갈색이 특징!
맥주 가이드북인 Great Beer Guide: 500 Classic Brews에 유일하게 이름을 올린 러시아 맥주에요.
  №7 Export : Alc 5.4% 45kcal/100g 페일 라거맥주. 최초로 캔으로 출시. 1994년 생산 시작.
40여국으로 수출. 모스크바 맥주 축제서 The Best Light Beer로 꼽혀요. 거품 풍성하고 황금색이죠.
비교적 거품의 숨은 빠르게 죽는 편. 홉 향이 느껴지며 청량감이 좋아요. pale barley malt 사용해요.
현재 라이센스하에 인접국가인 카자흐스탄, 우즈베키스탄, 아제르바이젠에서도 생산되고 있답니다.
              №8 Wheat beer : Alc 5%  45kcal/100g 밀맥주. premium Baltika varieties. 2001년 생산.
caramel and wheat malt 사용하여 단백질 등 영양소함유가 발찌까 중 가장 높은 맥주라고 해요.
두껍고 치밀한 거품이 특징으로 밀맥주 답게 가벼운 과일향이 나고 부드럽고 연한 단맛이 난답니다.
2008년부터 No 6, No 8 은 프리미엄 발티카의 셀렉티드 the Baltika Selected series가 되었죠. 
   
№9 Extra : Alc 8%  60kcal/100g, 1998년 생산 시작.
페트병으로도 생산되어 많은 사랑을 받았고 40여개국에 수출, 한국에도 들어옵니다. 
자연발효를 통해 맥주의 평균 도수보다 높은 8% 내외의 알코올 도수를 내서 터프한 느낌! 
the annual Superior Taste Award contest in Brussels (Belgium) 2008년 은상수상 경력이 있어요.
                    #2. Балтика Кулер baltica cooler
          발티카의 숫자 시리즈 외의 맥주도 있어요.
 Alc 4.7%  41.1kcal/100g. 페일에일 맥주로 가볍고 경쾌합니다.
발티카 쿨러는 젊은 세대 공략을 위해 2006년 생산 시작한 맥주라고 해요.  
                      #3. Zolotaya Bochka
      발티카 외의 러시아 맥주 제조사로는
BOCHKAREV), KLINSKOE, SOKOL,TRI MEDVEDYA,
PIT, Dr. Diesel, OCHAKOVO, NEVSKOE 등이 있답니다.
  SAB Miller는 세계 5대 맥주 회사에요. 우리에게 친숙하죠.
밀러, 밀러 라이트는 어디가서도 쉽게 만날 수 있는 맥주랍니다.
이 회사가 러시아에서 생산하는 Zolotaya Bochka 세 종류가 있습니다.
  Zolotaya Bochka Svetloye (Golden Barrel Light)
Zolotaya Bochka Vyderzhannoye (Golden Barrel Aged)
Zolotaya Bochka Klassicheskoye (Golden Barrel Classic)
          Zolotaya Bochka Klassicheskoe, Brewed by Kaluzhskaya (SABMiller)  
 
 
 
    Alc 5%. 페일 라거. 청량감 좋은 무난한 라거. 시원한 여름 맥주죠.
졸라타야 보츠카 클라시체스코에. Zolotaya는 황금, Bochka는 통이란 뜻이에요.


러시아어로 간단히 황금색 맥주통이라는 뜻의 맥주로, 클래식이니 오리지널 버전입니다.
    Miller사가 인수합병이 아닌 1999년부터 러시아 공략을 위해 전략적으로 만들었다고 합니다.
밀러 하면 라거 맥주의 대명사인지라 역시 크게 벗어나지 않는 보통의 라거 맥주 맛을 냅니다.
                  Zolotaya Bochka Svetloe, Brewed by Kaluzhskaya (SABMiller)
      Alc 4%. 페일 라거. Klassicheskoe 보다 더 순합니다.
유러피안 라거 스타일로 맑고 가볍습니다.
                      #4. Kozel
            하나 더! 러시아에서 사온 맥주 중 맛있어서 다시 보니 체코 맥주였어요.
염소그림 맥주 코젤 Kozel은 체코 맥주로, 러시아로도 수출되는, 풍미 좋은 맥주랍니다.
            벨포코빅키 코젤 다크는 Alc 3.8%로 낮은 편이지만 향이 풍부하고 뒷맛 달큰하답니다.
필젠스키 프레즈드로이 사에서 제조한 맥주로 맥아와 홉으로 만들었고 부드럽고 진한편이에요.
  한국엔 Bochka는 아직 수입이 안되는 걸로 알고 있어요.
발찌까 No 3 6 7 9번과 코젤은 우리나라에 수입이 되고 있답니다.
            요즘엔 독일식으로 통째로 훈제한 햄도 나와서 선택의 폭이 넓죠.
등심 훈제한 파스트라미 하나면 맥주 몇캔이든 꿀떡꿀떡 넘어가더라구요.
            더운 여름 시원하고도 독특한 러시아 맥주,
골라 마시는 재미가 있는 '발찌까' 한잔 어떠세요?
          - 자료 출처 -
  http://eng.baltika.ru
http://members.virtualtourist.com
http://www.cooler.ru
      - 에디터 추천 연관 리뷰 -
  호주 국가대표 맥주 10선이 궁금하다면?
http://getabout.hanatour.com/archives/84442
   여름철 휴가지에서 즐길만한 와인은?
http://getabout.hanatour.com/archives/16147
       "
"모스크바의 붉은 심장, 크램린 속으로","   음울한 회색빛 도시로만 알고 있던 러시아의 수도 모스크바(Moskva)에 다녀왔습니다. 결론부터 말하자면, 모스크바는 생각보다 훨씬 다채로운 매력을 지닌 곳이더군요. 





냉전 시대의 영향 탓인지 그동안 '모스크바' 하면 무표정한 군인들이 음산한 거리를 오가는 풍경만 떠올랐으나, 직접 마주한 실상은 전혀 달랐습니다. 러시아 제정 시대 화려한 문화의 꽃을 피웠던 도시 답게, 아름다운 건축물들은 잿빛이 아닌 총천연색으로 빛나고 있었고요.

공산권 특유의 딱딱한 분위기가 여전히 남아있긴 했지만, 최근 새로운 도약을 꿈꾸고 있는 활기찬 러시아인들의 생동감이 곳곳에서 묻어났습니다. (이 나라에 대한 여러분의 편견만 놓고 간다면, 모스크바란 도시는 더없이 매력적인 곳이 아닌가 싶네요!)

모스크바는 지리적으로 동유럽 평원의 중앙에 위치하고 있습니다. 면적은 878.7㎢에 이르며, 약 1200만 명이 거주하는 세계적인 대도시이기도 합니다(유럽에서 인구가 가장 많은 도시). 소련 연방의 출범 이래 러시아 정치/경제/문화의 중심지로 기능해왔죠.

그렇기에 모스크바 곳곳에선 격동의 세월이 묻어납니다. 도시 곳곳에서 냉전 시대의 흔적을 엿볼 수 있으며, 한때 세계 최강국이었던 러시아의 막강한 파워도 느껴집니다.






서울에서 모스크바까진 그리 멀지 않습니다. 직항을 타면 9시간 남짓 걸리고, 시차는 한국보다 5시간이 늦습니다. 공항이 무척 혼잡해서 입국 수속에 2~3시간이 소요되긴 하지만, 그외에 여행을 하는 데엔 별다른 어려움은 없습니다.
저 역시 이번에 자유 일정으로 모스크바를 둘러보았는데요. 유유히 흐르는 모스크바 강변에서 톨스토이의 소설도 읽어보고, 레닌 언덕에 위치한 모스크바 국립대학에서 러시아의 어제와 오늘, 그리고 내일을 떠올려보기도 했네요.

모스크바, 그 회색빛 도시로 단정짓기엔 너무나도 칼러풀했던 멋진 도시 속으로, 오늘 독자 여러분을 안내해볼까 합니다.


        모스크바 추천 여행 코스!

  러시아 자유 물결의 상징인 아르바트 거리에서 여행을 시작해봅니다. 푸쉬킨과 고골리 등 러시아 대표 작가들이 유년 시절을 보냈던 ‘구 아르바트 거리’에서 요즘 젊은이들로 붐비는 ‘신 아르바트 거리’까지 걷다보면, 모스크바의 과거와 현재를 단번에 관통할 수 있습니다.
  약 2km 정도 이어진 이 거리엔 파리의 몽마르트를 연상케할만큼 화가들과 갤러리도 참 많은데, 러시아 특유의 문화 예술을 체험하기엔 이만한 곳도 없습니다. 또 거리 중간엔 고려인 3세 가수로 러시아에서 유명세를 떨친 빅토르 최의 얼굴이 그려진 담벼락도 있으니 꼭 한번 찾아보심 좋을 듯 싶네요!
  아르바트 거리를 모두 둘러보았다면, 이제 본격적으로 시내 중심부로 향해봅니다. 모스크바는 흔히 '과녁의 도시'라 불리는데요, 그 중심에 위풍당당하게 위치한 웅장한 요새 '크램린'을 축으로, 모든 도로가 방사형으로 뻗어 있기 때문이죠.
  그리고 그 중심으로 가기 위해선 지하철을 타고 ‘охотный ряд (아호트늬 럇)역’에서 하차해야 합니다. 크램린 지역은 모스크바의 심장부인지라, 이곳에서부턴 보안이 다소 삼엄해지는데, 큰 짐은 따로 맡겨야 하는 등 보안 검색대를 통과해야 하는 불편함을 감수해야만 합니다.
        자, 이제 조심스레 크램린 궁으로 들어서 봅니다!
최근 인기리에 상영되고 있는 영화 '미션 임파서블: 고스트 프로토콜'에선
이 거대한 궁이 폭파되는 장면이 나오기도 하는데요,
이곳은 냉전 시대 '철의 장막'의 상징적 건축물로 통했습니다.
  들어가는 입구에선 트로이츠카야 첨탑이 보이며,
일명 '삼위일체탑'이라 부르기도 합니다.
  맨 위에는 커다란 별이 하나 달려 있는데,
그 별의 무게가 무려 1톤이나 나간다고 하네요!
  한때 공산주의 국가의 핵심 권력기관이었던
크램린 궁으로 들어서니 왠지 긴장감이 엄습해왔습니다.
     

크램린 궁은 표트르 대제가 상트페테르부르크를 건설하기 전까지
러시아 왕들이 살았던 곳인데, 현재는 대통령궁이 자리하고 있습니다.
  그리고 사진 속 이 건물이 바로 크램린 궁에 자리한 대통령 집무실입니다.
우리로 치면 청와대인 셈이죠. 현재는 메드베데프 대통령이 머물고 있습니다.
          이건 '황제의 대포'라 불리는 유물입니다.
1586년 안드레이 초호프가 만든 대포로,
지름이 무려 1미터나 되는 포탄이 곁에 자리하고 있지만
적에게 두려움을 주기 위한 상징물일 뿐 실제로는 사용 불가하다고 합니다.
          겉모습만으로도 저를 압도했던 거대한 규모의 '황제의 종'도 보시죠!
18세기에 만들어진 종인데, 그 크기가 정말 어마어마합니다.
  무게가 무려 200톤이나 나가는 대형 종인데,
사진을 보시면 아시겠지만, 일분이 떨어져 나갔음에도
그 위용만큼은 여전히 대단합니다!
          크램린 궁엔 사원도 여럿 자리하고 있는데,
 그 중 가장 유명한 것이 바로 이 우스펜스키 사원입니다.
  제가 갔을 때는 하필 보수 공사 중이라서 외관을 온전히 보지 못했습니다.
하지만 실내 출입은 여전히 가능한지라 내부에 있는 이콘(나무에 그리는 성화)을 감상하며
러시아 그리스 정교에 대한 설명도 들을 수 있었습니다.
  우스펜스키 사원에선 주교의 임명식이나 황제의 대관식이 이루어졌다고 하는데,
이 사원에서도 전성기 시절 러시아의 파워를 충분히 느낄 수 있었습니다.
          '이반 대제의 종루'도 빠질 수 없는 볼거리입니다.
적의 동태를 살피기 위해 약 81m 의 높이로 지었다고 하는데,
  적이 침입하면 21개의 종을 모두 울려 경계 태세를 갖췄다고 합니다.
(그렇기에 당시 모스크바에선 이 종루보다 높은 건물을 절대 지을 수 없다고도 하네요!)
        '미카엘 천사 성당'이라고 불리는 아르항겔리스키 사원에도 들렀습니다.
이 성당 안에는 표트르 대제 이전의 왕과 귀족 무덤 46개가 있는데요,
  러시아의 황제들은 대대로 대관식이나 결혼식을 마치면
이 성당을 제일 먼저 찾았다고 합니다.
  또 그밖에도 크램린 궁 안에는 블라고베시첸스키 성당을 비롯해
베르호스빠스키 성당, 12사도 성당 등 다양한 성당이 자리하고 있으니,
독자 여러분도 시간이 허락된다면 하나하나 둘러보심 좋을 것 같습니다.
     

  저는 이제 성밖으로 나와 붉은 광장 쪽으로 걸음을 옮겨봅니다!
'붉은'이란 단어 때문에 냉전 시기 만든 광장으로 생각할 수 있으나, 그건 아닙니다.
  고대 러시아에선 '붉은' 이란 말이 '아름다운'이란 뜻을 지녔다고 해요.
즉, 이 붉은 광장 또한 '아름다운 광장'이란 의미를 가지고 있는 것이죠.
  물론 이후 많은 이들은 노동절과 혁명 기념일에 붉은 색의 현수막을
이 광장에 있는 국립 역사 박물관과 굼 백화점 벽에 걸고,
  붉은 깃발을 손에 들고 있어 시위에 나섰기 때문에
붉은 광장에는 새로운 의미가 부여되기도 했다고 하네요.

참고로 위의 사진에서 정면에 보이는 두개의 첨탑이 솟은 건물이
현재의 국립 역사 박물관이고, 그 오른편 건물이 굼 백화점입니다.
왼쪽엔 그 유명한 레닌의 묘가 위치해 있고요.
 



먼저, 러시아 최대의 국영 백화점이라는 굼 백화점을 둘러봤습니다.
1890년에 설립해 꽤 오래된 건물이지만 1950년대 대대적인 수리를 거쳐
오늘날까지도 러시아에서 최고급 백화점으로 손꼽히고 있습니다.
  한편, 붉은 광장에서 오른쪽으로 꺾어 언덕을 오르다보면
러시아의 상징이라고 할 수 있는 성 바실리 사원이
그 화려한 자태를 드러내기 시작합니다.
        사진 속 이 건축물이 바로 성 바실리 성당인데요,
과거 200년 간 러시아를 점령하고 있던 몽골의 카잔 한에 맞서 싸워
항복을 받아낸 기념으로 이반 대제의 명령에 따라 설립했다고 합니다.
  성당의 이름은 당시 이반 대제에게 많은 영향을 끼쳤던
수도사의 이름 '바실리'에서 유래했고요,
1555년에 착공해 1561년 완공했습니다.
  양파처럼 생긴 8개의 돔은 저마다의 개성을 뽐내고 있는데,
이반 대제는 이 성당이 완공된 당시 그 찬란한 아름다움에 집착한 나머지
두 번 다시 똑같은 사원을 짓지 못하도록 건축가 두 사람의 눈을
잔혹하게 뽑아버렸다고 합니다. 정말 슬픈 전설이 아닐 수 없네요.
  47미터 높이의 팔각형 첨탑을 중심으로 예배당을 형성하는 4개의 다각탑과
그 사이 또 4개의 원형탑이 솟아 총 9개의 탑이 서 있는데,
  어찌 보면 무질서한 건축물인 듯 싶으나, 그 안에 묘한 조화로움을 갖추고 있어
아직까지도 수많은 전세계 여행객의 발길을 이끌고 있습니다.
          그런데 어쩐지 이 성당, 굉장히 낯 익지 않으신가요? ^^
우리가 이 건물에 익숙한 이유는 어릴 적 즐겨하던
인기 오락 '테트리스'에도 등장했기 때문이죠!
  참고로 이 테트리스를 만든 개발자는 알렉세이 파지노프는
소비에트 과학원의 연구원이었다고 하는데요,
  당시 개인의 지적재산권을 인정하지 않았던 소련에서 활동하던 그는
게임의 치솟는 인기에도 불구하고 돈을 제대로 벌지 못해 미국으로 넘어가,
  96년부터 마이크로소프트와 테트리스 컴퍼니에서 일하며
왕성하게 활동하고 있다고 합니다.
            기타 모스크바의 볼거리 
        크램린 궁 외에도 모스크바엔 정말 볼거리가 무궁무진합니다!
우선 제가 머물렀던 프레지던트 호텔 바로 뒤편에 있던,
표트르 대제의 동상부터가 무척 인상적이었습니다.
  강변에 우뚝 솟아 있는 이 동상은 러시아의 개혁을 진두지휘한
표트르 대제의 업적을 기념해 설립되었다고 하는데요,
  여러분도 아시다시피 그는 새로운 문물을 받아들이고
러시아의 부국강병에 앞장 섰던 인물입니다.
  러시아인들은 지금도 그를 높게 평가하고 있는데,
최근 새로운 도약 중인 그들에게 표트르 대제는
어떤 의미로 다가올지 궁금해지네요. 
            바라뵤비 언덕에서 내려다 본 모스크바의 풍경도 기억에 남습니다.
모스크바는 큰 산이 없는 도시로 유명한데요,
 그래서인지 이 자그마한 언덕에서도 시내가 한눈에 내려다보였어요!
  공산 정권 시절에는 '레닌 언덕'으로 불리기도 했다는데,
생각보다 무척 평화로운 곳이었습니다.
  참새들 지저귀는 소리도 정말 많이 들렸는데,
그때문에 실제 이곳을 '참새 언덕'이라고도 부르기도 한다네요.
          1980년 모스크바 올림픽 때 주경기장으로 사용된 메인 스타디움도 촬영해보았습니다.
미소 냉전 시 '반쪽 올림픽'으로 치러졌던 모스크바 올림픽에는
미국의 동맹국인 우리나라 역시 참가하지 않았죠.
  세계가 양쪽으로 나뉘어 대립하던 불과 30년 전만 떠올려보더라도,
'평화'의 가치가 얼마나 소중한 것인지 다시금 깨닫게 됩니다.
           러시아 최고의 대학이자,
세계적인 지성의 전당인 모스크바 대학도 찾아 보았습니다.
  러시아를 빛낸 대다수의 정치인과 예술가 중 대다수가 이 대학 출신인데요,
북한의 고위직 인사들 중에도 모스크바 대학에서 공부한 이들이 적지 않다고 합니다.
  이 대학의 학제 중 특이한 점이 있다면, 소속 국가의 경제력에 따라
외국 유학생들이 등록금을 달리 내고 있는 장학 정책에 있지 않을까 싶습니다.
아프리카 출신 등 빈곤한 유학생들은 그만큼 학비를 적게 내고 공부를 하고 있는 것이죠. 
          바쁜 출근 시간의 모스크바 지하철 역 풍경도 보여드리고 싶네요.
에스컬레이터가 매우 깊숙한 곳까지 내려가서 조금 놀랐는데요,
  모스크바의 지하철역은 대체로 이렇게 저지대에 위치합니다.
냉전 시대 때 이 지하철은 '대피소'의 역할도 했기 때문이라고 하는데요,
  그 반대로 생각해보면, 에스컬레이터가 고장이라도 날 경우
밑에서 위로 올라오기가 매우 힘들 듯 싶어 순간 아찔함이 느껴졌습니다.
        하지만 모스크바의 지하철 역에는 의외의 반전도 숨겨져 있었어요!
다름 아닌 '화려한 예술 작품'들이 전시되어 있는 모습이었는데,
  각 역사를 지날 때마다 회화나 조각 작품을 감상할 수 있어 참 좋았습니다.
예술을 사랑하는 러시아 인들의 생활상이 바로 이 지하철 역에 녹아 있더라고요.
        끝으로, 모스크바에서 시간적 여유가 있으신 분들은
러시아 정교의 대표 성당인 노보데비치 수도원도 들러보세요!
  사진에서 가장 왼편에 있는 것이 수도원이고,
그 옆은 종루, 그리고 가장 우측에 있는 건 스몰렌스크 성당입니다.
성당 주변에는 이렇게 조그만 연못과 공원이 조성되어 있는데,
  러시아의 대작곡가 차이코프스키가 이 호수의 백조를 보고
'백조의 호수'를 작곡했다고 하네요!
  그는 이 공원을 자주 산책했다고 하는데요,
안타깝게도 저는 여기서 백조를 보진 못했지만
  그가 영감을 얻었다는 이 공원을 거니는 것 자체만으로도
무척이나 큰 감동과 행복감을 느낄 수 있었습니다.
          노보데비치 수도원 옆에는 이런 공동묘지도 자리하고 있는데요,
여기에선 러시아를 대표하는 문인, 무용가, 정치가들의 무덤도 볼 수 있습니다.
        그리고 그 무덤 곁에는 고인의 인생을 표현한 조각상이 들어서 있어,
무덤만 보고도 이 사람이 어떤 삶을 살았는지 바로 알 수 있게 됩니다.
          * * * * *
     
이렇게 러시아 모스크바를 여행하면서,
저는 러시아의 전통 인형 마트료시카를 떠올렸습니다.
  알면 알수록 호기심이 생기는 모스크바란 도시는,
인형 안에 또 다른 인형이 담긴 마트료시카와 무척이나 닮아 있었기 때문이죠.
  과거 러시아 제정 시대의 화려한 역사를 보여주는 웅장하고 아름다운 건축물과
약동하는 신흥 경제대국 러시아의 미래를 보여주는 초고층 건물이 혼재한 모스크바는
러시아란 나라의 무한한 잠재력을 엿볼 수 있는, 분명 매력적인 여행지였습니다!
     
△가는 길＝대한항공에서 인천~모스크바 구간 직항편을 운항한다. 비행시간은 약 9시간 소요.

△ 러시아 비자 정보 = http://www.myvisa.co.kr/VisaGoods/index.asp?nat_cd=47&vtype_cd=119

△ 현지 교통 정보 = 붉은색 ‘M’ 마크는 지하철을 의미하며, 현재 11개 노선을 운행 중이다. 그밖에 전기를 이용하는 버스인 ‘뜨랄레이부스’, 전차‘ 뜨람바이’, 택시 등이 다니긴 하지만, 시스템이 열악해 이용하기엔 다소 불편하다.

△ 관련 상품 정보 = 하나투어 러시아 일주 6일 (모스크바 + 빼쩨르부르크)"
"공항에서 보낸 하루, 모스크바를 거쳐 이스탄불로","      ""트리에스테, 취리히, 파리.""
  화면들의 계속되는 호출, 가끔 커서의 초조한 박동을 수반하기도 하는 호출은 언뜻 단단하게 굳어버린 듯한 우리의 삶이 얼마나 손쉽게 바뀔 수 있는지를 보여준다. 그냥 복도를 따라 내려가 비행기에 올라타기만 하면 된다. 그러면 우리는 몇 시간 뒤에 우리에게 아무런 기억이 없는 장소, 아무도 우리 이름을 모르는 장소에 착륙할 것이다. 오후 3시, 권태와 절망이 위협적으로 몰려오는 시간에 늘 어딘가로, 보들레르가 말하는 ""어디로라도! 어디로라도!"" 이륙하는 비행기가 있다는 생각으로 우리 기분의 갈라진 틈들을 메우는 것은 즐거운 일 아닌가. 트리에스테, 취리히, 파리.  - '여행의 기술' 中 (알랭 드 보통)
     




두꺼운 옷을 넣을까 말까, 즉석카메라를 가져가야 하나, 필름은 몇 롤이나 넣을까와 같은 사소한 고민으로 전날 밤잠을 설치는 통에 정작 아침엔 대충 가방을 싸서 집을 나섰다. 서둘러 나섰는데도 탑승시각 1시간 반 전에 공항 도착. 연휴가 낀 주말 오후라 비행기는 당연히 만석이었다.







늦게 도착한 탓에 좌석은 저 뒷자리. 그래도 국적기를 탈 수 있다는 것에 만족하며 서둘러 게이트를 통과했다. 인천에서 모스크바를 거쳐 이스탄불로 가는 아에로플로트. 8시간 비행, 4시간 대기, 다시 3시간 비행 일정이다. 발권하고, 짐찾고 하는 시간까지 합하면 깨어있는 시간 꼬박 하루를 공항에서 보내게 되는 셈.








여행에 있어 가장 설레는 순간은 비행기에 탑승해 이륙을 기다리는 순간이다.






장거리 노선에 있는 모니터는 수시로 이동 경로를 체크할 수 있어 편리하다. 벌써 중국을 지나는 중.
     



창밖의 설원을 보니 러시아에 가까이 온 것을 실감할 수 있었다.
얼마나 눈이 많이 오면 대륙과 바다의 경계가 저렇게 하얗게 나뉠 수 있을까?
     




세계에서 가장 복잡하고 불편하기로 악명높은 쉐르메쩨보 공항. 모스크바 공항 트랜짓 데스크에 도착해보니 100여명의 사람들이 저 좁은 문 하나를 통과하려고 몸싸움을 하고 있었다. 어린아이 하나가 저 틈에 끼어 온통 머리가 헝클어지고, 비행 시각이 촉박한 여행객들은 새치기를 서슴지 않는 아비규환의 상황. 그런데 통제하는 사람은 커녕 근처에 공항직원은 그림자도 보이지 않는다. 상대적으로 왜소한 친구와 나는 인파에 밀려 뒤로 밀려나기를 수 차례. 두 시간 만에 가까스로 게이트를 통과했다. 지나고 보니 X-ray 검색대 앞에 무뚝뚝한 직원 두 명 있더라. 밖에서 무슨 일이 벌어지는지 모르진 않을텐데...




     



면세점 내부는 생각 외로 무척 한산했다. 
다양한 마트료쉬카(Матрёшка) 를 구경하며 비록 공항 내부지만 러시아에 왔음을 실감했다.








잘생긴 바텐더가 따라주는 발틱 7도 한 잔. 마침 새 캔을 뜯어 Fresh 한 맥주라며 정성껏 따라주니 더 맛이 좋다. 늘 화난 사람들같은 러시아인들의 표정에 슬쩍 주눅이 들어있었는데, 친절히 사진촬영에 응해주고 찍은 사진을 보여달라며 환히 웃는 그의 모습은 좀 뜻밖이었달까?







기내식 세 번, 맥주 세 캔... 영화 두 편.
인천 공항을 출발한지 무려 15시간 만에 드디어 도착한 이스탄불 아타튀르크 공항.
시간은 이미 자정이 훌쩍 넘어 있었다.
     




이스탄불 공항은 기대했던대로 유럽의 여느 공항과 같은 분위기라 마음이 좀 놓였다. 사실 모스크바 공항을 경험한 후라 이 친절하고 질서정연한 공항 시스템이 너무나 고마울 따름. 서둘러 택시에 올라타고는 호텔로 향했다. 창밖으로 보이는 낯선 터키어와 고색창연한 밤거리의 풍경이 이스탄불에 왔음을 실감케 했다. (to be continued~)"
"영화 '태풍' 촬영지, 러시아 블라디보스톡의 혁명광장","    러시아 블라디보스톡(Russia Vladivostok)
  블라디보스톡의 심장 영화 태풍의 촬영지 혁명광장
 & 시베리아 횡단열차 시발점 블라디보스톡역
        아무르 만(스뽀르찌브나야 가반)해변 산책을 마치고 
블라디보스톡의 중앙광장으로 왔다.  블라디보스톡의 심장으로 불리우기도하고
영화 ""태풍""의 촬영지이기도한 혁명광장이다.
          정말 어마어마하게 넓은  혁명광장의 모습 ;
          오랜만에 보는 비둘기들
우리나라에서는 비둘기는 이제 평화의 상징보다도
더러움의 상징이 되어버린것 같은데 이곳 러시아 사람들은 비둘기를 많이 아끼는듯 ;;
            이렇게 비둘기를 만지는 모습이 어색하게만 느껴졌다.
            아직까지는 멀리서 지켜만 보는 우리들 ㅋ
이 아이가 비둘기 먹이를 계속 주는 바람에 비둘기들이 몰리기 시작했다 ㅋ
            악동오빠 다가오는중ㅋㅋㅋㅋㅋㅋㅋㅋㅋㅋㅋ
            비둘기가 팔에 올라타려는 바람에 악동님아 표정 기절
ㅋㅋㅋㅋㅋㅋㅋㅋㅋㅋㅋㅋㅋㅋㅋㅋㅋㅋㅋㅋㅋㅋㅋㅋㅋㅋㅋㅋㅋㅋ
              거대한 동상도 있었고 화이트하우스와 연해주 주정부 청사가
있는곳이라 아마도 블라디보스톡의 심장이라 불리는게 아닐까 싶다.
        중앙광장 (혁명광장)에 있던 자동차 장난감들 ㅋ
            한명씩 자동차를 맡았다 ㅋ
악동님하는 작은 오토바이
나는 빈 자동차 가운데로 가는중 ;
          사진찍으려고 했는데 여기 알바생 표정 너무 무서워서 ㅠ ㅠ
그냥 나왔다 아흑 ;아마 돈받고 아가들 타라고 대여해주는듯 ^ ^
            다음으로 찾은 이곳은 시베리아 횡단열차 시발점 블라디보스톡역이다.
러시아 하면 떠오르는 시베리아 횡단 열차. 언제가 꼭 한번 타보고 싶은 열차이다.
            타보지는 못하지만 눈으로 보기 위해 블라디보스톡역으로 가는중 ㅋ
              시베리아 횡단열차는 러시아의 수도 모스크바와 블라디보스톡을 연결해주는데
세계최장 구간으로 더더욱 유명하다. 나도 언제 이 시베리아 횡단 열차를 타보려나 ㅋ
          위에서 내려다본 블라디보스톡 역의 모습 ;
            이곳은 1907년부터 1912년까지 5년에 걸쳐서
만들어졌다고한다. 예전에 몇시간 걸려서 주에서 주로 이동하는
기차를 알버타에서 탄적이 있는데 숙식이 모두제공되고 -
여행을 하게 해주는 기차 ;;; 색다른 경험이 아닐까 싶다.
            이건 운행되는건 아니고 서있는 기차 ㅋ
            이건 정말 떠나는 기차 ㅋ
러시아 미녀가 남자친구 배웅을 하는듯 ;
몸매도 이쁘고, 얼굴도 이쁘고 내가본 러시아의 가장 이뻤던 미녀가 아닐까 싶다 ㅋ
            타보라고해서 나랑 줄리랑 시베리아 횡단열차를 실제로 타봤다.
아저씨가 우리를 어찌나 꼭 껴안으시던지 ㅠ ㅠ
곧 출발한다고 빨리 내려오라는 가이드분때문에 후다다닥 서둘러 내려옴 ㅋ
            블라디보스톡에서 모스크바까지는 9.334 km를 운행한다고한다
우아우아~ 정말 얼마나 걸릴지 실제로 이 노선을 타보고프다 ㅋ
  아릿다운 녀자분의 애인은 어디로 가는걸까 ㅋ너무나 이쁘다 이분 ㅎ
시베리아 횡단열차 시발점인 블라디보스톡역내 안에는 사진촬영이 금지라고해서
한장도 촬영할 수가 없었다 아흑 ;
              혁명전에 지어진 건물이라서 그런지 아름다운 건축물로 알려져있는 곳이라고한다.
블라디보스톡역에서 나와 길을 건넜다. 바로 블라디보스톡역을 한눈에 보기 위해서 ㅋ
            이곳이 블라디보스톡역의 모습이다 -
        러시아의 버스 -
참으로 신기했던건 세차를 안하는건지 러시아의 공기가 너무도 안좋은건지 모르겠지만
차들의 외관이 모두 매연으로 뒤덥혀 모두 검은색 차로 변해있다는점 ;;;
            러시아 길거리에서 파는 빵들 ;
            저기 양파링도 발견 ㅋ
             블라디보스톡역 길 건너에 있는 동상이다 -
             이게 무슨 동상인지는 잘 모르겠다는 ㅠ ㅠ
            이곳 동상이 있는곳에서 바라본 블라디보스톡역의 모습 -
정면에 보이는게 블라디보스톡역
                1906년에 건설된 러시아의 백화점
""굼 백화점""이다. 백화점이라 조금은 럭셔리함을 기대했는데
에어컨도 없고 그냥 상점을 들어가는 느낌 ??!
            너무 더워서 인지 굼 백화점의 사진이 한장도 없다 ㅋㅋㅋㅋ
러시아 인형 실컷 구경하다가 내일 사기로 하고선 그냥 구경만 +.+
            러시아 굼 백화점 앞에서있는 죵이님 -
  우리는 악동 & 류시 두분을 기다리는데 죽어도 안오길래
버스로 갔더니 이미 와계신다는 ㅋ대체 여기서 누가 기다리자고 한거냐고요 ㅋ
난 기다림을 일찌감치 포기하고 버스로 오길 잘한것 같다 ㅋㅋ
          북적북적 차가 많은 러시아 시내의 모습 -
러시아의 특징중 하나는 차들이 시내에서 조차 너무나 빨리 다닌다.
  정말 차에 치이면 바로 죽을 듯 -_- 무서운 차들 ㅠ
            블라디보스톡의 심장 ---> 영화 태풍의 촬영지 혁명광장과
 시베리아 횡단열차 시발점 블라디보스톡역 그리고 러시아의 굼 백화점을 둘러보고
러시아의 음식인  샤슬릭 요리를 맛보러 레스토랑으로 이동~~~~~!
                 죵이 & 나니야 & 아이엠 줄리 & 이자영 & 대책없는 낙천주의자 & 악동
1박 2일 러시아 블라디보스톡( Russia Vladivostok) 여행 
      [youtube 3xTO55mkTLA]
      출처 http://blog.naver.com/ja00700/80114255865"
[스티커 in DBS] 동해항 국제여객터미널에서 러시아 블라디보스톡으로!,"      2010년 8월 9일부터 12일까지
3박4일간 하나투어 스티커 MT로 러시아 블라디보스톡에 다녀왔어요-
  김기욱(하나투어) , 박진형(하나투어 PD) , 죵이(블로거)
최수헌(하나투어 PD) , 대책없는 낙천주의자(블로거) , 나니야(블로거) , 악동(블로거)
이동원(포토) , 이자영(블로거) , 아이엠쥴리(블로거)
              고터(서울고속버스터미널)에서 8시20분
우등고속을 타고 동해항에 도착하니 약 12시더라고요
물론 동해/고속 시외버스터미널에서 동해항까지는 택시를 타고 이동했다는 ㅡㅡa
              DBS크루즈훼리는 오후 3시에 출항하기 때문에 우리들은 점심을 먹으러 이동했어요
그나저나 3박4일인데 다들 짐이 왜 이렇게 많나요 !? ㅋㅋ
              각자 먹고 싶은 음식을 주문했는데 된장찌개 4인분이 이런 뚝배기 하나에 나올줄이야-
정말 황당하고 어이가 없어서 말이 나오지 않을 지경이었다는 -ㅅ-
그나마 맛이 있어서 다행이었다는 @.@
              동해항 국제여객터미널 안에는 DBS크루즈훼리 카운터가 있는데
보딩과 티켓팅을 포함해 예약까지 가능해서 편리해요
              우리는 이미 예약되어 있는 티켓을 티켓팅 하였는데 비행기와는 달리
승선용/영수용/선박용/탑승용 4가지로 구분되어 있으니 잃어버리지 말고 잘 보관하세요
                DBS크루즈훼리는 러시아 블라디보스톡 주1항 , 일본 사카이미나토 주2항 운항합니다~
위의 운항일정을 잘 살펴보면 알 수 있지만 DBS크루즈훼리는 한대라는 사실 !!
          사람들이 승선을 하기 시작했는데 우리는 여유있게 마지막에 승선하기로 결정!
혹시라도 배멀미를 하시는 분은 1시간 전에 키미테를 붙여주시면 괜춘할거에요-
먹는 약도 있으니 참고하시고요- 전 멀미를 안하는 체질로 변해서 다행이었다는
            드디어 러시아 블라디보스톡으로 가는 DBS크루즈훼리 승선!
              DBS크루즈훼리 여행을 하실 계획이라면 캐리어보다는 배낭이 편하니 배낭을 추천해드려요~
10명 중에 1명만 캐리어를 끌고 왔던 기억이 나네요 -ㅅ-
              DBS크루즈훼리의 선내 부대시설은 대부분 2층에 있으며, 가장 중요한 인포메이션 역시 2층에 있어요 
인포메이션 왼쪽에 있는 편의점 훼미리마트에서는 여행에 필요한 물품부터 
다양한 간식거리를 사먹을 수 있는데 특히 인상적이었던 것은 냉동식품이 있었다는 ㅋㅋ 
군 복무 시절의 추억을 떠올리며 고추잡채만두를 전자렌지에 돌려 먹었는데 완전 맛나!



    훼미리마트 왼쪽으로는 음악과 함께 술 한잔 기울일 수 있는 바가 위치하고 있어요~


   

24시간 사용이 가능한 PC방이 있었는데 PC는 4대가 있으며
 1시간에 4천원이라는 어마어마한 가격!
무선공유기가 있어 돈을 드릴테니 무선인터넷 비밀번호 알려달라고 해보았으나 거절 ㅡㅡ++
     

DBS크루즈훼리는 각 층마다 화장실이 있는데 생각보다 너무 깨끗해서 좋았다는-
남자화장실은 깨끗했는데 여자화장실도 깨끗했겠죠 !?


     

여행에 지친 피로를 풀 수 있는 히노끼풍 사우나는 DBS크루즈훼리 3층에 위치하고 있어요!


              여자들이 묵었던 DBS크루즈훼리 스탠다드룸A 4인실!
온돌스타일이라 가족이나 친구들과 시간을 보내기에는 좋을 것 같아요~
              남자들이 묵었던 DBS크루즈훼리 스탠다드룸B 8인실!
공간이 협소하여 잠자기 이외에는 아무것도 할 수가 없었는데
얼마나 좁은지 보이시죠 !? ㅋㅋ
            스탠다드룸C가 사람은 많지만 차라리 더 편해보였다는 -ㅅ-
이외에도 프레지던트룸 , 로얄 스위트 , 주니어 스위트 , 패밀리클래스 객실도 있으니 참고하세요
               드디어 동해항 국제여객터미널에서 DBS크루즈훼리 타고 러시아 블라디보스톡으로 출발!
            바다 위에서는 비행기와 마찬가지로 로밍 지역이 아니기 때문에
미리미리 전화통화를 마무리 지어주세요~
              조금 쉬다가 저녁을 먹으러 나와 하늘 사진을 찍었는데
렌즈에 김이 끼는 바람에 이색적인 사진이 나왔다는-
                    DBS크루즈훼리 레스토랑 가는 길은 1층 밖에서 3층으로 가야하기 때문에 불편한 시스템이었어요..
          
  아침 7시~8시 / 점심 12시~13시 / 저녁 19시~20시
미리 식권을 구입해도 되고 아니면 레스토랑에 가서 현금으로 지불하셔도 됩니다~
원/엔/달러 3가지로 페이 가능한데 원으로 내는게 가장 이익이라는~
 


           DBS크루즈훼리 레스토랑 음식은 대체적으로 무난한 편이었지만 맛있는 편은 아니었어요~
그리고 아침 , 점심 , 저녁이 거의 같은 음식이라 다양하게 나오진 않으니 참고하세요
              항해를 하는 동안 DBS크루즈훼리 안에서는 할게 없기 때문에 미리 준비해온 보드게임을 즐겼어요.
루미큐브 , 할리갈리 , 화투 , 트럼프 등을 챙겨서 얼마나 다행이었는지 몰라요 ㅠㅠ
            저녁에는 바에 앉아 로얄 살루트를 마셨는데 선착순 12병 과일안주 포함 9만원!
근데 선착순 12병이 계속 12병이라는 방송멘트가 너무 웃겼어요 ;;
레스토랑 안으로 아무것도 들고 올 수 없어 조금은 불편하더라고요
              폭풍수면을 취하고 보니 드디어 러시아 블라디보스톡이 보이기 시작했어요
원래는 동해항에서 러시아 블라디보스톡까지 19시간인데 우리는 22시간이 걸렸다는 ㅡㅡ+
          캠코더 , 카메라 , 아이폰 등 다양한 장비로 사진을 찍어대는 블로거들
              22시간이라는 긴 시간이었지만 어찌되었든 배 타고 러시아 블라디보스톡에 무사히 입항!
              DBS크루즈훼리 타고 러시아 블라디보스톡에 왔으니 이제 본격적인 여행기 들려드릴게요!
많은 관심 부탁드려요~ ^^
      DBS크루즈훼리
  http://www.dbsferry.com/main/main.asp
  원문출처 http://blog.naver.com/newcula/111700285"
[스티커 in DBS] 동해항에서 DBS크루즈 페리 타고 러시아 블라디보스톡으로!,"    러시아 블라디보스톡을 비행기가 아닌 배로 갈 수 있다는 사실!!!
이건 사실, 예전에 무전여행의 마지막이었던
시베리아 횡단열차를 탈때 알고 있었던 사실이었어!
  단지, 난 속초항이라고 생각했었는데...
속초에서도 있고, 동해에서도 있다는것 같더라구;;ㅋ
  근데 우리가 타는 배는 DBS 크루즈 페리!
      강남 고속터미널에서 버스를 타고 3시간 조금넘게 달려 도착한 동해,
다시 택시 3~4천원이면 도착할 수 있는 동해항 국제여객 터미널!
  배 시간보다는 살짝 일찍 도착한 우리, 여유있게 점심을 먹어야했기에! ㅋ
    너무 더운 한국의 여름....
러시아는 좀 시원하겠지? 하는 막연한 생각....위도상에 더 높은 곳에 있으니까!  당연하게 시원하지 않을까?
하지만, 러시아 무더위라는 기사를 언젠가 본것 같기도 하고..음..
      동해에는 러시아쪽 선원들이 나름 많이 있어서,
러시아어를 어떤 관광지 표지판이라든지, 요런 표지판에서 쉽게 찾을 수 있어!
  단 한단어조차 읽을수 없는 러시아어..ㅠㅠ
그나마 다행인건....숫자는 알아볼수 있다는 사실(아랍어는 숫자도 다르던데ㅠ)
      점심으로 먹은 청국장, 김치찌개, 된장찌개....
옛날에는 청국장이 냄새가 그렇게 싫었는데, 요샌 참 맛이 좋은듯..... 자꾸 땡기는 느낌이랄까?
늙었나봐 ㅠ
      동해 국제여객터미널에 있던 한국 전통인형,
러시아도 전통 목각인형이 유명한데....가면 꼭 사와야하나? 하는 생각도 살짝;;
    보딩은 최PD님이 하셨으니 뭐 잘 모르겠고
어렵지 않은듯...어차피 한국분이 해주시기에! ㅋ
      우리가 타는 DBS크루즈 페리는 블라디보스톡 뿐이 아니라
일본 돗토리현 옆의 사카이미나토항도 갈 수 있다는 사실!
  음...약간 오래 걸리긴 하지만, 배를 타고 가는것도 나쁘지 않은듯!?
운항 스케쥴은 DBS크루즈 페리를 검색하세요! ㅋ
      두번째 가보는 러시아,
한 겨울의 러시아와 얼마나 다를까..  한여름의 러시아는...음...
    차도 실을수 있는 큰 배!
이것이 DBS 크루즈 페리!  나중에 김치버스 일본으로 떠난다면 ....그때 여기에 실어서 일본 도토리현으로도 갈 수 있겠다는 생각이 문득....
상상만으로도 기분좋아! ㅋ
      더 큰 크루즈를 언젠가는 타보고 싶어!
부대시설을 봤을때는...이건 크루즈라고 하기엔 좀 그런데..어쨌거나 뭐..;;이름이 그러니까!
        타자마자 눈에 띈 2층의 PC방!ㅋ
1시간에 무려 4천원이라는 미친 가격이 걸렸지만....
그것보다는 뭐 급한일을 처리할 수 있다는 안도감! ㅋ
하지만 그것보다 신기했던건.....이렇게 망망대해로 가는 배도...
인터넷이 된다는 사실이;;;;;음..;;ㅋ
          우리 남자 7명의 침실은......8인실 침대ㅠ
정말 좁아서 순간 시베리아 횡단열차 느낌이 났던..
  너무 좁아서....침대에 있을땐 앉아서 고개를 들수가 없는 침실!
            요렇게 침대마다 개인등이 있어서 들어와서 누우면 아늑하긴 하지만;;ㅋ
뭐 어쨌거나 누우면 꽤나 괜찮음! ㅋ
          2층과 3층 사이에 있던 벽 장식.. 
 음.....그나마 멋졌던 ㅋ
            출발 직전 외부갑판으로 올라갔더니,
역시나 여유롭게 햇살을 즐기는 외쿡인들...
     나는 햇살이 덥고 그리 좋지 않은데.....
특히나 라섹을 한지 얼마안되서;;;ㅋ 또 살까지 탈까봐..
저 사람들...해를 저렇게 좋아라 하다니!
           2층에 있던 다인실...이게 한 30인실이었던가;;;
KBS 1박2일에 나왔던 그런 사이즈의 침실...
단체로 가면 뭐 이런 경험도 나쁘지는 않을듯
          2층에는 식당 외에도 샌드위치나 국수를 파는것 같았는데...음...
가격이 저렇다면 모두가 원화를 내는게 유리할듯!? ㅎ
          담배랑 몇종류의 술, 몇종류의 향수와 몇종류의 화장품을 팔던 작은 면세점...
죵이형이 담배는 정말 다른 면세보다 싸다며 괜찮은 가격이라고 말했던 곳,
          배가 출발한지 얼마 되지 않았는데 시작된 술판;;
역시 그대들은 러시안!
  예전에 핀란드에서 러시아 국경을 넘는 기차를 탔을때, 국경을 넘는 순간이 지나자
러시아 친구가 내게 했던말 ""자, 이제부터는 러시아! 보드카를 마실 시간이야!""
  술을 좋아하는 사람이 많은 러시안들! ㅋ
            3층에는 사우나까지!?
의외의 시설에 살짝 놀람;;ㅋㅋㅋㅋ
            사우나는 아니고, 목욕탕 정도의 수준!?
하지만 생각보다 깔끔하고 멋진 느낌!!!
저녁때는 왠지 사람이 많아서 붐빌것도 같지만...
일단 샤워를 할 수 있다는 사실에 잠시 안도감; ㅋ
          넓은듯, 나름 좁은 DBS 크루즈 페리!
           망망대해.....다행히도 파도는 없는듯, 돌아오는 날은 태풍이 온다던데;;;
음.....파도가 심하면 배가 많이 흔들리겠지;
           바다를 가르고 쭉쭉~~
잠깐동안 아무것도 없는 바다를 보고 있으면서 별의별 잡생각들이;; ㅋ
        식사를 할때는 요렇게 여행사에서 준 단체 식권도 있고,
따로 이곳에서 돈을 내고 사먹을 수도 있고!
  조식 7천, 중식 8천, 석식 1만원 이었던가;;;;
(제 기억력의 오차는 1천원 범위입니다! ㅋ)
          배를 탄 승객들이 모두 이곳에서 식사를 하기 때문에
약간 줄을 서서 기다려야한다는 불편함,
그리고 에어컨이 침실에는 괜찮은데,
이곳은 가동이 되지 않는지 좀 덥다는 불편함 정도를 빼고는 뭐;; ㅋ
        그리고 메뉴는 조식,중식,석식이 거의 비슷비슷..;;ㅋ
          생각보다 맥주를 싸게 팔던 식당
같은 가격이면,......아사히! ㅋ
근데 요 아사히 작은 캔이 분명 2층 자판기에선 350엔이었는데;;
ㅋㅋ 참 이상한 배안 물가; ㅋ
        그리고 딱 12병만 판다던....로얄 살루트 21년산..
단돈 9만원에 판다길래 우리도 덥썩 사마셨지만....
정말 같이 나오는 과일안주는...정말 안주니만 못한 정도 ;;;;
          나름 지루했던 페리에도 밤이 찾아오고
일몰을 보지 못한게 아쉬웠지만...음.. .돌아올때 다시 찍으면 되니까! ㅎ
          숙면.....그리고 다음날........
 20시간정도 걸려서 도착한 러시아 블라디보스톡 항구...
  첫느낌은 역시 예전에 모스크바에서 느꼈던 그런 탁하고 때묻은 듯한 느낌
            이제 본격적으로 러시아 블라디보스톡 탐방 고고씽!
  (그나저나 자꾸 비가 내려서 큰일;;;ㅠ)
   
원문출처 http://optimist.crazytour.net/150092239631
 "
