country,cleaned_sentences
아프리카,아프리카 개국 14 귀국 다리 개인 코끼리 아프리카 고국 아침 보슬 보슬 빅토리아 폭포 마을 구경 합류 어제 토산물 가계 가기 다행 여럿 어제 서비스 주기 물건 가계 가계 주인 주인 동생 연락 가라 목각 제품 사고 다행 근처 악어 농장 친구 악어 농장 연락 워낙 통신 가계 아프리카 아침 일찍 어제 물건 어제 달라 하니 주인 었다 몇개 사고 숙소 꾸리 10시 30분 1500년 나무 도중 다리 코키리 먹이 코끼리 1500년 나무 포즈 사진 덥다 빅토리아 150 번지 점프 토리아 공항 출국 수속 아프리카 안녕 가야 1시간 30분 요하네스버그 공항 환승 13시간 자고 음료수 나니 어느덧다 홍콩 공항 환승 인천 국제공항 안녕 인사 가족 사진
아프리카,아프리카 개국 스페셜 잠베지강 선셋 길이 700 위대하다 잠베지 앙골라 잠비아 보츠와나 짐바브웨 말라위 모잠비크 통해 인도양 남부 아프리카 최대 잠비아 짐바브웨 국경 강의 급류 대규모 수력 발전소 카리바 건설 잠베지 아프리카 아름답다 일몰 선셋 크루즈 주변 코끼리 악어 하마
아프리카,아프리카 개국 13 짐바브웨 보츠와나 아프리카 13일 아침 6시 30분 기상 시내 구경 라면 슈퍼 미장원 가계 가계 즐비 생활 사진 아침 8시 30분 차량 보츠와나 짐바브웨 출입국 관리소 출국 신고 보츠와나 출입국 관리소 입국 수속 보츠와나 강가 보트 사파리 거기 코키리 하마 악어 버팔로 야생동물 사자 멀리 아프리카 사자 카메라 고장 관계 감상 사자 근처 동물 슬금 슬금 멀리 시작 사자 근처 동물 점심식사 보츠와나 출입국 관리소 출국 신고 짐바브웨 출입국 관리소 입국 수속 짐바브웨 빅토리아 폭포 구경 아침 차량 타자 마자 보츠와나 출입국 불편 국경선 마자 검다 구름 오기 시작 토리아 관광 물보라 지장 주지 빅토리아 폭포 관광 짐바브웨 노천 시장 필요하다 목각 제품 제품 구입 점리 동시 저녁 일과 내일 아프리카 대한민국 가기 정리 잠자리 사진
아프리카,아프리카 개국 여행가이드 12 요하네스버그 잠비아 아프리카 12일 아침 일찍 제공 아침 요하네스 공항 요하 공항 출국 수속 10시 40분 리빙스톤 요하네스버그 리빙스톤 1시간 40분 소요 짐바브웨 빅토리아 공항 착륙 승객 일부 잠비아 리빈 스톤 승객 태운 리빙스톤 리빙스톤 14 00 경이 통해 관광 오신 만날 원래 12 30분 리빙스톤 예정 빅토리아 공항 착륙 바람 리빙스톤 팬말 한영 영합 볼펜 리빙스톤 비자 비자 50 입국 수속 잠비아 입국 잠비아 빅토리아 폭포 관광 잠비아 출국 신고 짐바브웨 국경 짐바브웨 입국 수속 45 입국 수속 레인보우 점심 잠베 아강 보트 사파리 잠베 강가 관광 주민 노래 즐겁다 코끼리 경과 하마 가족 잠베 아강 해지 관경 만끽 저녁 8시 저녁 시내 중국 저녁 일과 마감 무료 인터 사용 가능하다 속도 느리다 인내 사진
아프리카,아프리카 개국 11 유하 네스 버그 시티 아프리카 11일 새벽 세차 린다 날씨 소나기 옆집 맑은 하늘 어제 저녁 천둥 번개 시작 아침 계속 아침 6시 30분 기상 7시 아침 8시 30분 신시티 대형 사고 신시티 20 전방 차량 운전 좌석 유리창 인지 유리창 원인 추축 유리창 고정 멀리 새총 유리창 박살 다행 강화 유리창 관계 거기 유리 온몸 사고 지점 500 덥다 멈쳐섰다 나쁘다 나쁘다 차로 신시티 신시티 시내 구경 유명하다 입구 사진 찍기 무료 입장 시켯느데 일인 구경 멀리 입구 사진 일부 미련 잭판 선수 박솔자 잭판 코인 시작 다행 이간 부부 110 환전 보턴 부지런하다 눌런는 다행 320 수익 어기 계속 깡통 차기 환전 한식 가든 한식 김치 호박 된장 찌게 불고기 저녁 후식 도저히 식해 얼음 식해 명절 이외 슈퍼 깡통 저녁 샤워 마감 인터넷 사용 10분 25 랜드 지불 시티 옛날 고도 문명 유목민 요하네스버그 멀다 풍요롭 천지 진동 지진 찬란하다 문화 땅속 전설 시티 1992년 전설 기본 시티 카지노 형극 종합 오락 중심 팰리스 스케 이드 메인 카바 니스 골프 코스 워터 피크 아프리카 최고 매머드 리조트 리조트 실물 크기 동물 동상 호화롭다 장식품 구경 인공 파도 서핑 수영 마다 굉음 지진 재현 아찔하다 사진
아프리카,아프리카 개국 10 남아프리카 유하 네스 버그 케이프 타운 요하네스버그 아침 30분 일찍 모닝콜 6시 7시 아침식사 8시 비행장 가야 케이프타운 공항 9시 50분 요하네스버그 2시간 소요 요하네스버그 공항 11시 50분 요하네스버그 공항 출국 수속 가깝다 남아프리카 공화국 대통령 사시 거기 과거 남아프리카 도운 관계 명패 사진
아프리카,아프리카 개국 남아프리카공화국 케이프타운 아침 6시 30분 기상 7시 30분 아침 8시 30분 이프 리카 케이프 타운 관광 대서양 인도양 희망봉 시작 물개 산다 물개 물개 귀환 휴식 취했다 물개 항구 구입 승선 바람 파도 높다 항해 물개 선장 좌우 방향 물개 원주민 달멋 검은색 항구 입구 물개 물개 재미 구경 물개 구경 선착장 기념 구입 기회 몇몇 기념품 구입 물개 구경 아프리카 팽킨 사나 확인 팽킨 여사 팽킨 군락 지로 2만 마리 팽긴 숫자 2000 마리 기후 변화 인간 의심 만가 거기 대책 구경만 안타 팽긴 서식 작다 집도 절대로 안주 자연 순리 번식 원칙 팽긴 구경 20분 거리 식당 중국 점심 스프 된장국 간단하다 덥다 김밥 덩어리 생선회 나니 바닷가 일인 마리 바닷가 제의 타조 가죽 가죽 제품 팔고 기념품 팔고 중국인 장사 관광 물품 구입 전적 특산 이외 물건 가전제품 삼성 엘지 점령 전자제품 제품 체워 물건 점심 차로 최대 목적지 희망봉 희망봉 바닷가 벌써 중국인 무리다 남아프리카 국화 만발 때마침 자연 상태 타조 마리 길가 먹이 사진 사진기 타조 항구 관광 등대 가기 버스 등대 입구 모노 래일 티켓 구입 노래 일로 정상 갈수 모노 래일 20 등대 구경 길다 모노 래일 안타 오기 서서히 서로 사진 버스 관광 가게 물품 구입 저녁 케이프 타운 항하 도중 건물 화려하다 칠하다 주택가 항하 사진 다행 사시 주민 저녁 먹기 성북 교민 운용 식당 모처럼 메뉴 김치 찌게 반찬 김치 비롯 연어 콩나물 먹기 힘드다 다이야 몬드 갈치 구이 불고기 테이블 토막 테이블 이기 토막 3등 저녁 저녁 성북 주인 수가 성북 정자 통체 정자 간판 식당 운용 식당 상대로 여지 한식 최고 대서양 인도양 희망봉 희망봉 1497년 항해 스코다 가마 발견 남아프리카 남서쪽 남위 21분 일반 이프 리카 대륙 남쪽 실제 1488년 디아스 발견 폭풍 포르투갈 명령 현재 이름 신기하다 희망봉 인도양 대서양 색깔 달라 연하다 구분 한류 난류 짙다 안개 발생 항해 어렵다 남쪽 5000 지점 남극 물개 케이프 타운 아름답다 항구 후트 베이 남아공 호화 보트 정작 유명하다 유람선 15분 항해 바다 맑은 바다 수천 마리 물개 서식 바람 파도 치면 사진
아프리카,아프리카 개국 남아프리카공화국 케이프타운 남아프리카 공화국 케리 프타 아침 6시 기상 6시 30분 아침 먹기 시작 8시 30분 케이프 타운 관광 시작 테이블 마운틴 케이블카 정상 날씨 바람 심하다 케이블카 운행 중지 모처럼 관광 오신 잘못 케이 불카 360 회전 창가 양옆 다행 케이블카 정상 구름 정상 다행 케이블카 정상 테이블 마운틴 케이프 타운 뒷쪽 1875 작다 이름 모양 테이블 각형 정상 케이블카 대서양 인도양 운치 대양 한눈 전망 유명하다 이불 마운틴 포도주 농장 포도주 농장 포도주 포도주 다르다 앃어 포도주 마사 현장 조주 팔고 30 다양하다 달라 카드 화페 가능하다 본인 마심 선물 포장 선물 주어 점심 먹기 타조 농장 타조 농장 점심 타조고기 타조고기 바싹 구분 소스 아쉬움 타조 농장 구경 타조 가죽 재품 타조 공예품 공예품 구경 구입 원하다 현장 구입 타조 구입 자세하다 타조 농장 마무리 깨끗하다 가격 훨신 구입 30 000원 김포 타조 농장 구입 해변 가로 남태평양 사진 바람 휴식 취한 쇼핑 타로 본인 취향 쇼핑 카드 페로 사용 가능하다 저녁 먹기 중국집 중국음식 저녁 저녁 마무리 남아프리카 공화국 만델라 고향 남아프리카 공화국 상식 후진국 아프리카 케나다 벤쿠버 호주 시드니 비교 녹색 전원 도시 그림 해안선 프른 숲속 아름답다 선진 산업 기반시설 아프리카 느낌 지고 아프리카 공화국 아름답다 자연 문화 문명 조화 아프리카 공화국 국토 독립국 레소토 스와질랜드 애국가 백인 통치 만델라 집권 체택된 주로 아프리카 대륙 영향력 남아프리카 공화국 강하다 아프리카 심장 역할 수도 프레토리아 행정 케이프타운 입법 불룸폰테 사법 구분 면적 125 500 평방 남북 2000 동서로 1500 남한 12 크기 인구 3800만 91년 통계 2900만 아프리카인 500만 백인 300만 인과 100만 인디안 구성 언어 용어 영어 아프리카 종교 인구 대부분 기독교 희다 교도 부분 차지 에니미즘 기후 대서양 연안 케이프 타운 평균 15 도씨 지중해 기후 요하네스 16 도씨 지방 교차 겨울 11월 4월 유명하다 지대 오기 시차 7시간 통화 200원 전압 220 230 50 답타 220 블러 그로 사용 쇼핑 다이야 몬드 토산품 목각 제품 유명하다 포터 경우 50 룸메 이드 적당하다 레스토랑 보통 10 무난 지형 기후 남아프리카 북부 남부 2000 서부 동부 1500 크게 지역 수도 요하네스버그 기후 대체로 건조하다 맑다 기후 주요 영향 위도 지형 주변 해양 요하네스버그 포함 동부 지역 겨울 최고 20 도시 도씨 건조하다 맑은 기후 10월 4월 사이 오후 천둥 번개 동반 소나기 지역 덥다 기후 유지 남서쪽 지역 여름 26 도씨 건조하다 기후 겨울 평균 최소 기온 도씨 춥다 높다 꼭대기 지역 북쪽 해안 지역 건조하다 덥다 날씨 인구 38 백만 명의 인구 29 백만 흑인 백만 백인 백만 인종 백만 인도인 구성 60 아프리카 나머지 영어 사용 대부분 기독교인 아프리카 원주민 교회 인종차별 교회 다양 500만 흑인 전통 종교 나머지 대부분 기독교 연합 언어 현행 제도 영어 아프리카 공동 사용 팜플렛 시간표 도로 표지판 언어 표기 아프리카 구사 백만 영어 유창하다 구사 아프리카 언어 평균 사용 노동자 사용 언어 바자 관광 비자 30일 필요하다
아프리카,아프리카 개국 나이로비 요하네스버그 케이프타운 새해 금년 알차다 계획 세운 신분 아침 로비 요하네스버그 거처 케이프 타운 아침 오른 아우 오브 아프리카 유명하다 소설 저자 카렌 브릭스 기념관 관광 가기 당시 커피 농장 유명하다 커피나무 대신 골프장 사용 당시 생활 유품 자세하다 기념 사진 나이로비 공항 항공 티켓 16 00 요하네스버그 공항 19 15분 남아프리카 국내선 21 00 네스 공항 23 10 케이프타운 출국 수속 공항 차량 마감 중남미 아프리카 경우 그날 관광 카렌 블릭센 박물관 구경 단체 기념 사진 알차다 카렌 브릭스 기념관 카렌 브릭 기념관 아름답다 정원 유명하다 아우 오브 아프리카 소설 저자 덴마크 카렌 브릭 여사 생존 커피 농장 경작 살림 도구 보존 전시 당시 주민 생활 남아프리카 공화국 만델라 고향 남아프리카 공화국 상식 후진국 아프리카 케나다 벤쿠버 호주 시드니 비교 녹색 전원 도시 그림 해안선 프른 숲속 아름답다 선진 산업 기반시설 아프리카 느낌 지고 아프리카 공화국 아름답다 자연 문화 문명 조화 아프리카 공화국 국토 독립국 레소토 스와질랜드 애국가 백인 통치 만델라 집권 체택된 주로 아프리카 대륙 영향력 남아프리카 공화국 강하다 아프리카 심장 역할 수도 프레토리아 행정 케이프타운 입법 불룸폰테 사법 구분 면적 125 500 평방 남북 2000 동서로 1500 남한 12 크기 인구 3800만 91년 통계 2900만 아프리카인 500만 백인 300만 인과 100만 인디안 구성 언어 용어 영어 아프리카 종교 인구 대부분 기독교 희다 교도 부분 차지 에니미즘 기후 대서양 연안 케이프 타운 평균 15 도씨 지중해 기후 요하네스버그 16 도씨 지방 교차 겨울 11월 4월 유명하다 지대 오기 시차 7시간 통화 200원 전압 220 230 50 쇼핑 다이야 몬드 토산품 목각 제품 유명하다 포터 경우 50 룸메 이드 적당하다 레스토랑 보통 10 무난 지형 기후 남아프리카 북부 남부 2000 서부 동부 1500 크게 지역 수도 요하네스버그 기후 대체로 건조하다 맑다 기후 주요 영향 위도 지형 주변 해양 요하네스버그 포함 동부 지역 겨울 최고 20 도시 도씨 건조하다 맑은 기후 10월 4월 사이 오후 천둥 번개 동반 소나기 지역 덥다 기후 유지 남서쪽 지역 여름 26 도씨 건조하다 기후 겨울 평균 최소 기온 도씨 춥다 높다 꼭대기 지역 북쪽 해안 지역 건조하다 덥다 날씨 인구 38 백만 명의 인구 29 백만 흑인 백만 백인 백만 인종 백만 인도인 구성 60 아프리카 나머지 영어 사용 대부분 기독교인 아프리카 원주민 교회 인종차별 교회 다양성 500만 흑인 전통 종교 나머지 대부분 기독교 연합 언어 현행 제도 영어 아프리카 공동 사용 팜플렛 시간표 도로 표지판 언어 표기 아프리카 구사 백만 영어 유창하다 구사 아프리카 언어 평균 사용 노동자 사용 언어 바자 관광 비자 30일 필요하다 카메라 고장 분실 사진 양해
아프리카,아프리카 개국 케냐 마사이 마르다 나이로비 아침 일찍 먹이 속담 새벽 아침 새벽 동물 사냥 다기 6시 게임 드라이브 차량 차량 3분 사진 차량 차량 중도 차량 이름 새벽 차량 무언가 땐데 재일 먼저 하이에나 하이에나 주로 고기 동물 근처 사자 동물 안나 유심 사자 사자 종물 사진 아침 멀다 도로 포장 리지 항텐데 행운 바랄쁜 날씨 초조하다 마찬 포장 도로 진흙 30 가야 다행 방울 피고 차량 아스팔트 도로 도로 억수 운전기사 모양 진흙탕 길다 나이로비 어제 기념품 가계 로찌 점심 점심 닭고기 음료수 긴장 기념품 가계 전달 나이로비 로비 멀다 나이로비 저녁 좋아하다 삼겹살 한식 반찬 저녁 숙소 숙소 숙소 마끼 사진
아프리카,아프리카 개국 여행가이드 케냐 나꾸루 마사이 마르다 아침 마사이 마르다 원주민 마을 작년 일인 20 구경 거금 생활 마당 노래 예식 조그마하다 마당 말똥구리 굴리 나무 개인 간다 생활 사진 사진 좌판 생활 구입 생활용품 장식품 구입 평정 리안 학생 수업 수업 나이 학생 칠판 20 쓰리다 영어 에이 거기 신발 발휘 쓰리다 대신 어로 멀다 훗날 한국어 기억 날런 마사이 마르다 길이 무척 포장 도로 무료 30 가야 우기 곤란 리지 게임 드라이브 리빙스톤 힘드다 히말라야 깨끗하다 악어 마리 좀처럼 수도 종일 대신 하마 가족 실컨 하마 물속 좀처럼 사진 하마 육지 슢속 자고 아침 물속 이제야 사진 동영상
아프리카,아프리카 개국 여행가이드 케냐 보셀 나꾸루 보셀 아침 일찍 차로 나이로비 나이로비 불고기 김치 찌게 점심 일부 호수 하마 호수 가로 나머지 나꾸루 나꾸루 입구 입장권 게임 드라이브 사자 마리 무위 걸터 무언가 주기 슬슬 나무 슬금슬금 차로 반대쪽 건너 반대쪽 불과 사자 행운 사자 커녕 코끼리 가신 날씨 새삼 나꾸루 사파리 게임 드라이브 지로 저녁 숙소 국립공원 나이로비 중심 서북 방향 급경사 단층 산맥 지역 그레이 리프트 계곡 국립공원 맹고 유명하다 최대 낙원 워터 번식 근처 나이 바사 호수 호수 석양 사진 동영상
아프리카,아프리카 개국 케냐 나이로비 보셀 아프리카 참다운 아침 6시 기상 7시 아침식사 8시 사파리 게임 드라이브 16 서울 박명희 17 개조 대의 차량 구동 8일 차로 이차 3일 케냐 달맀것 보셀 국립공원 나이로비 차로 4시간 거리 보셀 1070 지대 마사이 지역 5895 아프리카 최고봉 장엄하다 킬리만자로 눈앞 국립공원 사자 코키리 버팔로 코뿔소 표범 사진 동영상
아프리카,아프리카 개국 케냐 버스 공항 체크 저녁 식당 저녁 저녁 야생 고기 바베큐 야마 쵸마 특식 고기 닭고기 돼지갈비 악어고기 타조고기 칠면조고기 후식 아이스 크림 저녁 휴식 취했다 2일 케냐 단어 케냐 외국 매년 각광 이유 지난 항공 요금 불구 케냐 아프리카 제일 관광 행선 지로 케냐 천년 이주하 주요 도로 역활 최초 이민 물결 이디오피아 언어 사용 유목민 었씁니 가능하다 탄자니아 중앙 멀리 동부 서기 1000년 이디오피아 유목 케냐 중앙 대부분 점령 10 세기 부족 세력 사이 수년 내전 인하다 인구 1880 92년 사이 콜레라 홍역 굶주림 질병 목숨 케냐 초대 대통령 케냐 나이로비 북부 지방 농부 아들 1892년 아프리카 선전 비서 아프리카인 지역 개혁 인금 인상 교육 의료 대항 켐페인 참여 흑인 백인 사이 불공평 해소 중앙 협회 비서 노력 기여 케냐 대통령 임원 반대 운동 참여 동자 7년 유죄 선고 1959년 출감 케냐 독립 1963년 12월 20일 초대 대통령 케냐탸 실현 케냐 대통령 1978년 임종 케냐 통치 대통령 임기 케냐 아프리카 안정 성공하다 하나로 성장하다 수도 나이로비 면적 582 646 평방 한반도 크기 케냐 지역 인구 2600만 91년 70 여개 부족 구성 언어 영어 스와힐리어 용어 이외 부족 종교 기독교 회교 에니미즘 종교 인도양 해안 지역 제외 대부분 기독교 회교도 힌두교 기후 5월 작다 10 12월 건기 8월 나이로비 평균기온 10 27 몸바사 22 30 겨울철 최저 기온 대략 도씨 시차 6시간 통화 케냐 실링 외환 관리 엄격하다 전압 220 240 50 영국 타가 필요하다 쇼핑 목각 공예품 유명하다 대부분 포함 10 포터 가방 20 실링 적당하다 지형 기후 케냐 적도 걸처 국토 13600 호수 포함 583000 면적 케냐 크게 부분 해안 지대 계곡 지역 중앙 고지 부케 북부 케냐 부케 지역 계곡 중앙 고지 케냐 형성 장관 비옥하다 인도 해안 지역 산호초 좁다 얕다 해안 특징 케냐 서부 지역 수다 국경 지역 탄자니아 고원지대 빅토리아 호수 해안 근처 북부 지역 비옥하다 물이 풍부하다 경작 4321 미터 케냐 높다 산이 잡고 멀리 남쪽 지방 목초지 적당하다 케냐 인기 야생 보호 구역 북쪽 동쪽 거대하다 덤불슾 사막 강수량 목초지 적당하다 케냐 서부 물결 모양 고원 지대 평균 강우량 덥다 습하다 기후 6월 60 강우량 4월 높다 200 강우량 온도 최고 30 40 도씨 최저 온도 14 18 도씨 중앙 고원지대 계곡 지대 케냐 쾌적하다 기후 지역 강수량 20 200 3월 5월 짧다 기간 장마 지역 평균기온 최대 22 26 도씨 최저 10 14 도씨 거대하다 풀림 사막 북부 부지역 케냐 최고 40 도씨 20 도씨 때론 20 도씨 사막 지역 기온 차갑다 심하다 지역 대부분 7월 건조하다 달이 11월 평균 강수량 250 500 해안 지역 기후 약하다 바다 바람 인하다 연중 계속 온도 덥다 습하다 산태 유지 평균 수량 1000 1250 온도 최고 30 도씨 22 변화 인구 케냐 인구 26000000 소수 아시안 아랍인 유럽인 나머지 아프리카인 구성 아프리카인 70 부족 거주 해안 부지역 케냐 대부분 기독교인 아시안 인구 대부분 모슬람 힌두 시크교 기독교 선교사 활동 활발하다 언어 영어 스와힐 리가 케냐 식언 케냐 곳곳 학교 교육 부족 사용 언어 소수 부족 언어 힐리 언어 유용하다 도시 바깥쪽 케냐 멀리 지역 영어 사용 필요 화페 29 53 회페단위 100 센트 허용 공식 은행 국제 환율 시장 변동 주변 국가 경화 보통 경화 여행자 수표 미화 현찰 은행 지점 가능하다 48시간 케내 비행기표 비자 증명 환전 한정 은행 이러하다 제공 필요 미화 현금 서비스 은행 비자카드 본인 은행 계좌 아무렇다 문제 미화 100 20분 100 은행 본인 은행 전보 복잡 여행자 수표 은행 수수료 내야 수표 현금 은행 적합하다 은행 업무 월요일 오전 8시 9시 금요일 오후 2시 매달 토요일 오전 9시 11시 나이로비 사바 말린디 은행 지점 월요일 토요일 오후 30 5시 나이로비 공항 지점 24시간 엽니 케냐 송금 미화 여행자 수표로 먼저 케냐 실링 미화 케냐 사용 라면 케냐 페로 수수료 내지 방법 우편 통신 헤일리 셀라 거리 우체국 월요일 금요일 오전 8시 오후 5시 토요일 오전 9시 정오 업무 우체국 소포 편리하다 전화국 우체국 전화국 아침 8시 12시 직접 카드 마련 좀더 조용하다 장소 원하다 케냐 컨퍼런스 센터 대의 공중 카드 비자 서울 발급 요금 80 000원 사진 주소 전화번호 회사 주소 전화번호 본적 공항 비자 요금 50 2000년 발행 미화 꼭지 사진
아프리카,아프리카 개국 인천공항 나이로비 아프리카 신지 열기구 인천 공항 411 15 15 3시간 30분 18 10 홍콩 홍콩 287 23 50분 나이로비 간다 작년 중남미 인천공항 지연 공항 입국 수속 유시 이프 리카 검다 틀림 등록 사진 사진 노랗다 숙박 음식 안좋다 인식 가능하다 음식 숙소 중간 카메라 고장 더블 메모리카드 카메라 분실 인하다 사진 양해 아침 07 10분 요하네스 공항 6시간 느리다 40분 184 케냐 나이로비 공항 14 45분 나이로비 공항 출국 수속 공항 나오니 케냐 저녁 먹기 유명하다 야생 고기 바베큐 야마 초바 식당 저녁 야생동물 사육 야생 사진
아프리카,아프리카 개국 아프리카 개국 간단하다 정리 글러 안부 조만간 아프리카 개국 대하 16 명의 동료 노친 모시 박명희 20일 제일 먼저 국립의료원 아프리카 유행 성병 황열병 예방 주사 마랄 리아 예방 복용 국립의료원 예약 02 2260 7092 1588 1775 지정 날짜 예방주사 예약 32000원 오라 병원 확인 담당 의사 진찰 황열병 예방 주사 처방전 가깝다 약국 말라리아 예방 구입 말라리아 예방 매일 주일 매일 비싸다 80 000원 주일 30 000원 본인 취향 구입 가깝다 약국 처방 본인 약국 구입 실외 낮다 가격 구입 신분 예방접종 주의 사항 예방접종 3일 음주 무리하다 운동 사우나 12시간 샤워 예방접종 3일 몸살 증상 증상 현시 타이레놀 복용 타이레놀 복용 증상 호전 가깝다 내과 방문 진찰 접종 30분 병원 계시다 황열 접종 최소 주간 임신 수유 여성 분만 해당 황열 아프리카 사하라사막 이남 지역 중남미 지역 황열 바이 로스 체인 모기 발생 모기 3일 고열 오환 두통 증상 감염 사망률 25 50 접종 시기 유효 기간 예방접종 효과 주사 10일 유행 지역 출국 10일 이전 국립의료원 공항 검역 접종 접종 10년 유행 지역 방문 접종 현재 아프리카 중남미 지역 일부 국가 황열 예방접종 국제 예방접종 증명서 제시 입국 가능하다 증명서 10년 유효 접종 부작용 접종 10 25 두통 미열 근육통 가볍다 증상 경험 드물다 명중 접종 달이 뇌염 간염 신장염 심각하다 합병증 나타 접종 주의 사항 접종 12시간 샤워 가능하다 음주 사우나 목욕 수영 격렬하다 운동 접종 3일 말라리아 대열 말라리아 아프리카 사하라사막 이남 지역 동남아시아 중남미 지역 유행 대열 말라리아 모기 발생 간혹 유행 지역 수혈 감염 기도 국내 발생 삼일 말라리아 달리 치료 시기 뇌손상 후유증 사망 위험 상존 모기 25일 고열 오한 근육통 중상 심하다 경우 호흡 곤란 섬망 혼수 발작 혈뇨 사망 치료 말르다 메풀 증인 경우 말라리아 정맥 주사 예방 백신 라리 이나 말르다 예방 복용 말라리아 예방 라리 유행 지역 귀국 복용 오심 구토 어지럼증 경련 부정맥 악몽 초조하다 부작용 유행 지역 장기 체류 경우 권장 경련 부정맥 우울증 지병 환자 예방 복용 말르다 유행 지역 2일 귀국 7일 매일 복용 두통 구토 부작용 경미하다 매일 복용 불편하다 불구 단기간 경우 말르다 복용 권장 클로르 카리브해 인근 중앙아메리카 일부 중동 일부 제외 지역 말라리아 클로르 여행자 추천 모기 질환 방법 향수 화장품 사용 자제 모기 샤워 모기 좋아하다 체취 헐렁하다 모기 설치 외출 바지 노출 피부 곤충 기피 모기 활동 활발하다 저녁 새벽 사이 최대한 외출 모기향 사용 모기 근접 최대한 귀가 주의 사항 귀국 건강 상태 의사 진찰 대열 말라리아 증상 심하다 경우 사망 수도 말라리아 위험 지역 지역 귀국 독감 중상 생기 의료 기간 방문 말라리아 검진 해외 항공 건강 안전 수칙 과음 과로 목적지 풍토병 예방 충분하다 휴식 수면 기내 충분하다 수분 섭취 운동 식량 조절 금연 시차 극복 노력 마시기 개인 위생 철저하다 충분하다 휴식 영양 섭취 숙소 모기 모기향 하사 국립 중앙 의료 서울특별시 중구 을지로 245 02 2262 4741
아프리카,아프리카 어색하다 모로코 모로코 왕궁 근위병 사진 굉장하다 대비 유복 모로코 여인 이색 모로코 왕궁 왕궁
아프리카,아프리카 빅토리아 폭포 잠비아 빅토리아 폭포 공중 빅토리아 폭포 빅토리아 폭포 장엄하다 빅토리 폭포 폭포 비경 폭포 폭포 아프리카 개미 아프리카 탄자니아 사파리 기린 움직임 대이동 동물 버팔로 코끼리 무지개 폭포
아프리카,낭만 아프리카 개국 희망봉 배경 희망봉 빅토리아 폭포 초원 혈투 묏돼 혈투 동물 얼룩말 치타 사냥 킬리만자로 895 킬리만자로 사파리 물개 식인상어 펭긴 물개
아프리카,아프리카 아프리카 기간 2008 21 작성자 사바나 아프리카 아프리카 작년 중남미 대륙 아프리카 가슴 설레다 문명 생활 일상 습관 문명 판이하다 자연 냄새 흠뻑 취하 대감 리라 아프리카 거리 경비 부담 말라리아 예방 주사 최소 10일 국립의료원 주사 복용 약도 보험 처리 십만 부담 출국 예정 앞서 인천공항 이륙 3시간 홍콩 아름답다 시가 안개 스모그 자욱하다 공항 주변 착륙 순간 무척 불안하다 아프리카 가기 일반 관광 홍콩 요하네스버그 항공 노선 요하네스버그 남아프리카 공항 연결 항공기 탑승 홍콩 무려 대기 홍콩 공항 샅샅이 공항 홍콩 이기 관심 인천 공항 개항 레시아 홍콩 공항 3년 지난 국제 공항 연합 규모 능률 서비스 종합 평가 발표 공항 일가 인천공항 홍콩 공항 훌륭하다 요하네스버그 13시간 비행 이튿날 아침 7시 촉촉 공항 안착 성공 요하네스버그 스마 국제공항 활주로 질주 속도 항공기 창가 굵다 빗줄기 여느 선진국 도시 녹색 도시 공항 주변 아프리카 생소하다 느낌 전혀 적도 기준 반대 남반구 케냐 수도 나이로비 가기 대기 서너 여유 날씨 제법 여름 계절 정반대 날씨 공항 탈의실 겨울 내의 비닐봉지 카렌 브릭 박물관 아프리카 면적 3천 십만 6천 한반도 138 아시아 대륙 국가수 54 아시아 46 유럽 45 지역 검다 대륙 미개하다 빈곤 기아 독재 몸살 아프리카 인식 극히 일부 현장 직접 관심 깊다 개괄 느낌 정리 먼저 아프리카 권역 구분 이해 지중해 문화 이집트 리비아 튀니지 알제리 모로코 세네갈 가봉 서아프리카 대서양 국가 남아공 짐바브웨 케냐 인도 양쪽 남아프리카 니제르 중앙아프리카 수단 내륙 사막 지역 대륙 중심부 적도 관통 관계 사막 열대 아열대지방 래서 열대지방 기후 적응하다 피부 흑인 터전 이집트 비롯 지중해 국가 유럽 역사 아랍 문화 순수 아프리카 거리 남아공 케냐 탄자니아 잠비아 짐바브웨 보츠와나 동남 아프리카 지역 일반 가능하다 지역 천혜 관광 자원 자연 조건 유럽인 조기 진출 발전 지역 케냐 보셀 마사이 마르다 탄자니아 킬리만자로 신비 분화구 크레이터 응고 분지 동서 19 남북 16 고립 평원 거기 약하다 초식동물 가젤 백수 왕인 사자 2만 5천 마리 동물 서식 야생동물 수많다 동물 서로 먹이사슬 자연 법칙 참으로 신기하다 분화구 표고 1800 주위 산들 2300 동물 거기 기후 온난하다 순식간 다양하다 동식물 분포 아프리카 물소 검다 꼬리 사바나 얼룩말 그랜트가젤 얼룩하이에나 세렝게티 사파리 나쿠루 홍학 잠비아 짐바브웨 사이 빅토리아 폭포 남아공 테이블마운틴 보츠와나 초베 국립공원 대단하다 관광 자원 아프리카 기아 질병 독재정치 의식주 해결 고통 헤어 대부분 척박하다 흑인 문명인 자처 일방 일지 바깥 세상 아랑곳 방식 평화롭다 일상 나날이 나이로비 공항 먼저 카렌 브릭 박물관 덴마크 출신 카렌 브릭 여사 1914년 나이로비 거주 커피 농장 경영 수익금 흑인 학교 자전 수기 영화로 아프리카 관심 동기 오늘날 수많다 아프리카 계기 브릭 여사 1931년 본국 농장 케냐 정부 보존 덴마크 정부 주변 일부 매입 600 에이커 73만 4500 정원 박물관 케냐 정부 기증 영화 긴장감 넘치다 소품 등장 브릭 여사 생활 도구 농기구 전시 당시 시대 생생하다 보셀 사파리 마라톤 유명하다 케냐 면적 3천 백만 인구 영국 식민지 1963년 12월 20일 독립 초대 대통령 케냐탸 나이로비 북부 지방 농부 아들 인간 불공평 투쟁 자로 7년 1959년 출감 4년 71 나이 초대 대통령 임종 16년 통치 통치 케냐 아프리카 안정 성공하다 국가 나이로비 백만 인구 케냐 수도 70 여개 부족 구성 북아프리카 카이로 남아프리카 요하네스버그 중간 도시 백인 흑인 천국 나이로비 요하네스버그 치안 불안하다 시티투어 필히 야간 외출 당부 복잡 무질서 먼지 투성이 나이로비 시내 보셀 외곽 길가 싱싱하다 빨갛다 꽃들이 울타리 길다 인상 검다 인파 대비 색상 조화로 꽃송이 아름답다 사파리 사파리 스와힐리어 아프리카 원주민 대표 토착 이란 현대 모험 탐험 의미 추가 본래 달리 맹수 관찰 활동 사파리 사파리 전용 차량 평지 달린다 오장육부 포장 350 6시간 달린다 중도 휴식 목각 인형 가게 목각 공예품 목걸이 기념품 목각 킬리만자로 자생 에보니 나무 사포 윤택 단단하다 공예품 아프리카 특산 자랑 소품 조잡하다 예술 미흡하다 장점 가게 파이브 사진 타조 차갑다 타이어 펑크 길가 도로 휴식시간 흑인 운전기사 협력 타이어 차례 상식 일제 도요다 고물 형편 도로 사정 당연하다 결과 배정 점심 보셀 국립공원 사파리 포장 먼지 투성이 먼저 손님 타조 타조 코끼리 얼룩말 소리 사진 찍기 바쁘다 멀리 가젤 귀엽다 너른 초원 전개 기린 무리 시야 코끼리 무리 느릿느릿 몽구스 코뿔소 표범 사자 킬리만자로 만년설 킬리만자로 만년설 구름 얼굴 반복 보셀 국립공원 동물보호 구역 적합하다 무차별 포획 사냥꾼 시대 동물 보호 각국 국립공원 명칭 포획 대신 관광 변신 돈벌이 시대 코끼리 무리 가족 두목 웅덩이 마시기 사자 표범 공격 당하다 새끼 가운데 어미 울타리 새끼 보호 본능 대단하다 열대지방 전통 방갈로 입장 여관 주변 작다 원숭이 글거 린다 식물 이름 열대지방 현장 물씬 풍경 신성하다 킬리만자로 스와힐리어 하얗다 이란 아프리카 지붕 불리 위도 적도 가깝다 지대 인지 별로 덥다 정상 우후 루피 만년설 아침햇살 서쪽 시라 3778 중앙 높다 키보 5895 흥미롭다 5149 봉우리 최고봉 만년설 겨울 여름 전문 산악인 최고봉 산이 특징 고산 체력 필요하다 정상 둥글다 지붕 분화구 너비 최고 수심 300 칼데라 호수 정상 만년설 붉다 망토 마사이족 기념 사진 사자 왕국 마사이 마르다 마사이족 아프리카 원주민 대명사 마사이족 키도 용맹하다 창칼 하나로 사자 잡고 전사 칭호 용감하다 종족 상쾌하다 아침 맑은 햇살 만년설 머리 고고 자태 아프리카 지붕 킬리만자로 본래 케냐 소유 독립 과정 국경 정비 탄자니아 소유 탄자니아 독일 식민지 당시 독일 빌헬름 영국 여왕 조카 관계 영국 여왕 생일 선물 빌헬름 나이로비 포장 길다 몸바사 480 경부 고속도로 남북 관통 중요하다 길이 길이 좁다 군데군데 누더기 먼지 기본 전신 현장 몸바사 케냐 항구 도시 유럽 관문 대형 트럭 나이로비 왕복 엄청나다 물류 통로 도로 몸살 바퀴 26 28 트럭 도로포장 기술 형편 무겁다 상식 도로 나쿠루 홍학 천국 나쿠루 호수 공원 가게 나이로비 북쪽 빅토리아 호수 포장 길이 먼지 질주 구간 호수 경치 아름답다 호수 주변 숲속 페리 물소 가젤 얼룩말 호숫가 물결 바닥 소금 바닥 밟혔다 물가 길다 수평선 구름 수평선 홍학 홍학 나쿠루 국립 호수 공원 200만 마리 최대 홍학 케냐 자랑거리 내일 마사이 마르다 간다 아침 7시 맑은 햇살 열한 태양 나쿠루 시가지 먼지 자욱하다 교외 먼지 안개구름 구먼 10 포장 산이 야산 끝없다 들판 작다 나무 구덩이 웅덩이 멀리 모래 벌판 고여 물웅덩이 야생동물 호수 제법 큰물 마사이 마르다 차창 7월 계절 케냐 날씨 1800 고지 인지 적도 근처 덥다 여름 에어컨 기온 다행 초원 검다 주민 마을 양편 난민 정착 판잣집 양철 집들이 마을 근처 나무 민둥벌판 볼썽 사납다 풍경 근처 염소 염소 중간 염소 가깝다 동물 염소 식성 왕성 나무 뿌리 지독하다 동물 동물 천국 마사이 마르다 세렝게티 마사이 마르다 국립공원 중이 마사 이마 나이로비 서쪽 탄자니아 세렝게티 사파리 전용 차량 사이 우측 케냐 좌측 탄자니아 하니 길이 국경인 동물 국경 무의미 제주도 면적 세렝게티 국립공원 동쪽 지역 마사이 마르다 국립공원 인간 명칭 동물 국경 똑같다 풀밭 사파리 게임 드라이브 파이브 사자 표범 코끼리 코뿔소 버팔로 만날 가슴 설레다 파이브 가죽 상아 값지다 동물 사자 표범 가죽 카펫 부의 상징 당구공 도장 재료 상아 비싸다 버펄로 코뿔소 장식 자루 7시간 1시간 거리 개울 다리 우회 40 여분 낭비하다 이틀 길다 지루하다 야산 비탈길 먼지 오후 3시 점심 1시간 휴식 취한 거리 공원 사자 표범 킬리만자로 보셀 다르다 초원 넓다 푸르다 촉촉하다 느낌 짙다 자연 녹색 신선하다 공기 다르다 누떼 가젤 먼저 얼룩말 자카 톰슨가젤 그랜드 가젤 코끼리 사자 50 정보 화급 목소리 사자 발견 사자 발견 운전기사 무선 마이크 다급하다 목소리 기사 아마추어 무선 근거리 사자 무언가 노리 파이브 게임 드라이브 시작 현장 가까이 사진 찍기 바쁘다 그까짓 동물원 가면 떼거지 호들갑 자연 상태 야생 사자 차원 다르다 사파리 게임 드라이브 오후 한나절 코끼리 가족 얼룩말 심심찮 리기 사자 호차 기사 먼저 발견 사자 발견 흰색 사파리 전용 대가 사자 표범 발견 표범 마구 달리기 시작 멀리 표범 망원경 끝내 그날 어둠 저녁 6시 숙소 지로 내일 도시락 아침 마사이 마르다 세렝게티 종일 사파리 아침 동이 트기 새벽 문밖 동물 울음소리 동물 특이하다 울음소리 새벽 모닝콜 동물 출연 위험하다 야간 숙소 주의 사항 손전등 4시 오지 아침 운동 샤워 먼저 나오니 부지런하다 벌써 조깅 조용하다 열대 야산 아침 새소리 냄새 냄새 나무 냄새 자연 인생 무한 행복 교향곡 자체 나무 이름 나무 꼬르륵 꼭꼭 끄르륵 온갖 새소리 아침 중천 시작 새소리 숲속 평화스럽다 시원하다 가슴속 깊다 폐부 생명수 주일 간다 대목 먼지 옆구리 아프다 엄청나다 고통 일순간 고통 마련 인간 고통 전진 속성 최후 짜릿하다 순간 맛보기 세상 조화 아름답다 지속 내일 모레 평화스럽다 아침 계속 점심 도시락 마사이 마르다 세렝게티 종일 사파리 8시 20분 입장 20분 아침 사자 발견 가까이 가까이 사진 아랑곳 오도독 소리 내면 맛있다 하늘 멀리 멀리 드넓다 초원 세렝게티 달린다 동물 멀리 가까이 크리 트리 버드 비서새 까맣다 치마 희다 브라 우스 비서 상큼 소녀 머리핀 멋있다 푸른 초원 가슴 기도 뚤린 시원하다 5시간 탄자니아 국경 강물 하마 악어 숲속 군인 세렝게티 초원 나무 한그루 그늘 돗자리 점심 길다 계속 달리기 2시간 치타 표범 작다 새끼 늘씬하다 사진기 파이브 사파리 실망하다 동물 왕국 기대 어리석다 스스로 동물 왕국 카운터 구입 위안 오후 여유 원주민 마을 방문 옵션 10 더니 돈맛 20 원주민 20 선납 간단하다 소개 환영 공연 시작 청소년 또래 노래 환영 행사 마사이 마르다 원주민 마을 환영 행사 고유 전통춤 단순하다 반복 언어 소리 노래 내용 결혼 환영 의식 소리 단순하다 동작 소년 소녀 공연 내용 리지 참가 어서 냄새 역겹다 수가 숙소 희망 자만 불참 행사 지루하다 쇠똥 냄새 머리 아프다 지경 건강 상태 징후 생기 케입 타운 정전 인하다 에어컨 감기 증세 머리 아프다 어지럼증 계속 귀가 아프다 심하다 불면증 고통 병원 입원 주정 시차 적응 정상 상태 달이 정리 달이 지난 파고 종일 종일 일로 마사이 마르다 소파 나이로비 요하네스버그 나이로비 7시간 나가야 1시간 거리 개울 작다 다리 우회 간밤 물이 불어 도저히 수가 다리 질퍽 나뭇가지 성능 차로 진흙탕 시간대 파고 밀고 밧줄 차례 1시간 소모 흙탕 범벅 고생 거뜬하다 30분 허비하다 요하네스 탈시 촉박하다 식당 점심 도시락 공항 직행 7시간 5시간 종일 내일 빅토리아 폭포 아프리카 사파리 엄청나다 고통 고통 자체 긍정 해석 리기 심신 피곤하다 잠베지 강의 크루즈 요하네스버그 스마 국제공항 가방 무려 1시간 컨베어 벨트 비롯 명의 가방 끝내 확인 요청 항의 끝내 번의 해외여행 빅토리아 공항 먼저 깨끗하다 높다 케냐 피로 풀기 충분하다 분위기 아침 성하다 과일 딸기 파인애플 청포도 10 여종 싱싱하다 과일 청포도 오전 9시 빅토리아 폭포 빅토리아 공항 가방 공항 공항 시스템 성하다 사무 착오 결론 빅토리아 공항 버스 짐바브웨 잠베지 크루즈 소나기 부다 점심 먹기 유람선 낙비 환호성 강상 크루즈 잔잔하다 잠베지 하마 들쭉날쭉 구경 지식 점심 잠비아 폭포 일부 사진 찍기 부다 저녁 고기 요리 보마 식당 입구 보자기 어깨 가슴 독특하다 분위기 대만원 식당 손님 차고 악어 타조 임팔라 버팔로 고기 굼벵이 튀김 요리 굼벵이 튀김 요리사 직접 싸인 증명서 발급 자랑 원주민 전통 공연 식당 분위기 화려하다 장식 영원하다 추억 볼거리 식당 목각 공예품 비롯 기념품 전시 팔고 원주민 흑인 기념품 우리말 떨이 룸메이트 검정색 목각 코뿔소 마리 선물 하물 운송 눌려 숙소 가방 한숨 부드럽다 스폰지 옷가지 로라 가방 안전하다 후회 께나 세상 폭포 짐바브웨 폭포 철저하다 사진 1700년 바오밥나무 기념 사진 바오밥나무 세상 나무 야자수 불꽃 나무 무화과 늘씬하다 야자수 빨갛다 아름답다 무화과 열매 해주 계속 탄원 대단하다 화가 나무 뿌리 거꾸로 결과 우수 전설 당근 거꾸로 아프리카 특이하다 나무 보통 높이 18 지름 수령 2000년 나무 욕심 다양하다 목적 사용 단단하다 열매 용기 종자 주위 펄프 주석산 함유 달콤새콤 우려 청량음료 비타민 해열제 종자 빻아 기장 먹기 종자 오일 비누 원료 로프 말고삐 민속 악기 사용 빅토리아 폭포 잠비아 짐바브웨 사이 1855년 영국 탐험가 이자 선교사 리빙스턴 발견 원주민 천둥 번개 동반 영원하다 연기 경배 대상 리빙스턴 폭포 영국 여왕 이름 빅토리아 폭포 명명하다 데블 스폭 메인 폭포 호스 폭포 레인보우 폭포 이스턴 폭포 이름 잔잔하다 잠베지 강물 1688 넓이 빅폭 108 힘차다 1분 55만 물이 깊다 120 낮다 70 폭포 1억 5천 지리학자 물의 양으로 이과수 차이 주변 편의점 입맛 정비 종합 평가 이과수 폭포 이과수 빅토리아 나이아가라 이중 나이아가라 예쁘다 모양 폭포 표현 백두산 폭포 폭포 리빙스턴 동상 남쪽 짐바브웨 동상 잠비아 동상 조잡하다 아침 리빙스턴 동상 기점 빅토리아 폭포 도보 관람 안개 자욱하다 물보라 작품 찍기 아프리카 부국 남아공 요하네스버그 이집트 카이로 아프리카 최대 공항 도시 남아공 5일 요하네스 케이프타운 요하네스버그 미스티 힐스 컨트리 전혀 광활하다 지위 가깝다 형식 단층 건물 120 여개 객실 자연환경 숙소 정글 숲속 미로 거니 느낌 약도 식당 찾기 가기 달라 항의 남아프리카 공화국 위상 오기 상식 남아공 노벨평화상 수상자 넬슨 만델라 만델라 1918 18 노벨상 수상 이듬해 대통령 당선 1994 남아공 평등선거 실시 최초 대통령 백인 정부 치하 반역죄 종신형 선고 복역 26년 1990년 2월 11일 만델라 대통령 당선 용서 화해 강조 흑인 공산주의 탄압 화형 잔악하다 방법 살인 행위 한자 진심 고백 사면 과거 청산 철저하다 도덕 실시 1994년 교민 초비상 사태 흑백 갈등 일촉즉발 내전 돌입 만반 대치 상태 위기 해결 만델라 백인 대표 최후 협상 테이블 마주 만델라 조건 분야 인지 25 인정 백인 기득권 약속 철저하다 만델라 위기 극복 전쟁 흑백 공존 남아공 5년 집권 비서 출신 음베키 1942 18 대통령 현재 10년 집권 흑백 공존 만델라 정책 만하 분위기 흑백 갈등 잠재 심하다 표현 불만 현재 경제권 기술 백인 유물 흑인 유능하다 상당수 상류층 진입 80 흑인 인구 가난 빈곤 게으르다 맹자 범죄자 그늘 불평 불만 문제 변국 3500 여명 불법 입국 문제 남아공 국토 남한 면적 12 인구 4천 백만 파면 자원 부국 내륙 독립국 스와질랜드 강원도 면적 레소토 강원도 전남 면적 애국가 백인 통치 만델라 집권 주로 구성 아프리카 심장 역할 강력하다 라지 3700 하니 고루 수도 프레토리아 행정 케이프타운 입법 블룸폰테인 사법 대통령 평소 집무실 프레토리아 유니온 빌딩 국회 케이프타운 집무실 프레토리아 도중 아프리카 고민 거리 에이즈 남아공 인구 35 에이즈 환자 줄루족 후예 대부분 여자 보이프렌드 남자 걸프렌드 상식 유능하다 남자 10 가능하다 이혼 자식 여자 보호 남자 생활비 결혼 남자 여자 11 마리 예쁘다 여자 라면 15 마리 능력 남자 여러 명의 여자 느리다 18 나가야 선진 문명 사회인 에이즈 무섭다 흑인 별로 팔자 려니 명대 편하다 산다 남아공 통계 여타 흑인 국가 심각하다 짐작 대통령궁 유니온 빌딩 도중 전쟁 기념관 종교 독특하다 건물 황토색 벽돌 박물관 단단하다 백인 역사 네델란드 백인 최초 원주민 역사 시작 엄청나다 금맥 발견 영국인 전쟁 1899 1902 영국 식민지 독립국 영국 강력하다 식민지 배하 흔적 현재 남아 보어전쟁 남아공 네델란드 백인 보어전쟁 영국 렌스 공화국 오렌지 자유 4년 전쟁 지역 보석 발견 영국 자국 참정권 요구 거절 구실 싸움 시작 렌스 오렌지 유격전 영국 굴복 식민지 60 지속 남아공 라스베가스 시티 남아공 라스베가스 시티 간다 요하네스 미국 라스베가스 모방 시티 조그만 도시 16년 옛날 고도 문명 자랑 도시 지진 전설 토대 시티 그룹 재벌 흑인 부족 팔면 흑인 용인 50 일자리 원주민 여러 혜택 약속 야산 사서 도시 흑인 게으르다 무식하다 문제 야기 현재 의무 고용 조건 무효 채용 시험 합격 취업 시티 철저하다 도시 금요일 3일 동차 행열 요하네스 길다 주차장 방불 백인 의사 카지노 폐인 카지노 대형 극장 종합 오락 골프 코스 워터파크 아프리카 최고 매머드 리조트 동물상 호화롭다 장식품 구경 인공 파도 서핑 수영 수도 수영복 탈의실 불안하다 수영 포기 남아공 교민 3800 여명 성공하다 사업 사진관 가발 공업 도시 사진관 한국인 경영 사진관 사진관 잘못 실수 사진 누렇 대단하다 좋아하다 얼굴 실재 깨끗하다 흑인 엄청나다 시작 계속 작업 1억 송금 디카 보급 시작 매출 감소 8천 가능하다 가발 미국 성공하다 사업 한국인 기술 인기 곱다 흑인 가발 가발 재산 목록 포함 가치 흑인 가발 머리 감지 산다 가렵 냄새 심하다 래서 흑인 냄새 머리 종일 아프다 금광 박물관 골드 리프 시티 금광 박물관 간다 남아공 생산 60 차지 생산 요하네스버그 일찍이 유명하다 도시 금맥 발견 금맥 발견 450 광산 폐광 박물관 놀이동산 관광 금광 박물관 골드 리프 시티 헬멧 지급 지하 250 갱도 폐광 작업 가능하다 분위기 지하 갱도 수직 승강기 층층 개미 깊이 1천 금강석 협궤 열차 분쇄 순금 기술 인력 갱도 작업실 덩이 금궤 실연 덩이 12 2억 6천만원 사진 테이블 희망봉 아침 7시 10분 식당 좌석 보이지 식당 바퀴 식당 분명 7시 의아 먼저 대부분 식당 뷔페 메뉴 입맛 냄새 음료수 항상 심심하다 수박 사과 과일 경우 그날 순간 현기증 영양실조 구름 안개 불순 마나 경우 수도 날씨 테이블 마운틴 먼저 간다 8시 30분 테이블마운틴 시작 버스 입구 회전 케이블카 아름답다 항구 도시 케이프타운 전경 다양하다 시야 1685년 어머니 도시 유럽인 노후 생활 희망 80 흑인 남아공 백인 수가 더반 남아공 항구 도시 전력 치안 상태 양호 시드니 나폴리 아름답다 도시 남극 5천 평평하다 바위 테이블 마운틴 케이프타운 뒤쪽 산이 정상 케이블카 설치 1929년 최정 1086 대서양 인도양 동시 전망 유명하다 평평하다 바닥 바윗돌 로만 오톨도톨하다 작다 나무 자갈 흔하다 보통 야산 바닥 식물 종류 식물학자 전설 정해진 코스 바퀴 케이블카 점심 오후 희망봉 남쪽 케이프 반도 남단 희망봉 1488년 포르투갈 항해 루툴 디아스 발견 이름 폭풍 희망 포르투갈 주앙 희망봉 높다 희망 등대 1860년 남쪽 낮다 봉우리 희망봉 모노레일 퍼니큘 중간 등대 희망봉 배경 증명사진 희망봉 고래 상어 고래 보통 길이 13 새끼 교미 새끼 새우 먹이 남극 간다 새끼 1일 우유 밀물 썰물 마을 공동 구제 상어 상어 물개 좋아하다 수영 물개 물개 워터 프론트 물개 농장 후트 펭귄 물개 간다 대서양 연안 후트베이 해변 사장 바위 절벽 도로 줄줄이 이어진 별장 그림 지역 조용하다 편안하다 좋아하다 장소 집값 비싸다 케이프타운 아름답다 항구 후트베이 남아프리카 공화국 호화 보트 정착 유명하다 15분 바다로 5천 마리 물개 서식 물개 그날 해안 가까이 바위 물개 펭귄 물개 해구신 소주 노랗다 물이 우러나 비아그라 효과 샌드 비치 나체 한국인 부부 서양 부인 계속 기분 나쁘다 남자 얘기 나체 어색하다 가게 자꾸 시원하다 기분 수가 인간 도덕 수치심 철저하다 무장 본능 충실하다 오스 트리 타조 농장 타조 7500만 공룡 멸종 타조 가죽 악어 가죽 기고 영하 30 수놈 마리 암컷 마리 1일 교미 횟수 20 30회 점심 농장 저녁식사 한인 식당 된장찌개 백반 갈비 생선 맛있다 생일 간단하다 축하 파티 노래 박수 와인 간다 사라 암시 와인 가격 보지 와인 20 만점 모양 색깔 일정하다 색깔 10 와인 부어 그거 수준 구별 제법 벌써 사서 포장 카드 달라 분도 와인 우리말 포도주 프랑스 가면 프랑스 최고 이탈리아 가면 최고 칠레 프랑스 최고 더니 남아공 최고 오후 자유 케이프 시티 새롭다 명소 워터프론트 빅토리아 프레 워터 프론트 1652년 상선 물자 보급 기지 사용 오늘날 케이프 새롭다 명소 백화점 부두 화려하다 단순하다 부두 활기 넘치다 항구 볼거리 지역 도시 운치 상거래 성행 쇼핑 가가 즐비하다 남아공 워터 프론트 레스토랑 커피숍 뷰띠 멀티플렉스 영화관 공예품 시장 케이프타운 최고 여가 지역 노인 악사 악기 노래 연주 도움 요청 케이프타운 요하네스버그 2시간 귀국 요하네스버그 공항 가야 남아프리카 15일 사파리 빅토리아 폭포 남아공 발전 크게 요약 중남미 역사 일부 일찍이 선진 유럽 진출 강대국 텃밭 식민지 생활 고통 대부분 역사 발전 지리 천혜 요건 자연환경 비중 차지 금광 비롯 막대 지하자원 발견 요하네스버그 물류 대이동 항구 도시 몸바사 더반 케이프타운 발전 15 세기 유럽인 침략 시작 현재 계속 발전 재벌 고급 생활 휴양도시 케이프타운 발전 케이프타운 워터 프론트 주문 부부 동반 룸메이트 오기 조건 일쑤 경우 대부분 여러 경제 어렵다 문인 단체 가면 전혀 질문 관광 가면 질문 편하다 보지 초기 대답 적당하다 자주 질문 대답 귀찮다 편하다 간섭 신경 경제 이지 절약 자유 스럽다 정직하다 대답 변명 관광 회원 오거 일가 친척 부부 연인 끼리 경우 대부분 노닥거리 즐거움 측은하다 동정 심의 대상 명의 여자 사파리 명의 자연 합류 며칠 테블 대전 대구 울산 광주 여인 30 대전 영계 환갑 광주 언니 사파리 차안 계속 지루하다 포장 장기 주행 즐겁다 즐거움 피로 고맙다 자연 클럽 인생 직업 무언 궁금하다 사생활 보호 차원 직업 습관 싫다 래야 웃음 보따리 계속 만담 질문 퀴즈 야하다 온갖 소리 노래 박수 노래 시작 유행가 시작 찬송가 동요 클래식 즐겁다 최대한 즐겁다 다가 목표 부럽다 교수 부인 과부 노처녀 짐작 확인 수도 필요 문제 미안하다 초기 마디 대응 미숙 언변 해학 밑천 본성 습관 창가 자연 감상 상상 기록 시끄럽다 취미 방해 약점 입지 전혀 풍경 행복하다 여인 주지 미안하다 무언 공격 에너지 감지 시작 무의식 언어 요소 군데군데 노골 거나 직언 대응 수도 참고 야하다 피해 배려 사도 진정하다 문화인 지식인 마구 언어 불량 식품 해독 작용 당동벌이 내용 피해 가든 아랑곳 끼리 좋아하다 옳다 그름 무조건 동의 무리 장소 하든 만장일치 동조 소리 박수 즐거움 동참 주변 야유 돌팔매 해대 말꼬리 잡고 잘나다 저속하다 부들 해외여행 심심 목격 장면 잘나다 해외여행 조국 눈부시다 발전 이웃 눈물 노력 무진장 외화 해외여행 수도 수준 의심스럽다 2008 연락처 010 8227 5686 이메일 227 최종 4회 수정 양해
아프리카,아프리카 사보나 아프리카 아프리카 거리 경비 부담 말라리아 예방 주사 최소 10일 국립의료원 주사 복용 약도 보험 처리 9만 부담 예정 앞서 인천공항 이륙 3시간 홍콩 안개 스모그 자욱하다 공항 주변 착륙 순간 무척 불안하다 아프리카 가기 일반 관광 홍콩 요하네스버그 항공 노선 요하네스버그 남아프리카 공항 연결 항공기 탑승 무려 대기 홍콩 공항 샅샅이 공항 홍콩 이기 관심 인천 공항 개항 레시아 홍콩 공항 공항 3년 지난 국제 공항 연합 규모 능률 서비스 종합 평가 발표 공항 일가 인천공항 홍콩 공항 훌륭하다 요하네스버그 13시간 비행 이튿날 아침 7시 촉촉 공항 안착 성공 요하네스버그 국제공항 활주로 질주 속도 항공기 창가 굵다 빗줄기 여느 선진국 도시 녹색 도시 공항 주변 아프리카 생소하다 느낌 전혀 적도 기준 반대 남반구 케냐 수도 나이로비 가기 대기 서너 여유 날씨 제법 여름 계절 정반대 날씨 공항 탈의실 겨울 내의 비닐봉지 아프리카 면적 3천 십만 6천 한반도 138 아시아 대륙 국가수 54 아시아 46 유럽 45 지역 검다 대륙 미개하다 빈곤 기아 독재 몸살 아프리카 인식 극히 일부 현장 직접 관심 깊다 개괄 느낌 정리 먼저 아프리카 지역 구분 지중해 문화 이집트 리비아 튀니지 알제리 모로코 세네갈 가봉 서아프리카 대서양 국가 남아공 짐바브웨 케냐 인도 양쪽 남아프리카 니제르 중앙아프리카 수단 내륙 사막 지역 대륙 중심 적도 관통 관계 사막 열대지방 래서 열대지방 기후 적응하다 피부 흑인 터전 이집트 비롯 지중해 국가 유럽 역사 문화 순수 아프리카 거리 남아공 케냐 탄자니아 잠비아 짐바브웨 보츠와나 동남 아프리카 지역 일반 가능하다 지역 천혜 관광 자원 자연 조건 유럽인 조기 진출 발전 지역 케냐 보셀 탄자니아 킬리만자로 마사이 마르다 세렝게티 사파리 나쿠루 홍학 잠비아 짐바브웨 사이 빅토리아 폭포 남아공 테이블마운틴 보츠와나 초베 국립공원 대단하다 관광 자원 아프리카 기아 질병 독재정치 의식주 해결 고통 헤어 대부분 척박하다 흑인 문명인 자처 일방 일지 바깥 세상 아랑곳 방식 평화롭다 일상 나날이 마라톤 유명하다 케냐 면적 3천 백만 인구 영국 식민지 1963년 12월 20일 독립 초대 대통령 케냐탸 나이로비 북부 지방 농부 아들 인간 불공평 투쟁 자로 7년 1959년 출감 4년 71 나이 초대 대통령 임종 16년 통치 통치 케냐 아프리카 안정 성공하다 국가 나이로비 백만 인구 케냐 수도 70 여개 부족 구성 북아프리카 카이로 남아프리카 요하네스버그 중간 도시 백인 흑인 천국 나이로비 요하네스버그 치안 불안하다 시티투어 필히 야간 외출 당부 복잡 무질서 먼지 투성이 나이로비 시내 보셀 외곽 길가 싱싱하다 빨갛다 꽃들이 울타리 길다 인상 검다 인파 대비 색상 조화로 꽃송이 아름답다 사파리 전용 차량 평지 달린다 오장육부 포장 350 6시간 달린다 중도 목각 인형 가게 차갑다 타이어 펑크 배정 점심 보셀 국립공원 사파리 포장 먼지 투성이 먼저 손님 타조 타조 코끼리 얼룩말 소리 사진 찍기 바쁘다 멀리 가젤 귀엽다 너른 초원 전개 기린 무리 시야 코끼리 무리 몽구스 코뿔소 표범 사자 킬리만자로 만년설 구름 얼굴 반복 보셀 국립공원 동물보호 구역 적합하다 무차별 포획 사냥꾼 시대 동물 보호 각국 국립공원 명칭 포획 대신 관광 변신 돈벌이 시대 코끼리 무리 가족 두목 웅덩이 마시기 사자 표범 공격 당하다 새끼 가운데 어미 울타리 새끼 보호 본능 대단하다 열대지방 전통 방갈로 입장 여관 주변 작다 원숭이 글거 린다 식물 이름 열대지방 현장 물씬 풍경 킬리만자로 아프리카 지붕 불리 위도 적도 가깝다 지대 인지 별로 덥다 최고봉 5895 만년설 아침햇살 나란하다 붉다 망토 마사이족 기념 사진 상쾌하다 아침 맑은 햇살 만년설 머리 고고 자태 아프리카 지붕 킬리만자로 본래 케냐 소유 독립 과정 국경 정비 탄자니아 소유 탄자니아 독일 식민지 당시 독일 빌헬름 영국 여왕 조카 관계 영국 여왕 생일 선물 빌헬름 나이로비 포장 길다 몸바사 경부 고속도로 남북 관통 길이 길이 좁다 군데군데 누더기 먼지 기본 전신 현장 몸바사 케냐 항구 도시 유럽 관문 대형 트럭 나이로비 왕복 엄청나다 물류 통로 도로 몸살 바퀴 26 28 트럭 도로포장 기술 형편 무겁다 상식 도로 나쿠루 호수 공원 가게 나이로비 북쪽 빅토리아 호수 포장 길이 먼지 질주 구간 호수 경치 아름답다 호수 주변 숲속 페리 물소 가젤 얼룩말 호숫가 물결 바닥 소금 바닥 밟혔다 물가 길다 수평선 구름 수평선 홍학 홍학 나쿠루 국립 호수 공원 200만 마리 최대 홍학 케냐 자랑거리 내일 마사이 마르다 간다 아침 7시 맑은 햇살 열한 태양 나쿠루 시가지 먼지 자욱하다 교외 먼지 안개구름 구먼 10 포장 산이 야산 끝없다 들판 작다 나무 구덩이 웅덩이 멀리 모래 벌판 고여 물웅덩이 야생동물 호수 제법 큰물 마사이 마르다 차창 7월 계절 케냐 날씨 1800 고지 인지 적도 근처 덥다 여름 에어컨 기온 다행 초원 검다 주민 마을 양편 난민 정착 판잣집 양철 집들이 마을 근처 나무 민둥벌판 볼썽 사납다 풍경 근처 염소 염소 중간 염소 가깝다 동물 염소 식성 왕성 나무 뿌리 지독하다 동물 마사이 마르다 국립공원 중이 마사 이마 나이로비 서쪽 탄자니아 세렝게티 사파리 전용 차량 사이 우측 케냐 좌측 탄자니아 하니 길이 국경인 동물 국경 무의미 제주도 면적 세렝게티 국립공원 동쪽 지역 마사이 마르다 국립공원 인간 명칭 동물 국경 똑같다 풀밭 사파리 게임 드라이브 파이브 사자 표범 코끼리 코뿔소 버팔로 만날 가슴 설레다 파이브 가죽 상아 값지다 동물 사자 표범 가죽 카펫 부의 상징 당구공 도장 재료 상아 비싸다 버펄로 코뿔소 장식 자루 7시간 1시간 거리 개울 다리 우회 40 여분 낭비하다 이틀 길다 지루하다 야산 비탈길 먼지 오후 3시 점심 1시간 휴식 취한 거리 공원 사자 표범 킬리만자로 보셀 다르다 초원 넓다 푸르다 촉촉하다 느낌 짙다 자연 녹색 신선하다 공기 다르다 누떼 가젤 먼저 얼룩말 자카 톰슨 가젤 그랜드 가젤 코끼리 사자 50 정보 화급 목소리 사자 발견 사자 발견 근거리 사자 무언가 노리 파이브 게임 드라이브 시작 현장 가까이 사진 찍기 바쁘다 그까짓 동물원 가면 떼거지 호들갑 자연 상태 야생 사자 차원 다르다 사파리 게임 드라이브 오후 한나절 코끼리 가족 얼룩말 심심찮 리기 사자 호차 기사 먼저 발견 사자 발견 흰색 사파리 전용 대가 사자 표범 발견 표범 마구 달리기 시작 멀리 표범 망원경 끝내 그날 어둠 저녁 6시 숙소 지로 내일 도시락 아침 마사이 마르다 세렝게티 종일 사파리 아침 동이 트기 새벽 문밖 동물 울음소리 동물 특이하다 울음소리 새벽 모닝콜 동물 출연 위험하다 야간 숙소 주의 사항 손전등 4시 오지 아침 운동 샤워 먼저 나오니 부지런하다 벌써 조깅 조용하다 열대 야산 아침 새소리 냄새 냄새 나무 냄새 자연 인생 무한 행복 교향곡 자체 나무 이름 나무 꼬르륵 꼭꼭 끄르륵 온갖 새소리 아침 중천 시작 새소리 숲속 평화스럽다 시원하다 가슴속 깊다 폐부 생명수 주일 간다 대목 먼지 옆구리 아프다 엄청나다 고통 일순간 고통 마련 인간 고통 전진 속성 최후 짜릿하다 순간 맛보기 세상 조화 아름답다 지속 내일 모레 평화스럽다 아침 계속 점심 도시락 마사이 마르다 세렝게티 종일 사파리 8시 20분 입장 20분 아침 사자 발견 가까이 가까이 사진 아랑곳 오도독 소리 내면 맛있다 하늘 멀리 멀리 드넓다 초원 세렝게티 달린다 동물 멀리 가까이 크리 트리 버드 비서새 까맣다 치마 희다 브라 우스 비서 상큼 소녀 머리핀 멋있다 푸른 초원 가슴 기도 뚤린 시원하다 5시간 탄자니아 국경 강물 하마 악어 숲속 군인 세렝게티 초원 나무 한그루 그늘 돗자리 점심 길다 계속 달리기 2시간 치타 표범 작다 새끼 늘씬하다 사진기 파이브 사파리 실망하다 동물 왕국 기대 어리석다 스스로 동물 왕국 카운터 구입 위안 오후 여유 원주민 마을 방문 옵션 10 더니 돈맛 20 원주민 20 선납 간단하다 소개 환영 공연 시작 청소년 또래 노래 환영 행사 마사이 마르다 원주민 마을 환영 행사 고유 전통춤 단순하다 반복 언어 소리 노래 내용 결혼 환영 의식 소리 단순하다 동작 소년 소녀 공연 리지 참가 어서 냄새 역겹다 수가 숙소 희망 자만 불참 행사 지루하다 쇠똥 냄새 머리 아프다 지경 건강 상태 징후 생기 케입 타운 정전 인하다 에어컨 감기 증세 머리 아프다 어지럼증 계속 귀가 아프다 고통 병원 입원 주정 시차 적응 정상 상태 달이 종일 일로 마사이 마르다 소파 나이로비 요하네스버그 나이로비 7시간 나가야 1시간 거리 개울 작다 다리 우회 간밤 물이 불어 도저히 수가 다리 질퍽 나뭇가지 성능 차로 진흙탕 파고 밀고 밧줄 차례 1시간 소모 흙탕 범벅 고생 거뜬하다 30분 허비하다 요하네스 탈시 2시간 식당 점심 도시락 공항 직행 7시간 5시간 종일 내일 빅토리아 폭포 아프리카 사파리 엄청나다 고통 고통 자체 긍정 해석 리기 심신 피곤하다 요하네스버그 스마 국제공항 가방 무려 1시간 컨베어 벨트 비롯 명의 가방 끝내 확인 요청 항의 끝내 번의 해외여행 빅토리아 공항 먼저 깨끗하다 높다 케냐 피로 풀기 충분하다 분위기 아침 성하다 과일 딸기 파인애플 청포도 10 여종 싱싱하다 과일 청포도 오전 9시 빅토리아 폭포 빅토리아 공항 가방 공항 공항 시스템 성하다 사무 착오 결론 빅토리아 공항 버스 짐바브웨 잠베지 크루즈 소나기 부다 점심 먹기 유람선 낙비 환호성 강상 크루즈 잔잔하다 잠베지 하마 들쭉날쭉 구경 지식 점심 잠비아 폭포 일부 사진 찍기 부다 저녁 고기 요리 보마 식당 입구 보자기 어깨 가슴 독특하다 분위기 대만원 식당 손님 차고 악어 타조 임팔라 버팔로 고기 굼벵이 튀김 요리 굼벵이 튀김 요리사 직접 싸인 증명서 발급 자랑 원주민 전통 공연 식당 분위기 화려하다 장식 영원하다 추억 짐바브웨 폭포 철저하다 사진 1700년 바오밥나무 기념 사진 바오밥나무 빅토리아 폭포 잠비아 짐바브웨 사이 1855년 영국 탐험가 이자 선교사 리빙스턴 발견 원주민 천둥 번개 동반 영원하다 연기 경배 대상 리빙스턴 폭포 영국 여왕 이름 빅토리아 폭포 명명하다 데블 스폭 메인 폭포 호스 폭포 레인보우 폭포 이스턴 폭포 이름 잔잔하다 잠베지 강물 1688 넓이 빅폭 108 힘차다 1분 55만 물이 깊다 120 낮다 70 폭포 1억 5천 지리학자 물의 양으로 이과수 차이 주변 편의점 입맛 정비 종합 평가 이과수 폭포 이과수 빅토리아 나이아가라 이중 나이아가라 예쁘다 모양 폭포 표현 백두산 폭포 폭포 리빙스턴 동상 남쪽 짐바브웨 동상 잠비아 동상 조잡하다 아침 리빙스턴 동상 기점 빅토리아 폭포 도보 관람 안개 자욱하다 물보라 작품 찍기 10 30 공항 아프리카 부국 남아공 요하네스버그 이집트 카이로 아프리카 최대 공항 도시 남아공 5일 요하네스 케이프타운 요하네스버그 미스티 힐스 컨트리 전혀 광활하다 지위 가깝다 형식 단층 건물 120 여개 객실 자연환경 숙소 정글 숲속 미로 거니 느낌 약도 식당 찾기 가기 달라 항의 오기 상식 남아공 노벨평화상 수상자 넬슨 만델라 만델라 1918 18 노벨상 수상 이듬해 대통령 당선 1994 남아공 평등선거 실시 최초 대통령 백인 정부 치하 반역죄 종신형 선고 복역 26년 1990년 2월 11일 만델라 대통령 당선 용서 화해 강조 흑인 공산주의 탄압 화형 잔악하다 방법 살인 행위 한자 진심 고백 사면 과거 청산 철저하다 도덕 실시 1994년 교민 초비상 사태 흑백 갈등 일촉즉발 내전 돌입 만반 대치 상태 위기 해결 만델라 백인 대표 최후 협상 테이블 마주 만델라 조건 분야 인지 25 인정 백인 기득권 약속 철저하다 만델라 위기 극복 전쟁 흑백 공존 남아공 5년 집권 비서 출신 음베키 1942 18 대통령 현재 10년 집권 남아공 국토 남한 면적 12 인구 4천 백만 파면 자원 부국 내륙 독립국 스와질랜드 강원도 면적 레소토 강원도 전남 면적 애국가 백인 통치 만델라 집권 주로 구성 아프리카 심장 역할 강력하다 라지 3700 하니 고루 수도 프레토리아 행정 케이프타운 입법 블룸폰테인 사법 대통령 평소 집무실 프레토리아 유니온 빌딩 국회 케이프타운 집무실 프레토리아 도중 아프리카 고민 거리 에이즈 남아공 인구 35 에이즈 환자 줄루족 후예 대부분 여자 보이프렌드 남자 걸프렌드 상식 유능하다 남자 10 가능하다 이혼 자식 여자 보호 남자 생활비 결혼 남자 여자 11 마리 예쁘다 여자 라면 15 마리 능력 남자 여러 명의 여자 느리다 18 나가야 선진 문명 사회인 에이즈 무섭다 흑인 별로 팔자 려니 명대 편하다 산다 남아공 통계 여타 흑인 국가 심각하다 짐작 대통령궁 유니온 빌딩 도중 전쟁 기념관 종교 독특하다 건물 황토색 벽돌 박물관 단단하다 백인 역사 네델란드 백인 최초 원주민 역사 시작 엄청나다 금맥 발견 영국인 전쟁 1899 1902 영국 식민지 독립국 영국 강력하다 식민지 배하 흔적 현재 남아 보어전쟁 남아공 네델란드 백인 보어전쟁 영국 렌스 공화국 오렌지 자유 4년 전쟁 지역 보석 발견 영국 자국 참정권 요구 거절 구실 싸움 시작 렌스 오렌지 유격전 영국 굴복 식민지 60 지속 시티 남아공 라스베가스 시티 간다 요하네스 미국 라스베가스 모방 시티 조그만 도시 16년 옛날 고도 문명 자랑 도시 지진 전설 토대 시티 그룹 재벌 흑인 부족 팔면 흑인 용인 50 일자리 원주민 여러 혜택 약속 야산 사서 도시 흑인 게으르다 무식하다 문제 야기 현재 의무 고용 조건 무효 채용 시험 합격 취업 시티 철저하다 도시 금요일 3일 동차 행열 요하네스 길다 주차장 방불 백인 의사 카지노 폐인 카지노 대형 극장 종합 오락 골프 코스 워터파크 아프리카 최고 매머드 리조트 동물상 호화롭다 장식품 구경 인공 파도 서핑 수영 수도 수영복 탈의실 불안하다 수영 포기 남아공 교민 3800 여명 성공하다 사업 사진관 가발 공업 도시 사진관 한국인 경영 사진관 사진관 잘못 실수 사진 누렇 대단하다 좋아하다 얼굴 실재 깨끗하다 흑인 엄청나다 시작 계속 작업 1억 송금 디카 보급 시작 매출 감소 8천 가능하다 가발 미국 성공하다 사업 한국인 기술 인기 곱다 흑인 가발 가발 재산 목록 포함 가치 흑인 가발 머리 감지 산다 가렵 냄새 심하다 래서 흑인 냄새 머리 종일 아프다 골드 리프 시티 금광 박물관 간다 남아공 생산 60 차지 생산 요하네스버그 일찍이 유명하다 도시 금맥 발견 금맥 발견 450 광산 폐광 박물관 놀이동산 관광 금광 박물관 골드 리프 시티 헬멧 지급 지하 250 갱도 폐광 작업 가능하다 분위기 지하 갱도 수직 승강기 층층 개미 깊이 1천 금강석 협궤 열차 분쇄 순금 기술 인력 갱도 작업실 덩이 금궤 실연 덩이 12 2억 6천만원 사진 16 00 케입타운 아침 7시 10분 식당 좌석 보이지 식당 바퀴 식당 분명 7시 의아 먼저 대부분 식당 뷔페 메뉴 입맛 냄새 음료수 항상 심심하다 수박 사과 과일 경우 그날 순간 현기증 영양실조 구름 안개 불순 마나 경우 수도 날씨 테이블 마운틴 먼저 간다 8시 30분 테이블마운틴 시작 버스 입구 회전 케이블카 아름답다 항구 도시 케이프타운 전경 다양하다 시야 1685년 어머니 도시 유럽인 노후 생활 희망 80 흑인 남아공 백인 수가 더반 남아공 항구 도시 전력 치안 상태 양호 시드니 나폴리 아름답다 도시 남극 5천 네모 바위 테이블 마운틴 케이프타운 뒤쪽 산이 정상 케이블카 설치 1929년 최정 1086 대서양 인도양 동시 전망 유명하다 평평하다 바닥 바윗돌 로만 오톨도톨하다 작다 나무 자갈 보통 야산 바닥 식물 종류 식물학자 전설 정해진 코스 바퀴 케이블카 점심 오후 희망봉 남쪽 케이프 반도 남단 희망봉 1488년 포르투갈 항해 루툴 디아스 발견 이름 폭풍 희망 포르투갈 주앙 희망봉 높다 희망 등대 1860년 남쪽 낮다 봉우리 희망봉 모노레일 퍼니큘 중간 등대 희망봉 배경 증명사진 희망봉 고래 상어 고래 보통 길이 13 새끼 교미 새끼 새우 먹이 남극 간다 새끼 1일 우유 밀물 썰물 마을 공동 구제 상어 상어 물개 좋아하다 수영 물개 물개 농장 물개 간다 페루 스타 해안가 가깝다 낮다 바위 물개 해변 가의 모래사장 일광욕 페루 물개 비교 작다 규모 물개 해구신 소주 노랗다 물이 우러나 비아그라 효과 샌드 비치 나체 한국인 부부 서양 부인 계속 기분 나쁘다 남자 얘기 나체 어색하다 가게 자꾸 시원하다 기분 수가 인간 도덕 수치심 철저하다 무장 본능 충실하다 오스 트리 타조 농장 타조 7500만 공룡 멸종 타조 가죽 악어 가죽 기고 영하 30 수놈 마리 암컷 마리 1일 교미 횟수 20 30회 점심 농장 저녁식사 한인 식당 된장찌개 백반 갈비 생선 맛있다 생일 간단하다 축하 파티 노래 박수 와인 간다 사라 암시 와인 가격 보지 와인 20 만점 모양 색깔 일정하다 색깔 10 와인 부어 그거 수준 구별 제법 벌써 사서 포장 카드 달라 분도 와인 우리말 포도주 프랑스 가면 프랑스 최고 이탈리아 가면 최고 칠레 프랑스 최고 더니 남아공 최고 케이프타운 요하네스버그 2시간 귀국 요하네스버그 공항 가야 30 케이프타운 요하네스 공항 요하네스 홍콩 타이페이 공항 인천공항 귀국
아프리카,아프리카 사보나 아프리카 아프리카 거리 경비 부담 말라리아 예방 주사 최소 10일 국립의료원 주사 복용 약도 보험 처리 9만 부담 예정 앞서 인천공항 이륙 3시간 홍콩 안개 스모그 자욱하다 공항 주변 착륙 순간 무척 불안하다 아프리카 가기 일반 관광 홍콩 요하네스버그 항공 노선 요하네스버그 남아프리카 공항 연결 항공기 탑승 무려 대기 홍콩 공항 샅샅이 공항 홍콩 이기 관심 인천 공항 개항 레시아 홍콩 공항 공항 3년 지난 국제 공항 연합 규모 능률 서비스 종합 평가 발표 공항 일가 인천공항 홍콩 공항 훌륭하다 요하네스버그 13시간 비행 이튿날 아침 7시 촉촉 공항 안착 성공 요하네스버그 국제공항 활주로 질주 속도 항공기 창가 굵다 빗줄기 여느 선진국 도시 녹색 도시 공항 주변 아프리카 생소하다 느낌 전혀 적도 기준 반대 남반구 케냐 수도 나이로비 가기 대기 서너 여유 날씨 제법 여름 계절 정반대 날씨 공항 탈의실 겨울 내의 비닐봉지 아프리카 면적 3천 십만 6천 한반도 138 아시아 대륙 국가수 54 아시아 46 유럽 45 지역 검다 대륙 미개하다 빈곤 기아 독재 몸살 아프리카 인식 극히 일부 현장 직접 관심 깊다 개괄 느낌 정리 먼저 아프리카 지역 구분 지중해 문화 이집트 리비아 튀니지 알제리 모로코 세네갈 가봉 서아프리카 대서양 국가 남아공 짐바브웨 케냐 인도 양쪽 남아프리카 니제르 중앙아프리카 수단 내륙 사막 지역 대륙 중심 적도 관통 관계 사막 열대지방 래서 열대지방 기후 적응하다 피부 흑인 터전 이집트 비롯 지중해 국가 유럽 역사 문화 순수 아프리카 거리 남아공 케냐 탄자니아 잠비아 짐바브웨 보츠와나 동남 아프리카 지역 일반 가능하다 지역 천혜 관광 자원 자연 조건 유럽인 조기 진출 발전 지역 케냐 보셀 탄자니아 킬리만자로 마사이 마르다 세렝게티 사파리 나쿠루 홍학 잠비아 짐바브웨 사이 빅토리아 폭포 남아공 테이블마운틴 보츠와나 초베 국립공원 대단하다 관광 자원 아프리카 기아 질병 독재정치 의식주 해결 고통 헤어 대부분 척박하다 흑인 문명인 자처 일방 일지 바깥 세상 아랑곳 방식 평화롭다 일상 나날이 마라톤 유명하다 케냐 면적 3천 백만 인구 영국 식민지 1963년 12월 20일 독립 초대 대통령 케냐탸 나이로비 북부 지방 농부 아들 인간 불공평 투쟁 자로 7년 1959년 출감 4년 71 나이 초대 대통령 임종 16년 통치 통치 케냐 아프리카 안정 성공하다 국가 나이로비 백만 인구 케냐 수도 70 여개 부족 구성 북아프리카 카이로 남아프리카 요하네스버그 중간 도시 백인 흑인 천국 나이로비 요하네스버그 치안 불안하다 시티투어 필히 야간 외출 당부 복잡 무질서 먼지 투성이 나이로비 시내 보셀 외곽 길가 싱싱하다 빨갛다 꽃들이 울타리 길다 인상 검다 인파 대비 색상 조화로 꽃송이 아름답다 사파리 전용 차량 평지 달린다 오장육부 포장 350 6시간 달린다 중도 목각 인형 가게 차갑다 타이어 펑크 배정 점심 보셀 국립공원 사파리 포장 먼지 투성이 먼저 손님 타조 타조 코끼리 얼룩말 소리 사진 찍기 바쁘다 멀리 가젤 귀엽다 너른 초원 전개 기린 무리 시야 코끼리 무리 몽구스 코뿔소 표범 사자 킬리만자로 만년설 구름 얼굴 반복 보셀 국립공원 동물보호 구역 적합하다 무차별 포획 사냥꾼 시대 동물 보호 각국 국립공원 명칭 포획 대신 관광 변신 돈벌이 시대 코끼리 무리 가족 두목 웅덩이 마시기 사자 표범 공격 당하다 새끼 가운데 어미 울타리 새끼 보호 본능 대단하다 열대지방 전통 방갈로 입장 여관 주변 작다 원숭이 글거 린다 식물 이름 열대지방 현장 물씬 풍경 킬리만자로 아프리카 지붕 불리 위도 적도 가깝다 지대 인지 별로 덥다 최고봉 5895 만년설 아침햇살 나란하다 붉다 망토 마사이족 기념 사진 상쾌하다 아침 맑은 햇살 만년설 머리 고고 자태 아프리카 지붕 킬리만자로 본래 케냐 소유 독립 과정 국경 정비 탄자니아 소유 탄자니아 독일 식민지 당시 독일 빌헬름 영국 여왕 조카 관계 영국 여왕 생일 선물 빌헬름 나이로비 포장 길다 몸바사 경부 고속도로 남북 관통 길이 길이 좁다 군데군데 누더기 먼지 기본 전신 현장 몸바사 케냐 항구 도시 유럽 관문 대형 트럭 나이로비 왕복 엄청나다 물류 통로 도로 몸살 바퀴 26 28 트럭 도로포장 기술 형편 무겁다 상식 도로 나쿠루 호수 공원 가게 나이로비 북쪽 빅토리아 호수 포장 길이 먼지 질주 구간 호수 경치 아름답다 호수 주변 숲속 페리 물소 가젤 얼룩말 호숫가 물결 바닥 소금 바닥 밟혔다 물가 길다 수평선 구름 수평선 홍학 홍학 나쿠루 국립 호수 공원 200만 마리 최대 홍학 케냐 자랑거리 내일 마사이 마르다 간다 아침 7시 맑은 햇살 열한 태양 나쿠루 시가지 먼지 자욱하다 교외 먼지 안개구름 구먼 10 포장 산이 야산 끝없다 들판 작다 나무 구덩이 웅덩이 멀리 모래 벌판 고여 물웅덩이 야생동물 호수 제법 큰물 마사이 마르다 차창 7월 계절 케냐 날씨 1800 고지 인지 적도 근처 덥다 여름 에어컨 기온 다행 초원 검다 주민 마을 양편 난민 정착 판잣집 양철 집들이 마을 근처 나무 민둥벌판 볼썽 사납다 풍경 근처 염소 염소 중간 염소 가깝다 동물 염소 식성 왕성 나무 뿌리 지독하다 동물 마사이 마르다 국립공원 중이 마사 이마 나이로비 서쪽 탄자니아 세렝게티 사파리 전용 차량 사이 우측 케냐 좌측 탄자니아 하니 길이 국경인 동물 국경 무의미 제주도 면적 세렝게티 국립공원 동쪽 지역 마사이 마르다 국립공원 인간 명칭 동물 국경 똑같다 풀밭 사파리 게임 드라이브 파이브 사자 표범 코끼리 코뿔소 버팔로 만날 가슴 설레다 파이브 가죽 상아 값지다 동물 사자 표범 가죽 카펫 부의 상징 당구공 도장 재료 상아 비싸다 버펄로 코뿔소 장식 자루 7시간 1시간 거리 개울 다리 우회 40 여분 낭비하다 이틀 길다 지루하다 야산 비탈길 먼지 오후 3시 점심 1시간 휴식 취한 거리 공원 사자 표범 킬리만자로 보셀 다르다 초원 넓다 푸르다 촉촉하다 느낌 짙다 자연 녹색 신선하다 공기 다르다 누떼 가젤 먼저 얼룩말 자카 톰슨 가젤 그랜드 가젤 코끼리 사자 50 정보 화급 목소리 사자 발견 사자 발견 근거리 사자 무언가 노리 파이브 게임 드라이브 시작 현장 가까이 사진 찍기 바쁘다 그까짓 동물원 가면 떼거지 호들갑 자연 상태 야생 사자 차원 다르다 사파리 게임 드라이브 오후 한나절 코끼리 가족 얼룩말 심심찮 리기 사자 호차 기사 먼저 발견 사자 발견 흰색 사파리 전용 대가 사자 표범 발견 표범 마구 달리기 시작 멀리 표범 망원경 끝내 그날 어둠 저녁 6시 숙소 지로 내일 도시락 아침 마사이 마르다 세렝게티 종일 사파리 아침 동이 트기 새벽 문밖 동물 울음소리 동물 특이하다 울음소리 새벽 모닝콜 동물 출연 위험하다 야간 숙소 주의 사항 손전등 4시 오지 아침 운동 샤워 먼저 나오니 부지런하다 벌써 조깅 조용하다 열대 야산 아침 새소리 냄새 냄새 나무 냄새 자연 인생 무한 행복 교향곡 자체 나무 이름 나무 꼬르륵 꼭꼭 끄르륵 온갖 새소리 아침 중천 시작 새소리 숲속 평화스럽다 시원하다 가슴속 깊다 폐부 생명수 주일 간다 대목 먼지 옆구리 아프다 엄청나다 고통 일순간 고통 마련 인간 고통 전진 속성 최후 짜릿하다 순간 맛보기 세상 조화 아름답다 지속 내일 모레 평화스럽다 아침 계속 점심 도시락 마사이 마르다 세렝게티 종일 사파리 8시 20분 입장 20분 아침 사자 발견 가까이 가까이 사진 아랑곳 오도독 소리 내면 맛있다 하늘 멀리 멀리 드넓다 초원 세렝게티 달린다 동물 멀리 가까이 크리 트리 버드 비서새 까맣다 치마 희다 브라 우스 비서 상큼 소녀 머리핀 멋있다 푸른 초원 가슴 기도 뚤린 시원하다 5시간 탄자니아 국경 강물 하마 악어 숲속 군인 세렝게티 초원 나무 한그루 그늘 돗자리 점심 길다 계속 달리기 2시간 치타 표범 작다 새끼 늘씬하다 사진기 파이브 사파리 실망하다 동물 왕국 기대 어리석다 스스로 동물 왕국 카운터 구입 위안 오후 여유 원주민 마을 방문 옵션 10 더니 돈맛 20 원주민 20 선납 간단하다 소개 환영 공연 시작 청소년 또래 노래 환영 행사 마사이 마르다 원주민 마을 환영 행사 고유 전통춤 단순하다 반복 언어 소리 노래 내용 결혼 환영 의식 소리 단순하다 동작 소년 소녀 공연 리지 참가 어서 냄새 역겹다 수가 숙소 희망 자만 불참 행사 지루하다 쇠똥 냄새 머리 아프다 지경 건강 상태 징후 생기 케입 타운 정전 인하다 에어컨 감기 증세 머리 아프다 어지럼증 계속 귀가 아프다 고통 병원 입원 주정 시차 적응 정상 상태 달이 종일 일로 마사이 마르다 소파 나이로비 요하네스버그 나이로비 7시간 나가야 1시간 거리 개울 작다 다리 우회 간밤 물이 불어 도저히 수가 다리 질퍽 나뭇가지 성능 차로 진흙탕 파고 밀고 밧줄 차례 1시간 소모 흙탕 범벅 고생 거뜬하다 30분 허비하다 요하네스 탈시 2시간 식당 점심 도시락 공항 직행 7시간 5시간 종일 내일 빅토리아 폭포 아프리카 사파리 엄청나다 고통 고통 자체 긍정 해석 리기 심신 피곤하다 요하네스버그 공항 가방 무려 1시간 컨베어 벨트 비롯 명의 가방 끝내 확인 요청 항의 끝내 번의 해외여행 빅토리아 공항 먼저 깨끗하다 높다 케냐 피로 풀기 충분하다 분위기 아침 성하다 과일 딸기 파인애플 청포도 10 여종 싱싱하다 과일 청포도 오전 9시 빅토리아 폭포 빅토리아 공항 가방 공항 공항 시스템 성하다 사무 착오 결론 빅토리아 공항 버스 짐바브웨 잠베지 크루즈 소나기 부다 점심 먹기 유람선 낙비 환호성 강상 크루즈 잔잔하다 잠베지 하마 들쭉날쭉 구경 지식 점심 잠비아 폭포 일부 사진 찍기 부다 저녁 고기 요리 보마 식당 입구 보자기 어깨 가슴 독특하다 분위기 대만원 식당 손님 차고 악어 타조 임팔라 버팔로 고기 굼벵이 튀김 요리 굼벵이 튀김 요리사 직접 싸인 증명서 발급 자랑 원주민 전통 공연 식당 분위기 화려하다 장식 영원하다 추억 짐바브웨 폭포 철저하다 사진 1700년 바오밥나무 기념 사진 바오밥나무 빅토리아 폭포 잠비아 짐바브웨 사이 1855년 영국 탐험가 이자 선교사 리빙스턴 발견 원주민 천둥 번개 동반 영원하다 연기 경배 대상 리빙스턴 폭포 영국 여왕 이름 빅토리아 폭포 명명하다 데블 스폭 메인 폭포 호스 폭포 레인보우 폭포 이스턴 폭포 이름 잔잔하다 잠베지 강물 1688 넓이 빅폭 108 힘차다 1분 55만 물이 깊다 120 낮다 70 폭포 1억 5천 지리학자 물의 양으로 이과수 차이 주변 편의점 입맛 정비 종합 평가 이과수 폭포 이과수 빅토리아 나이아가라 이중 나이아가라 예쁘다 모양 폭포 표현 백두산 폭포 폭포 리빙스턴 동상 남쪽 짐바브웨 동상 잠비아 동상 조잡하다 아침 리빙스턴 동상 기점 빅토리아 폭포 도보 관람 안개 자욱하다 물보라 작품 찍기 10 30 공항 아프리카 부국 남아공 요하네스버그 이집트 카이로 아프리카 최대 공항 도시 남아공 5일 요하네스 케이프타운 요하네스버그 미스티 힐스 컨트리 전혀 광활하다 지위 가깝다 형식 단층 건물 120 여개 객실 자연환경 숙소 정글 숲속 미로 거니 느낌 약도 식당 찾기 가기 달라 항의 오기 상식 남아공 노벨평화상 수상자 넬슨 만델라 만델라 1918 18 노벨상 수상 이듬해 대통령 당선 1994 남아공 평등선거 실시 최초 대통령 백인 정부 치하 반역죄 종신형 선고 복역 26년 1990년 2월 11일 만델라 대통령 당선 용서 화해 강조 흑인 공산주의 탄압 화형 잔악하다 방법 살인 행위 한자 진심 고백 사면 과거 청산 철저하다 도덕 실시 1994년 교민 초비상 사태 흑백 갈등 일촉즉발 내전 돌입 만반 대치 상태 위기 해결 만델라 백인 대표 최후 협상 테이블 마주 만델라 조건 분야 인지 25 인정 백인 기득권 약속 철저하다 만델라 위기 극복 전쟁 흑백 공존 남아공 5년 집권 비서 출신 음베키 1942 18 대통령 현재 10년 집권 남아공 국토 남한 면적 12 인구 4천 백만 파면 자원 부국 내륙 독립국 스와질랜드 강원도 면적 레소토 강원도 전남 면적 애국가 백인 통치 만델라 집권 주로 구성 아프리카 심장 역할 강력하다 라지 3700 하니 고루 수도 프레토리아 행정 케이프타운 입법 블룸폰테인 사법 대통령 평소 집무실 프레토리아 유니온 빌딩 국회 케이프타운 집무실 프레토리아 도중 아프리카 고민 거리 에이즈 남아공 인구 35 에이즈 환자 줄루족 후예 대부분 여자 보이프렌드 남자 걸프렌드 상식 유능하다 남자 10 가능하다 이혼 자식 여자 보호 남자 생활비 결혼 남자 여자 11 마리 예쁘다 여자 라면 15 마리 능력 남자 여러 명의 여자 느리다 18 나가야 선진 문명 사회인 에이즈 무섭다 흑인 별로 팔자 려니 명대 편하다 산다 남아공 통계 여타 흑인 국가 심각하다 짐작 대통령궁 유니온 빌딩 도중 전쟁 기념관 종교 독특하다 건물 황토색 벽돌 박물관 단단하다 백인 역사 네델란드 백인 최초 원주민 역사 시작 엄청나다 금맥 발견 영국인 전쟁 1899 1902 영국 식민지 독립국 영국 강력하다 식민지 배하 흔적 현재 남아 보어전쟁 남아공 네델란드 백인 보어전쟁 영국 렌스 공화국 오렌지 자유 4년 전쟁 지역 보석 발견 영국 자국 참정권 요구 거절 구실 싸움 시작 렌스 오렌지 유격전 영국 굴복 식민지 60 지속 시티 남아공 라스베가스 시티 간다 요하네스 미국 라스베가스 모방 시티 조그만 도시 16년 옛날 고도 문명 자랑 도시 지진 전설 토대 시티 그룹 재벌 흑인 부족 팔면 흑인 용인 50 일자리 원주민 여러 혜택 약속 야산 사서 도시 흑인 게으르다 무식하다 문제 야기 현재 의무 고용 조건 무효 채용 시험 합격 취업 시티 철저하다 도시 금요일 3일 동차 행열 요하네스 길다 주차장 방불 백인 의사 카지노 폐인 카지노 대형 극장 종합 오락 골프 코스 워터파크 아프리카 최고 매머드 리조트 동물상 호화롭다 장식품 구경 인공 파도 서핑 수영 수도 수영복 탈의실 불안하다 수영 포기 남아공 교민 3800 여명 성공하다 사업 사진관 가발 공업 도시 사진관 한국인 경영 사진관 사진관 잘못 실수 사진 누렇 대단하다 좋아하다 얼굴 실재 깨끗하다 흑인 엄청나다 시작 계속 작업 1억 송금 디카 보급 시작 매출 감소 8천 가능하다 가발 미국 성공하다 사업 한국인 기술 인기 곱다 흑인 가발 가발 재산 목록 포함 가치 흑인 가발 머리 감지 산다 가렵 냄새 심하다 래서 흑인 냄새 머리 종일 아프다 골드 리프 시티 금광 박물관 간다 남아공 생산 60 차지 생산 요하네스버그 일찍이 유명하다 도시 금맥 발견 금맥 발견 450 광산 폐광 박물관 놀이동산 관광 금광 박물관 골드 리프 시티 헬멧 지급 지하 250 갱도 폐광 작업 가능하다 분위기 지하 갱도 수직 승강기 층층 개미 깊이 1천 금강석 협궤 열차 분쇄 순금 기술 인력 갱도 작업실 덩이 금궤 실연 덩이 12 2억 6천만원 사진 16 00 케입타운 아침 7시 10분 식당 좌석 보이지 식당 바퀴 식당 분명 7시 의아 먼저 대부분 식당 뷔페 메뉴 입맛 냄새 음료수 항상 심심하다 수박 사과 과일 경우 그날 순간 현기증 영양실조 구름 안개 불순 마나 경우 수도 날씨 테이블 마운틴 먼저 간다 8시 30분 테이블마운틴 시작 버스 입구 회전 케이블카 아름답다 항구 도시 케이프타운 전경 다양하다 시야 1685년 어머니 도시 유럽인 노후 생활 희망 80 흑인 남아공 백인 수가 더반 남아공 항구 도시 전력 치안 상태 양호 시드니 나폴리 아름답다 도시 남극 5천 1875 높이 모진 바위 테이블 마운틴 케이프타운 뒤쪽 산이 정상 케이블카 설치 대서양 인도양 동시 전망 유명하다 평평하다 바닥 바윗돌 로만 오톨도톨하다 작다 나무 자갈 보통 야산 바닥 식물 종류 식물학자 전설 정해진 코스 바퀴 케이블카 점심 오후 희망봉 남쪽 육지 남단 희망봉 1488년 보손 로매 디아스 발견 이름 폭풍 희망 포르투갈 지시 바스코 가마 희망봉 높다 희망 등대 1860년 남쪽 낮다 봉우리 희망봉 모노레일 퍼니큘 중간 등대 희망봉 배경 증명사진 희망봉 고래 상어 고래 보통 길이 13 새끼 교미 새끼 새우 먹이 남극 간다 새끼 1일 우유 밀물 썰물 마을 공동 구제 상어 상어 물개 좋아하다 수영 물개 물개 농장 물개 간다 페루 스타 해안가 가깝다 낮다 바위 물개 해변 가의 모래사장 일광욕 페루 물개 비교 규모 물개 해구신 소주 노랗다 물이 우러나 비아그라 효과 샌드 비치 나체 한국인 부부 서양 부인 계속 기분 나쁘다 남자 얘기 나체 어색하다 가게 자꾸 시원하다 기분 수가 인간 도덕 수치심 철저하다 무장 본능 충실하다 오스 트리 타조 농장 타조 7500만 공룡 멸종 타조 가죽 악어 가죽 기고 영하 30 수놈 마리 암컷 마리 1일 교미 횟수 20 30회 점심 농장 저녁식사 한인 식당 된장찌개 백반 갈비 생선 맛있다 생일 간단하다 축하 파티 노래 박수 와인 간다 사라 암시 와인 가격 보지 와인 20 만점 모양 색깔 일정하다 색깔 10 와인 그거 수준 구별 제법 벌써 사서 포장 카드 달라 분도 와인 우리말 포도주 프랑스 가면 프랑스 최고 이탈리아 가면 최고 칠레 프랑스 최고 더니 남아공 최고 케이프타운 요하네스버그 2시간 귀국 요하네스버그 공항 가야 30 케이프타운 요하네스 공항 타이페이 공항 인천공항 귀국
아프리카,아프리카 아프다 라카 아프리카 박사학위 아프리카 직접 비감 킬리만자로 설산 육십 평생 마리 야생동물 마사이 마르다 국립공원 바람 소리 소리 빅토리아 폭포 웅장 하늘 소나기 물보라 국민학교 중학교 교과서 아프리카 지도 남단 이름 희망봉 아득하다 멀다 테이블 마운틴 키에프 타운 아름답다 풍경 밤하늘 자주 고향 외양간 황소 눈망울 무수 자주 참으로 저리 맑은 감회 힘드다 이제껏 리더 마디 얘기 적도 자칭 다르다 노처녀 대하 고객 매사 적극 친절하다 자세 선물 코뿔소 정성 아름답다 아프리카 킬리만자로 강우 아프리카 킬리만자로 도둑 소리 감고 세리 공원 보자기 그러하다 뜨겁다 아프리카 희다 백설 킬리만자로 숭고하다 하나님 킬리만자로 어깨 바벨탑 기도 킬리만자로 희다 단순하다 속수무책 고봉 어머니 희다 쌀밥 그릇 난생 바보
아프리카,아프리카 치타 2008 인천 홍콩 3시간 홍콩 요하네스버그 13시간 요하네스버그 4시간 비행 드뎌 나이로비 나이로비 공항 주변 동물 공항 동물 나이로비 카렌 브릭 박물관 아웃 오브 아프리카 기억 비디오 오래되다 비디오 박물관 남아 카렌 영화 메릴 스트립 아름답다 여인 보셀 게임 드라이브 기린 코끼리 구름 보셀 킬리만자로 깨끗하다 구름 높다 킬리만자로 아프리카 색깔 컬러풀 원색 향연 몹시 나꾸루 홍학 수도 펠리컨 제브라 코뿔소 나꾸루 평원 우회 길이 항상 마사이 남자 케냐 관련 해프닝 가끔 일어난다 거리 마사이 마르다 오후 나선 게임 드라이브 사자 오전 게임 드라이브 만난 치타 동작 환상 제브라 가젤 임펠 하이에나 비서 마사 이마 동물 왕국 파이브 표범 대신 레오파드 대신 치타 치타 미안 치타 사랑 마사이 마을 방문 사진 공식 허가 사진 싫어하다 허락 미안하다 마사이 마을 학교 방문 교실 풍경 소박하다 방명록 이름 기부 빅토리아 공항 소박하다 폭포 사진 공항 사진 잠베지 크루즈 평화롭다 잠베지강 조용하다 하마 악어 빅토리아 우의 필수 홈빡 폭포 안개 물보라 보마 저녁 악어 여러 고기 굼벵이 인증서 인증서 망고 1달러 맛있다 노변 달러 랜드 화가 친절하다 1달러 케냐 길가 옥수수 맛있다 차갑다 오기 멀다 옥수수 호차 옥수수 쾌청하다 테이블 마운틴 회전 케이블카 차지 전망 멋지다 바람 심하다 희망봉 대서양 인도양 물길 지점 워터 프론트 전경 뱃사람 보이지 항구 생기 가득 야외 무대 공연 마술사 깜짝 매직 개그 인파 즐겁다 아침 요하네스버그 홍콩 인천 좌석 항로 오늘밤 침대 붙이 평범하다 동작 행복 새삼 사진 아프리카 아프리카 먼지 그립다
아프리카,아프리카 어지간하다 아프리카 가야 년전 선택 인터넷 검색 여행지 만난 분과 통화 날짜 11월 19일 확정 폭포 빅토리아 11월 물이 시기 배낭여행 구해 상식 가방 나돈 제일 오라 가방 나야 빅토리아 상비 베낭 훌쩍 아프리카 결실 사파리 별루 기대 사파리 30 여종 동물 탄생 기쁨 모성애 동료 사랑 행복 마감 자연 아름답다 환상 얼룩말 방금 새끼 동료 주위 애워 사자 마리 마리 새끼 물가 숲속 편안하다 한쪽 나무 먹이 배속 독수리 포식 주먹 새끼 멧돼지 어미 동물 앙상하다 남아 마사이 마르다 사파리 탄생 죽음 넓다 넓다 초원 시원하다 바람 사파리 즐거움 멀다 행복 나쿠루 홍학 펠리칸 환호 환상 우쩨 포장 도로 달리 펑크 기분 고장 친구 안테나 안테나 차안 마냥 기쁨 만끽 어렵다 생기 아프리카 구름 서서히 킬로 자로 정상 키보 산도 아름답다 아프리카 마사이족 검은색 빨강 대비 멋지다 남아공 테이블마운틴 리지 맑은 날씨 대서 인도양 파도 겹겹 물결 폭포 수량 폭포 무지개 환상 질녁 조용하다 잠베지강 흥겹다 노래 반하다 선장 답곡 벅차오르다 가슴 주체 눈물 아마존 밀림 하룻밤 하늘 강가 가슴 글자 사랑 행복 기억 티벳 깃발 다가 언덕 잠베지강 폭로 물이 멋지다 아름답다 노을 가야 박종흥 15분 행동 건강하다 멋지다 기원 프로그램 관계자 발전 알차다 여행지 저렴하다 공급 기원 빅토리아 물이 남아공 보츠나 강사 파리 루트 개발 의견 여행지 먼저 검색 하리
아프리카,아프리카 15일 아프리카 11 19 12 탄생 기쁨 환희 모성애 우정 사랑 행복 자연 아름답다 금방 얼룩말 새끼 걸음 시도 장면 엉덩이 애기 보가 자녘 노을 배경 우아하다 기린 빅토리아 폭포 물이 사파리 환상 가야 이유 수량 풍부하다 폭포 보셀 피리 만난 노을 킬로 자로 키보 산도 여행지 최고 사자 마리 마리 새끼 홀라당 한쪽 나무 새끼 먹이 귀엽다 아름답다
아프리카,아프리카 아프리카 알보 았읍 5월 4일 15일 읍니 가물 가물 기억 새롭슴니 스케 다르다 자세하다
아프리카,생생하다 아프리카 아프리카 생생하다 금년 1월 남미 베스트 지역 다르다 즐거움 아프리카 기대
아프리카,미지 아프리카 마사이족
아프리카,미지 아프리카 자연 아프리카 나무
아프리카,아프리카 황열병 말라리아 예방 좋아하다 아빠 14 15일 장도 결심 과정 먼저 황열병 접종 국립의료원 10년 면역 주사 말라리아 접종 병원 처방 주전 황열병 주사 몸살 주일 말라리아 주일 1회 막상 케냐 짐바브웨 빅토리아 모기 중남미 가족 만남 인천공항 작년 중남미 가족 기쁨 축복 사전 약속 가족 행동 사진 촬영 즐거움 케냐 인천 홍콩 남아공 요하네스버그 케냐 나이로비 22시간 비행 22시간 비행 여행지 케냐 수도 마사이 찬물 나이로비 제일 먼저 즐겁다 영화 아웃 오브 아프리카 저자 카렌 브릭 생활 현재 박물관 사용 방문 길가 열대 꽃들이 아름답다 정원 예쁘다 사진촬영 영화 보셀 국립공원 케냐 탄자니아 국경도시 나망 킬리만자로 보셀 국립공원 동물 사파리 시작 시기 동물 탄자니아 시기 동물 기대하다 코뿔소 코끼리 버팔로 기린 그랜트가젤 동물 코끼리 정열 짝짓기 사랑 장면 용맹 스럽다 마사이 원주민 마을 10 방문 전사 생활 열악하다 환경 전통 아프리카 면목 킬리만자로 5895 미터 아름답다 기회 마사이족 킬리만자로 추장 이하 희다 머리 이웃 수많다 10 방문 궁금증 나쿠루 국립공원 보셀 나쿠루 국립공원 요철 심해 비포장도로 발생 먼지 오래되다 차량 매연 아름답다 자연 원주민 생활 마냥 즐겁다 사항 마스크 이유 매연 먼지 마스크 필요 나쿠르시 케냐 도시 나이로비 4시간 180 미터 소요 보셀 케냐 230 4시간 순탄 나쿠르 최대 홍학 풀라멩 서식지 나쿠르 호수 호수 금기 호수 수많다 홍학 장관 페리 홍학 동물 약육강식 버팔로 멧돼지 가젤 기린 동물 마사이 마르다 국립공원 아침 아빠 전투복 어제 먼지 서로 아침 마사이 마르다 국립공원 마사이 마사 이마 얼룩덜룩하다 소라 공원 면적 자그마치 제주도 크기 1800 평방 대단하다 광활하다 들판 시원하다 편안하다 소우 기철 길이 미끄럽다 운전 드라이버 운전 솜씨 신의 경지 도중 펑크 케냐 탄자니아 국경 국경 시멘트 기둥 표시 80년 악어 마르다 하마 아프리카 사파리 핵심 코스 끝없다 들판 동물 서식 무리다 마사이족 공존 아름답다 넓다 초원 마리 코끼리 가젤 얼룩말 타조 맹수 사자 치타 아빠 동물 동물원 정정 아빠 관경 동물원 동물 차원 다르다 저녁 먼지 세탁 목욕탕 빨래 황토 물이 빅토리아 폭포 빅토리아 폭포 빅토리아 폭포 베이지 크루즈 악어 하마 거리 점심 포도주 맥주 선원 춤판 즐겁다 잠비아 빅토리아 폭포 감상 폭포 원주민 오야 원주민 말로 천둥 연기 108 길이 1400 물의 폭포 물이 수증기 쌍무지개 지난 9월 절벽 물의 저녁 짐바브웨 보마 레스토랑 고기 버팔로 고기 타조고기 고기 저녁 여러 부족 감상 원주민 지목 무대 원주민 페이 스페인 무료 기념 촬영 목각 인형 저렴하다 가격 팔고 여행자 기념 서로 자랑 도하 이튼 잠바브웨쪽 폭포 감상 500년 바오 밤나무 기념 촬영 폭포 가까이 천둥 소리 가까이 어제 아름답다 무지개 수량 폭포 장관 폭포 발견 리빙스톤 동상 폭포 초입 양나라 서로 경쟁 1400 폭포 길이 한눈 폭포 구경 촬영 사진 원인 안개 비닐 카메라 보호 촬영 사용 카메라 렌즈 물방울 즐거움 원인 시티 프레토리아 요하네스버그 1979년 작다 라스베이거스 카지노 리조트 시티 시티 리스 오브 로스트 시티 도시 왕궁 묘사 여러 오락 기능 즐비하다 거리 관계 성황 이루 아름답다 정원 잔디 정돈 엔터테이먼트 워터파크 인공 조성 아름답다 남아공 행정 수도 프레토리아 부드 레커 기념관 부드레커 아프리칸스어 이민자 이민자 애환 대통령 정원 아름답다 케이프타운 요하네스버그 입법 수도 케이프타운 2시간 시작 1652년 상선 물자 보급 기지 워터프런트 남아공 경제 거리 악사 다리 대서양 눈앞 멀리 로빈 아일랜드 넬슨 만델라 대통령 27년 감옥 문화 유산 지정 도시 17 세기 동인도회사 보급 기지 남아공 시초 도시 스텔렌보쉬 바흐 너리 와인 농장 농장 타조 뜨겁다 햇빛 농약 농작물 10 물개 펭균 서식지 벤츠 리베 고급 백인 주택가 켐스 베이 를란 도지역 고급 주택지 베이 이란 선착장 물개 유명하다 도치 키섬 왕복 30분 자연 서식 물개 서로 몸매 자랑 바위 일광욕 관광도로 체프 드라이브 코스 누드 비치 모래사장 유명 폴스 베이 거짓말 볼더 비치 아프리카 카드 펭귄 가도 도망 펭귄 예쁘다 귀엽다 남파 마리 주민 현재 마리 고함 11 희망봉 케이프 포인트 등대 250 미터 후니 바람 심하다 불어 거기 희망봉 1488년 2월 3일 바돌로메 디아스 발견 워낙 바람 거세 폭풍 폭풍 포르투갈 통해 인도 항로 가게 희망 길다 300 여종 희귀 식물 강하다 바람 낮다 자세 자생 예쁘다 한쪽 대서양 한쪽 인도양 하니 감회 깊다 바닷물 푸른 12 테이블마운틴 아쉬움 케이프타운 테이블마운틴 1088 미터 맞이 그다음 바람 회전 케이블카 운행 아침 날씨 운행 차창 상상 공항
아프리카,아프리카 마사이 추장 신발
아프리카,아프리카 케이프타운 워터프론트 테이블마운틴 에두
아프리카,아프리카 베이지 하마
아프리카,아프리카 보셀 기념품 가게
아프리카,아프리카 마사이 원주민 어린이
아프리카,아프리카 나쿠루 얼룩말
아프리카,아프리카 빅토리아 폭포
아프리카,아프리카 홍콩 남아공 요하네스버그 요하네스버그 케냐 수도 나이로비 나이로비 하룻밤 별로 기억 전날 일부 아침 일찍 나이로비 질식 지독하다 매연 평생 먼지 뱃속 창자 모조리 꼬이다 아프다 덜커덩 거리 포장 낡다 일제 도요다 승합차 불평 기대 게임 드라이브 보셀 포장 도로 먼지 변하다 경치 별로 지루하다 시골 동구 느티나무 선인장 나무 신기하다 나무 조롱조롱 작다 새집 인상 간혹 붉다 체크 어설피 삐쩍 마르고 꼬지지 남루하다 마사이 마사이족 애나 어른 막대 나름 신용 차갑다 지그재그 요동 정거 차갑다 뻔하다 아찔하다 흑인 기사 타이어 펑크 차갑다 기사 먼지 식별 멍하니 드뎌 남정 여자 별수 속수무책 한심하다 기사 선두 꽁무니 먼지 달리 바람 박살 다해 인지 케냐 원망 스럽다 구원병 요청 아무렇다 고장 상상 죽지 점검 기사 피터 잘못 원망 타이어 교체 작업 먼지 구덩이 흑인 피터 고생 마사이 포함 남자 마무리 교체 타이어 가관 불안 바퀴 무늬 아예 뭉개지 케냐 현실 이해 한참 차갑다 오지 기색 안도 놀랜 가슴 다독 바람 여전하다 마르다 창밖 경치 겨울 즈음 기사 통역 왼쪽 하늘 구름 사이 빼꼬 만년설 가슴 막연하다 킬리만자로 희끄므레 조그맣다 창밖 하늘 목적지 보셀 사진 킬리만자로 수줍다 구름 만년설 우뚝 사방 광활하다 황량 넓다 지평선 시선 랄것 시야 온통 먼지 투성이 10월 건기 바람 집채 작다 마리 코끼리 넓다 무리 무리 몸집 작다 날씬하다 톰슨가젤 짤막하다 꼬랑지 바삐 경계 사방 딱하다 동물 왕국 내셔널 지오 그래픽 채널 통해 자주 장면 현실 얼룩말 탄력 넘치다 궁뎅 귀엽다 충동 절로 웃음 시커멓다 하이 애나 순간 어느새다 조용필 킬리만자로 표범 대목 입속 허밍 도저히 숫자 질서 묵묵하다 한바탕 먼지 달리 어리석다 바보 고개 약속 곤두박질 달리 우의 길다랗 세로 하얗다 수염 바람결 갈대 스럽다 사이 킬리만자로 오른쪽 하늘 가득하다 붉그스레 노을 마리 처절하다 내장 고개 시뻘겋다 주둥이 누런 송곳니 주위 위협 사자 사자 힘겹다 사자 잔인하다 비위 상한 웁스
아프리카,가을 하늘 아프리카 하늘 아프리카 지도 벌써 개월 청명 하늘 아프리카 정겨운 동물 대자연 아프리카 사랑 이지 아련하다 여운 음악 피부 빛깔 검다 속마음 순박하다 마사이족 여인 따스하다 발아 삐죽다 고개 야생화 미소 표현 리오 중남미 아프리카 가기 어렵다 이지 건강 경비 지역 풍토병 가보 아름답다 순수하다 인정미 넘치다 그립다 아프리카 사랑 아프리카
아프리카,아프리카 마사 마사이 마을 조그만 움막 여자 시집 먼저 문명 거부 남자 여자 손찌검 마을 추방 당하다 우리네 명사회 여자 비교
아프리카,아프리카 케냐 보셀 국립공원 수많다 얼룩말 저녁 장관
아프리카,아프리카 동물 다리 코끼리 발견 보셀 버펄로 영화 늑대 장면
아프리카,신나다 아프리카 개국 14 15일 아프리카 개국 15일 2006 아프리카 14 15일 잠비아 포함 벌써 나이 순이 인생 의미 나이 나이 멀다 멀다 어렵다 코스 아프리카 가기 결정 지난번 저렴하다 여기저기 경비 제일 저렴하다 관광지 비교 내용 사우스 아프리카 항공 아시아나 항공 마일리지 인정 아시아나 마일리지 적립 지난번 중남미 진가 구석 가격 저렴하다 소홀하다 우려 남아 지난번 긍정 내용 자세하다 아프리카 담당 직원 아프리카 필요하다 말라리아 예방 복용 황열병 예방접종 준비물 참여 나이 부부 확정 선택 참으로 안심 저렴하다 확신 한가지 걱정스럽다 항공 음식 비롯 여러 불편하다 기우 불과하다 탑승 기내 간단하다 사용 개인 용품 좌석 서비스 편안하다 내외 좌석 멀리 이산가족 나이 주어 기분 비행 불편하다 여행지 케냐 요하네스버그 나이로비 사랑 직원 케냐 관광 사파리 보셀 마사이 원주민 마을 마사이 마르다 국립공원 구경 드넓다 벌판 달리 얼룩 뿔말 영양 코끼리 기린 시선 광야 짐승 달리기 서기 사파리 게임 구경 오기 감탄사 절로 운전기사 한국어 외국인 영어 능통하다 은정 유창하다 통역 사파리 사진 자동차 주어 샷타 마음껏 사진 작가 마사이 마르다 사파리 관광 재치 빠르다 열의 운전기사 노력 표범 여러 마리 사자 뿔말 공격 시작 사자 가족 뿔말 미터 가까이 행운 뉴스 특종 취재 다양하다 야생동물 구경 노력 사랑 운전기사 깊이 풀라밍 서식지 쿠루 수천 마리 홍학 펠리칸 코뿔소 장관 홍학 멀리 날기 비행 연습 장면 홍학 왈츠 탄성 절로 사파리 기간 보이지 드넓다 벌판 일반 감흥 주어 참으로 인상 말라리아 예방 모기 어렵다 여건 다양하다 맛있다 식도락 마음껏 충분하다 사파리 울퉁불퉁하다 포장 도로 달리기 먼지 계속 힘드다 여정 자세하다 배려 즐겁다 흥분 가득 사파리 게임 기억 오래오래 남아 점수 200 짐바브웨 잠비아 천둥 번개 동반 영원하다 연기 웅장 빅토리아 폭포 세상 아름답다 확인 빅토리아 폭포 아름답다 쌍무지개 발걸음 사진기 샷타 마음속 즐겁다 아름답다 빅토리아 추억 무지개 남아프리카 공화국 만델라 대통령 생가 방문 검소 생활 지도자 도시 세운 아프리카 라스베가스 시티 웅장 남아프리카 공화국 아프리카 유럽 아름답다 착각 자연 경관 거리 깨끗하다 아름답다 조용하다 질서정연하다 부럽다 대서양 인도양 바다 희망봉 감격 높다 파도 물개 케이프 반도 국립공원 꼬마 펭귄 구경 추억 거리 충분하다 만족스럽다 아프리카 전통 캣츠 바베큐 저녁 만찬 악어 영양 타조고기 전통 치기 도취 소리 신나다 즐거움 만끽 해변 만난 가재 요리 입맛 음식 만족 전국 사교 장도 장군 은행 항상 국민 건강 약사 사진 미인 사진작가 젊다 잉꼬 부부 귀중하다 친교 재미 별미 은정 아프리카 나본 가운데 훌륭하다 어회 아프리카 역사 비롯 다양하다 식견 풍부하다 열의 대단하다 아프리카 대하 흡족 책임감 투철 청소 미비하다 지배인 청소 서서 깨끗하다 최고 한가지 시시콜콜하다 여행지 수도 두껍다 아프리카 덥다 인식 머리 얇다 춥다 여러 해프닝 아프리카 내용 만족 아프리카 덥다 후진 계기 아내 만족 선택 즐겁다 미소 아내 참으로 흐뭇하다 아내 만족 참으로 의미 만족 즐거움 은정 지면 통해 첫째 경비 저렴하다 둘째 편안하다 넷째 유능하다 보유 기쁨 만족 이웃 추천 아프리카 간다 주위 후진국 아프리카 아프리카 아름답다 색다르다 지인 아프리카 멀다 진수 간다 가격 저렴하다 알차다 중남미 아프리카 비교 절약 경비 계산 새롭다 종자 여유 자금 마련 기분 해외여행 간다 단연 가격 저렴하다 내용 충실하다 은정 라면 파이팅 이은정 파이팅
아프리카,아프리카 행시 궁금하다 무작정 아프리카 덥다 동남아 파트 복사 죄송하다 8월 아프리카 비용 적절하다 직접 학년 데리 소화 무리다 황열병 예방접종 필수 고민 말라리아 예방 주사 예방 부작용 고민 주위 아프리카 계시다 물어 여행가 예방 보구 주의 참고 말씀 주시 고맙다
아프리카,아프리카 궁금하다 8월 아프리카 비용 적절하다 직접 학년 데리 소화 무리다 황열병 예방접종 필수 고민 말라리아 예방 주사 예방 부작용 고민 주위 아프리카 계시다 물어 여행가 예방 보구 주의 참고 말씀 주시 고맙다
아프리카,내사 아프리카 3월 14일 28일 아프리카 남아공 짐바브웨 탄자니아 케냐 잠비아 인천 홍콩 4시간 홍콩 요하네스버그 13시간 밤잠 불편하다 곧바로 짐바브웨 2시간 빅토리아 폭포 길다 폭포 장엄하다 아름답다 무지개 푸르른 하늘 희다 희다 구름 브라질 아르헨티나 이과수폭포 탄성 요하네스버그 밤잠 시차 적응하다 황열병 예방주사 말라리아 후유증 비몽 도대체 피곤하다 머리 계속 아프다 평생 멀다 수가 4시간 케냐 수도 나이로비 6일 사파리 보셀 국립공원 킬리만자로 킬리만자로 헤밍웨이 은하수 잔디밭 별밤 지기 외항선 계시다 별자리 검다 비로드 하늘 남십자성 비롯 별자리 영원하다 잠도 자고 컨디션 완전하다 회복 열정 넘치다 새벽 6시 수영 아침 밥맛 꿀맛 마사이 마르다 국립공원 얼룩말 코끼리 사자 치타 이랜드 하이 애나 재칼 가젤 임팔라 나무 그늘 맛있다 도시락 닭고기 쫄깃하 맛있다 점심 참으로 낭만 저녁 광활하다 초원 해넘이 표현 감동 물결 가슴 벅차다 감격 감격 아프리카 대자연 맑다 싱그럽다 공기 여인 수영 모기 기후 공기 맑다 맑다 공기 맑다 피곤하다 거뜬하다 매연 심하다 사파리 7시간 음소 얼굴 가관 마스크 얼굴 가득 선글라스 모자 복면 강도 웃음보 절로 쿠르 국립공원 홍학 코뿔소 사자 사자 하마 표범 요하네스버그 날짜 빠르다 간다 초도 소중하다 소중하다 시티 관광 케이프타운 아름답다 물개 아프리카 팽귄 서식지 세차 기분 인도양 대서양 바람 남편 아들 이름 외치 오지 사랑 리하 아프리카 15일 감동 영원하다 추억 13분 혜리 14분 가족 솔직하다 저렴하다 가격 기우 불과하다 숙박 음식 만족하다 기대하다
아프리카,아프리카 노하우 최고 아름답다 아름답다 아프리카 감동 컷던 여운 남아 인지 추억 제사 됬슴니 저렴하다 페키 관광 어설품 기대 아프리카 미지 궁금증 더하다 시작 15일 아프리카 자연 동물 회사 사파리 여유 관광 스케줄 편안하다 인상 같슴니 날씨 쾌청하다 감동 가운데 남아공 요하네스버그 국제선 케냐 나이로비 리만 정상 탑승객 려고 조종사 항로 중앙 유리창 너머 정상 평생 녹지 싸인 눈부시다 평원 산악인 엄홍길 대장 보지 보통사람 정상 사파리 관광 아프리카 거리 가슴 감동 현장 있었슴니 동물 왕국 동물 먹이 초원 장관 장면 의심 실제 이지 한참 얼룩말 대장 경계 마르다 차례 차례 조심 조심 건너 환상 눈부심 학교 신기루 사막 진짜 신기 11 번의 끝없다 초원 포장 도로 얼굴 파우더 먼지 고생 기억 감동 자체 아름답다 시리다 남아공 어린왕자 사랑 바오밥 나무 아프리카 웅장 거대하다 빅토리아 폭포 동물의왕국 주인공 아름답다 매혹 미래 무궁무진 아프리카 재미 15 건강 기회 도전 기대하다
아프리카,아프리카 유화 란씨 파업 휴대 아프리카 주인 관리 소홀 15 일인 소식 어제 파업 혜리 사진 뒤늦다 아름답다 선수 한탄 유화 란씨 매사 긍정 말씀 리지 약방 감초 달콤하다 편안하다 여정 유화 혜리 도움 일일이 나그네 깊다 운명 만남 학수고대 사랑 평화 기원
아프리카,아프리카 빅토리아 폭포 모시 천둥 폭포 소리 지구 바퀴 2004년 10월 17일 안개 가슴속 그리움 피어 소리 발자취 그립다 눈물 무지개 그립다 그립다 폭포 순간 감동 감동 감동 자체 나선 보너스 보너스 보셀 밤하늘 초롱 초롱 이름 매혹 킬리만자로 만년설 코끼리 버팔로 사자 마사이 마르다 데이빗 리빙스턴 리조트 진흙 피부 예술인 하마 미소 악어 나쿠루 호수 환호성 우아하다 홍학 펠리칸 무리 코뿔소 날렵하다 임펠라 발레 불란서 식당 맛있다 요리 라거 프레토리아 보랏빛 나무 케이프타운 세차 서도 감미롭다 바람 아름답다 감동 가슴 벅차다 물개 평생 신사 펭귄 신비롭다 향기롭다 노랗다 바위 조화 마을 희망봉 퍼레이드 아름답다 귀하다 잔치 귀하다 향기 통해 성하다 잔치 성심 성의껏 인도 혜리 진심 유화
아프리카,아프리카 마사이 원주민 마을 방문
아프리카,아프리카 사자 러브 타임 사자 사랑 순간포착
아프리카,아프리카 아프리카
아프리카,아프리카 사진 이은미 음악
아프리카,아프리카 사진 사랑 영원하다
아프리카,아프리카
아프리카,러브 아프리카 분홍 플라밍고 아름답다 그립다
아프리카,아프리카 마사이 원주민 마을 방문
아프리카,탑승 60시간 버스 50시간 포장 30시간 아프리카 황열병 주사 말라리아 약도 대구 멋쟁이 아줌마 합세 성원 아프리카 상치 평생 버스 먼지 아프리카 나이로비 만난 아프리카 광활하다 10 차례 탑승 공원 끝없다 초원 뙤약볕 마르다 먼지 풍기 온종일 털털 거리 가기 험하다 포장 차앞 유유 산보 사자 얼룩말 버펄로 코뿔소 이름 수많다 종류 무리 눈앞 인간 동물 불과하다 왜소하다 교활하다 존재 광대하다 초원 말로 킬리만자로 위용 천지 조각 우뢰 소리 짐바브웨 빅토리아 폭포 장관 외롭다 표현 호수 만난 수십 수백만 마리 펠리칸 홍학 군무 경이 자체 잠비아 국경 베이지 불쑥 불쑥 동물 아프리카 맥주잔 크루즈 원주민 타조 멧돼지 영양 장작더미 야생 고기 바베큐 식도락 추억 인종 전시장 즉석 여정 취하 기도 보셀 국립공원 그림 환상 토굴 다름없다 컴컴하다 살림 풍습 고수 생활 유지 마사이족 생활 목격 수도 충격 가난 비참하다 케냐 오지 선교사 교회 부끄럽다 깊다 감동 남아프리카 공화국 전혀 딴판 아프리카 듯이 유럽 못지않다 세련되다 문명 아프리카 라스베가스 인공 극치 대륙 남단 영국 왕실 사우디 왕자 빌게이츠 별장 아름답다 인상 도시 에딘버러 짤스브르크 크라이스트 체코 프라하 바다 문명 매력 도시 도시 한가운데 높다 빌딩 꼭대기 선명하다 마크 발견 반갑다 도시 문화 유감 불과하다 심각하다 인종 갈등 못내 가슴 아프다 요하네스버그 백주 시내 복판 관광 안전 요원 동행 치안 불안하다 말라리아 에이즈 두운 척박하다 아프리카 비옥하다 기후 살기 천혜 대륙 교민 음식 숙소 14 15일 전혀 아쉬움 자연 경관 일관 피하 로움 지루하다 좀더 다양하다 프로그램 개발 구경 일변도 케냐 먼지 고약하다 매연 차량 시급하다 개선 자연 자연 일체 문명 감염 야성 대륙 아프리카 세상 희망봉 마침내 바다 물빛 파도 완연 대서양 인도양 접점 망망 감격 칠흑 별빛 맑은 교교하다 정적 천지 신비롭다 광막 초원 오버 진홍 누비 아프리카 검다 순박하다 눈빛 간난 평화롭다 예수님 눈빛 가슴 자꾸
아프리카,아프리카 기린 남아공 개인 사파리 베니 기린 요하네스 버그 장작 4시간
아프리카,아프리카 펭귄 케이프타운 펭귄 서식지
아프리카,아프리카 남단 희망봉 최고 최자 의미 남미 남단 가보리
아프리카,아프리카 홍학
아프리카,아프리카 페리 정겨운 구경
